"time","year","month","day"
1841-01-01,1841,"January",1
1841-01-08,1841,"January",8
1841-01-15,1841,"January",15
1841-01-22,1841,"January",22
1841-01-29,1841,"January",29
1841-02-01,1841,"February",5
1841-02-12,1841,"February",12
1841-02-19,1841,"February",19
1841-02-26,1841,"February",26
1841-03-01,1841,"March",5
1841-03-12,1841,"March",12
1841-03-19,1841,"March",19
1841-03-26,1841,"March",26
1841-04-01,1841,"April",2
1841-04-09,1841,"April",9
1841-04-16,1841,"April",16
1841-04-23,1841,"April",23
1841-04-30,1841,"April",30
1841-05-01,1841,"May",7
1841-05-14,1841,"May",14
1841-05-21,1841,"May",21
1841-05-28,1841,"May",28
1841-06-01,1841,"June",4
1841-06-11,1841,"June",11
1841-06-18,1841,"June",18
1841-06-25,1841,"June",25
1841-07-01,1841,"July",2
1841-07-09,1841,"July",9
1841-07-16,1841,"July",16
1841-07-23,1841,"July",23
1841-07-30,1841,"July",30
1841-08-01,1841,"August",6
1841-08-13,1841,"August",13
1841-08-20,1841,"August",20
1841-08-27,1841,"August",27
1841-09-01,1841,"September",3
1841-09-10,1841,"September",10
1841-09-17,1841,"September",17
1841-09-24,1841,"September",24
1841-10-01,1841,"October",1
1841-10-08,1841,"October",8
1841-10-15,1841,"October",15
1841-10-22,1841,"October",22
1841-10-29,1841,"October",29
1841-11-01,1841,"November",5
1841-11-12,1841,"November",12
1841-11-19,1841,"November",19
1841-11-26,1841,"November",26
1841-12-01,1841,"December",3
1841-12-10,1841,"December",10
1841-12-17,1841,"December",17
1841-12-24,1841,"December",24
1841-12-31,1841,"December",31
1842-01-01,1842,"January",7
1842-01-14,1842,"January",14
1842-01-21,1842,"January",21
1842-01-28,1842,"January",28
1842-02-01,1842,"February",4
1842-02-11,1842,"February",11
1842-02-18,1842,"February",18
1842-02-25,1842,"February",25
1842-03-01,1842,"March",4
1842-03-11,1842,"March",11
1842-03-18,1842,"March",18
1842-03-25,1842,"March",25
1842-04-01,1842,"April",1
1842-04-08,1842,"April",8
1842-04-15,1842,"April",15
1842-04-22,1842,"April",22
1842-04-29,1842,"April",29
1842-05-01,1842,"May",6
1842-05-13,1842,"May",13
1842-05-20,1842,"May",20
1842-05-27,1842,"May",27
1842-06-01,1842,"June",3
1842-06-10,1842,"June",10
1842-06-17,1842,"June",17
1842-06-24,1842,"June",24
1842-07-01,1842,"July",1
1842-07-08,1842,"July",8
1842-07-15,1842,"July",15
1842-07-22,1842,"July",22
1842-07-29,1842,"July",29
1842-08-01,1842,"August",5
1842-08-12,1842,"August",12
1842-08-19,1842,"August",19
1842-08-26,1842,"August",26
1842-09-01,1842,"September",2
1842-09-09,1842,"September",9
1842-09-16,1842,"September",16
1842-09-23,1842,"September",23
1842-09-30,1842,"September",30
1842-10-01,1842,"October",7
1842-10-14,1842,"October",14
1842-10-21,1842,"October",21
1842-10-28,1842,"October",28
1842-11-01,1842,"November",4
1842-11-11,1842,"November",11
1842-11-18,1842,"November",18
1842-11-25,1842,"November",25
1842-12-01,1842,"December",2
1842-12-09,1842,"December",9
1842-12-16,1842,"December",16
1842-12-23,1842,"December",23
1842-12-30,1842,"December",30
1843-01-01,1843,"January",6
1843-01-13,1843,"January",13
1843-01-20,1843,"January",20
1843-01-27,1843,"January",27
1843-02-01,1843,"February",3
1843-02-10,1843,"February",10
1843-02-17,1843,"February",17
1843-02-24,1843,"February",24
1843-03-01,1843,"March",3
1843-03-10,1843,"March",10
1843-03-17,1843,"March",17
1843-03-24,1843,"March",24
1843-03-31,1843,"March",31
1843-04-01,1843,"April",7
1843-04-14,1843,"April",14
1843-04-21,1843,"April",21
1843-04-28,1843,"April",28
1843-05-01,1843,"May",5
1843-05-12,1843,"May",12
1843-05-19,1843,"May",19
1843-05-26,1843,"May",26
1843-06-01,1843,"June",2
1843-06-09,1843,"June",9
1843-06-16,1843,"June",16
1843-06-23,1843,"June",23
1843-06-30,1843,"June",30
1843-07-01,1843,"July",7
1843-07-14,1843,"July",14
1843-07-21,1843,"July",21
1843-07-28,1843,"July",28
1843-08-01,1843,"August",4
1843-08-11,1843,"August",11
1843-08-18,1843,"August",18
1843-08-25,1843,"August",25
1843-09-01,1843,"September",1
1843-09-08,1843,"September",8
1843-09-15,1843,"September",15
1843-09-22,1843,"September",22
1843-09-29,1843,"September",29
1843-10-01,1843,"October",6
1843-10-13,1843,"October",13
1843-10-20,1843,"October",20
1843-10-27,1843,"October",27
1843-11-01,1843,"November",3
1843-11-10,1843,"November",10
1843-11-17,1843,"November",17
1843-11-24,1843,"November",24
1843-12-01,1843,"December",1
1843-12-08,1843,"December",8
1843-12-15,1843,"December",15
1843-12-22,1843,"December",22
1843-12-29,1843,"December",29
1844-01-01,1844,"January",5
1844-01-12,1844,"January",12
1844-01-19,1844,"January",19
1844-01-26,1844,"January",26
1844-02-01,1844,"February",2
1844-02-09,1844,"February",9
1844-02-16,1844,"February",16
1844-02-23,1844,"February",23
1844-03-01,1844,"March",1
1844-03-08,1844,"March",8
1844-03-15,1844,"March",15
1844-03-22,1844,"March",22
1844-03-29,1844,"March",29
1844-04-01,1844,"April",5
1844-04-12,1844,"April",12
1844-04-19,1844,"April",19
1844-04-26,1844,"April",26
1844-05-01,1844,"May",3
1844-05-10,1844,"May",10
1844-05-17,1844,"May",17
1844-05-24,1844,"May",24
1844-05-31,1844,"May",31
1844-06-01,1844,"June",7
1844-06-14,1844,"June",14
1844-06-21,1844,"June",21
1844-06-28,1844,"June",28
1844-07-01,1844,"July",5
1844-07-12,1844,"July",12
1844-07-19,1844,"July",19
1844-07-26,1844,"July",26
1844-08-01,1844,"August",2
1844-08-09,1844,"August",9
1844-08-16,1844,"August",16
1844-08-23,1844,"August",23
1844-08-30,1844,"August",30
1844-09-01,1844,"September",6
1844-09-13,1844,"September",13
1844-09-20,1844,"September",20
1844-09-27,1844,"September",27
1844-10-01,1844,"October",4
1844-10-11,1844,"October",11
1844-10-18,1844,"October",18
1844-10-25,1844,"October",25
1844-11-01,1844,"November",1
1844-11-08,1844,"November",8
1844-11-15,1844,"November",15
1844-11-22,1844,"November",22
1844-11-29,1844,"November",29
1844-12-01,1844,"December",6
1844-12-13,1844,"December",13
1844-12-20,1844,"December",20
1844-12-27,1844,"December",27
1845-01-01,1845,"January",3
1845-01-10,1845,"January",10
1845-01-17,1845,"January",17
1845-01-24,1845,"January",24
1845-01-31,1845,"January",31
1845-02-01,1845,"February",7
1845-02-14,1845,"February",14
1845-02-21,1845,"February",21
1845-02-28,1845,"February",28
1845-03-01,1845,"March",7
1845-03-14,1845,"March",14
1845-03-21,1845,"March",21
1845-03-28,1845,"March",28
1845-04-01,1845,"April",4
1845-04-11,1845,"April",11
1845-04-18,1845,"April",18
1845-04-25,1845,"April",25
1845-05-01,1845,"May",2
1845-05-09,1845,"May",9
1845-05-16,1845,"May",16
1845-05-23,1845,"May",23
1845-05-30,1845,"May",30
1845-06-01,1845,"June",6
1845-06-13,1845,"June",13
1845-06-20,1845,"June",20
1845-06-27,1845,"June",27
1845-07-01,1845,"July",4
1845-07-11,1845,"July",11
1845-07-18,1845,"July",18
1845-07-25,1845,"July",25
1845-08-01,1845,"August",1
1845-08-08,1845,"August",8
1845-08-15,1845,"August",15
1845-08-22,1845,"August",22
1845-08-29,1845,"August",29
1845-09-01,1845,"September",5
1845-09-12,1845,"September",12
1845-09-19,1845,"September",19
1845-09-26,1845,"September",26
1845-10-01,1845,"October",3
1845-10-10,1845,"October",10
1845-10-17,1845,"October",17
1845-10-24,1845,"October",24
1845-10-31,1845,"October",31
1845-11-01,1845,"November",7
1845-11-14,1845,"November",14
1845-11-21,1845,"November",21
1845-11-28,1845,"November",28
1845-12-01,1845,"December",5
1845-12-12,1845,"December",12
1845-12-19,1845,"December",19
1845-12-26,1845,"December",26
1846-01-01,1846,"January",2
1846-01-09,1846,"January",9
1846-01-16,1846,"January",16
1846-01-23,1846,"January",23
1846-01-30,1846,"January",30
1846-02-01,1846,"February",6
1846-02-13,1846,"February",13
1846-02-20,1846,"February",20
1846-02-27,1846,"February",27
1846-03-01,1846,"March",6
1846-03-13,1846,"March",13
1846-03-20,1846,"March",20
1846-03-27,1846,"March",27
1846-04-01,1846,"April",3
1846-04-10,1846,"April",10
1846-04-17,1846,"April",17
1846-04-24,1846,"April",24
1846-05-01,1846,"May",1
1846-05-08,1846,"May",8
1846-05-15,1846,"May",15
1846-05-22,1846,"May",22
1846-05-29,1846,"May",29
1846-06-01,1846,"June",5
1846-06-12,1846,"June",12
1846-06-19,1846,"June",19
1846-06-26,1846,"June",26
1846-07-01,1846,"July",3
1846-07-10,1846,"July",10
1846-07-17,1846,"July",17
1846-07-24,1846,"July",24
1846-07-31,1846,"July",31
1846-08-01,1846,"August",7
1846-08-14,1846,"August",14
1846-08-21,1846,"August",21
1846-08-28,1846,"August",28
1846-09-01,1846,"September",4
1846-09-11,1846,"September",11
1846-09-18,1846,"September",18
1846-09-25,1846,"September",25
1846-10-01,1846,"October",2
1846-10-09,1846,"October",9
1846-10-16,1846,"October",16
1846-10-23,1846,"October",23
1846-10-30,1846,"October",30
1846-11-01,1846,"November",6
1846-11-13,1846,"November",13
1846-11-20,1846,"November",20
1846-11-27,1846,"November",27
1846-12-01,1846,"December",4
1846-12-11,1846,"December",11
1846-12-18,1846,"December",18
1846-12-25,1846,"December",25
1847-01-01,1847,"January",1
1847-01-08,1847,"January",8
1847-01-15,1847,"January",15
1847-01-22,1847,"January",22
1847-01-29,1847,"January",29
1847-02-01,1847,"February",5
1847-02-12,1847,"February",12
1847-02-19,1847,"February",19
1847-02-26,1847,"February",26
1847-03-01,1847,"March",5
1847-03-12,1847,"March",12
1847-03-19,1847,"March",19
1847-03-26,1847,"March",26
1847-04-01,1847,"April",2
1847-04-09,1847,"April",9
1847-04-16,1847,"April",16
1847-04-23,1847,"April",23
1847-04-30,1847,"April",30
1847-05-01,1847,"May",7
1847-05-14,1847,"May",14
1847-05-21,1847,"May",21
1847-05-28,1847,"May",28
1847-06-01,1847,"June",4
1847-06-11,1847,"June",11
1847-06-18,1847,"June",18
1847-06-25,1847,"June",25
1847-07-01,1847,"July",2
1847-07-09,1847,"July",9
1847-07-16,1847,"July",16
1847-07-23,1847,"July",23
1847-07-30,1847,"July",30
1847-08-01,1847,"August",6
1847-08-13,1847,"August",13
1847-08-20,1847,"August",20
1847-08-27,1847,"August",27
1847-09-01,1847,"September",3
1847-09-10,1847,"September",10
1847-09-17,1847,"September",17
1847-09-24,1847,"September",24
1847-10-01,1847,"October",1
1847-10-08,1847,"October",8
1847-10-15,1847,"October",15
1847-10-22,1847,"October",22
1847-10-29,1847,"October",29
1847-11-01,1847,"November",5
1847-11-12,1847,"November",12
1847-11-19,1847,"November",19
1847-11-26,1847,"November",26
1847-12-01,1847,"December",3
1847-12-10,1847,"December",10
1847-12-17,1847,"December",17
1847-12-24,1847,"December",24
1847-12-31,1847,"December",31
1848-01-01,1848,"January",7
1848-01-14,1848,"January",14
1848-01-21,1848,"January",21
1848-01-28,1848,"January",28
1848-02-01,1848,"February",4
1848-02-11,1848,"February",11
1848-02-18,1848,"February",18
1848-02-25,1848,"February",25
1848-03-01,1848,"March",3
1848-03-10,1848,"March",10
1848-03-17,1848,"March",17
1848-03-24,1848,"March",24
1848-03-31,1848,"March",31
1848-04-01,1848,"April",7
1848-04-14,1848,"April",14
1848-04-21,1848,"April",21
1848-04-28,1848,"April",28
1848-05-01,1848,"May",5
1848-05-12,1848,"May",12
1848-05-19,1848,"May",19
1848-05-26,1848,"May",26
1848-06-01,1848,"June",2
1848-06-09,1848,"June",9
1848-06-16,1848,"June",16
1848-06-23,1848,"June",23
1848-06-30,1848,"June",30
1848-07-01,1848,"July",7
1848-07-14,1848,"July",14
1848-07-21,1848,"July",21
1848-07-28,1848,"July",28
1848-08-01,1848,"August",4
1848-08-11,1848,"August",11
1848-08-18,1848,"August",18
1848-08-25,1848,"August",25
1848-09-01,1848,"September",1
1848-09-08,1848,"September",8
1848-09-15,1848,"September",15
1848-09-22,1848,"September",22
1848-09-29,1848,"September",29
1848-10-01,1848,"October",6
1848-10-13,1848,"October",13
1848-10-20,1848,"October",20
1848-10-27,1848,"October",27
1848-11-01,1848,"November",3
1848-11-10,1848,"November",10
1848-11-17,1848,"November",17
1848-11-24,1848,"November",24
1848-12-01,1848,"December",1
1848-12-08,1848,"December",8
1848-12-15,1848,"December",15
1848-12-22,1848,"December",22
1848-12-29,1848,"December",29
1849-01-01,1849,"January",5
1849-01-12,1849,"January",12
1849-01-19,1849,"January",19
1849-01-26,1849,"January",26
1849-02-01,1849,"February",2
1849-02-09,1849,"February",9
1849-02-16,1849,"February",16
1849-02-23,1849,"February",23
1849-03-01,1849,"March",2
1849-03-09,1849,"March",9
1849-03-16,1849,"March",16
1849-03-23,1849,"March",23
1849-03-30,1849,"March",30
1849-04-01,1849,"April",6
1849-04-13,1849,"April",13
1849-04-20,1849,"April",20
1849-04-27,1849,"April",27
1849-05-01,1849,"May",4
1849-05-11,1849,"May",11
1849-05-18,1849,"May",18
1849-05-25,1849,"May",25
1849-06-01,1849,"June",1
1849-06-08,1849,"June",8
1849-06-15,1849,"June",15
1849-06-22,1849,"June",22
1849-06-29,1849,"June",29
1849-07-01,1849,"July",6
1849-07-13,1849,"July",13
1849-07-20,1849,"July",20
1849-07-27,1849,"July",27
1849-08-01,1849,"August",3
1849-08-10,1849,"August",10
1849-08-17,1849,"August",17
1849-08-24,1849,"August",24
1849-08-31,1849,"August",31
1849-09-01,1849,"September",7
1849-09-14,1849,"September",14
1849-09-21,1849,"September",21
1849-09-28,1849,"September",28
1849-10-01,1849,"October",5
1849-10-12,1849,"October",12
1849-10-19,1849,"October",19
1849-10-26,1849,"October",26
1849-11-01,1849,"November",2
1849-11-09,1849,"November",9
1849-11-16,1849,"November",16
1849-11-23,1849,"November",23
1849-11-30,1849,"November",30
1849-12-01,1849,"December",7
1849-12-14,1849,"December",14
1849-12-21,1849,"December",21
1849-12-28,1849,"December",28
1850-01-01,1850,"January",4
1850-01-11,1850,"January",11
1850-01-18,1850,"January",18
1850-01-25,1850,"January",25
1850-02-01,1850,"February",1
1850-02-08,1850,"February",8
1850-02-15,1850,"February",15
1850-02-22,1850,"February",22
1850-03-01,1850,"March",1
1850-03-08,1850,"March",8
1850-03-15,1850,"March",15
1850-03-22,1850,"March",22
1850-03-29,1850,"March",29
1850-04-01,1850,"April",5
1850-04-12,1850,"April",12
1850-04-19,1850,"April",19
1850-04-26,1850,"April",26
1850-05-01,1850,"May",3
1850-05-10,1850,"May",10
1850-05-17,1850,"May",17
1850-05-24,1850,"May",24
1850-05-31,1850,"May",31
1850-06-01,1850,"June",7
1850-06-14,1850,"June",14
1850-06-21,1850,"June",21
1850-06-28,1850,"June",28
1850-07-01,1850,"July",5
1850-07-12,1850,"July",12
1850-07-19,1850,"July",19
1850-07-26,1850,"July",26
1850-08-01,1850,"August",2
1850-08-09,1850,"August",9
1850-08-16,1850,"August",16
1850-08-23,1850,"August",23
1850-08-30,1850,"August",30
1850-09-01,1850,"September",6
1850-09-13,1850,"September",13
1850-09-20,1850,"September",20
1850-09-27,1850,"September",27
1850-10-01,1850,"October",4
1850-10-11,1850,"October",11
1850-10-18,1850,"October",18
1850-10-25,1850,"October",25
1850-11-01,1850,"November",1
1850-11-08,1850,"November",8
1850-11-15,1850,"November",15
1850-11-22,1850,"November",22
1850-11-29,1850,"November",29
1850-12-01,1850,"December",6
1850-12-13,1850,"December",13
1850-12-20,1850,"December",20
1850-12-27,1850,"December",27
1851-01-01,1851,"January",3
1851-01-10,1851,"January",10
1851-01-17,1851,"January",17
1851-01-24,1851,"January",24
1851-01-31,1851,"January",31
1851-02-01,1851,"February",7
1851-02-14,1851,"February",14
1851-02-21,1851,"February",21
1851-02-28,1851,"February",28
1851-03-01,1851,"March",7
1851-03-14,1851,"March",14
1851-03-21,1851,"March",21
1851-03-28,1851,"March",28
1851-04-01,1851,"April",4
1851-04-11,1851,"April",11
1851-04-18,1851,"April",18
1851-04-25,1851,"April",25
1851-05-01,1851,"May",2
1851-05-09,1851,"May",9
1851-05-16,1851,"May",16
1851-05-23,1851,"May",23
1851-05-30,1851,"May",30
1851-06-01,1851,"June",6
1851-06-13,1851,"June",13
1851-06-20,1851,"June",20
1851-06-27,1851,"June",27
1851-07-01,1851,"July",4
1851-07-11,1851,"July",11
1851-07-18,1851,"July",18
1851-07-25,1851,"July",25
1851-08-01,1851,"August",1
1851-08-08,1851,"August",8
1851-08-15,1851,"August",15
1851-08-22,1851,"August",22
1851-08-29,1851,"August",29
1851-09-01,1851,"September",5
1851-09-12,1851,"September",12
1851-09-19,1851,"September",19
1851-09-26,1851,"September",26
1851-10-01,1851,"October",3
1851-10-10,1851,"October",10
1851-10-17,1851,"October",17
1851-10-24,1851,"October",24
1851-10-31,1851,"October",31
1851-11-01,1851,"November",7
1851-11-14,1851,"November",14
1851-11-21,1851,"November",21
1851-11-28,1851,"November",28
1851-12-01,1851,"December",5
1851-12-12,1851,"December",12
1851-12-19,1851,"December",19
1851-12-26,1851,"December",26
1852-01-01,1852,"January",2
1852-01-09,1852,"January",9
1852-01-16,1852,"January",16
1852-01-23,1852,"January",23
1852-01-30,1852,"January",30
1852-02-01,1852,"February",6
1852-02-13,1852,"February",13
1852-02-20,1852,"February",20
1852-02-27,1852,"February",27
1852-03-01,1852,"March",5
1852-03-12,1852,"March",12
1852-03-19,1852,"March",19
1852-03-26,1852,"March",26
1852-04-01,1852,"April",2
1852-04-09,1852,"April",9
1852-04-16,1852,"April",16
1852-04-23,1852,"April",23
1852-04-30,1852,"April",30
1852-05-01,1852,"May",7
1852-05-14,1852,"May",14
1852-05-21,1852,"May",21
1852-05-28,1852,"May",28
1852-06-01,1852,"June",4
1852-06-11,1852,"June",11
1852-06-18,1852,"June",18
1852-06-25,1852,"June",25
1852-07-01,1852,"July",2
1852-07-09,1852,"July",9
1852-07-16,1852,"July",16
1852-07-23,1852,"July",23
1852-07-30,1852,"July",30
1852-08-01,1852,"August",6
1852-08-13,1852,"August",13
1852-08-20,1852,"August",20
1852-08-27,1852,"August",27
1852-09-01,1852,"September",3
1852-09-10,1852,"September",10
1852-09-17,1852,"September",17
1852-09-24,1852,"September",24
1852-10-01,1852,"October",1
1852-10-08,1852,"October",8
1852-10-15,1852,"October",15
1852-10-22,1852,"October",22
1852-10-29,1852,"October",29
1852-11-01,1852,"November",5
1852-11-12,1852,"November",12
1852-11-19,1852,"November",19
1852-11-26,1852,"November",26
1852-12-01,1852,"December",3
1852-12-10,1852,"December",10
1852-12-17,1852,"December",17
1852-12-24,1852,"December",24
1852-12-31,1852,"December",31
1853-01-01,1853,"January",7
1853-01-14,1853,"January",14
1853-01-21,1853,"January",21
1853-01-28,1853,"January",28
1853-02-01,1853,"February",4
1853-02-11,1853,"February",11
1853-02-18,1853,"February",18
1853-02-25,1853,"February",25
1853-03-01,1853,"March",4
1853-03-11,1853,"March",11
1853-03-18,1853,"March",18
1853-03-25,1853,"March",25
1853-04-01,1853,"April",1
1853-04-08,1853,"April",8
1853-04-15,1853,"April",15
1853-04-22,1853,"April",22
1853-04-29,1853,"April",29
1853-05-01,1853,"May",6
1853-05-13,1853,"May",13
1853-05-20,1853,"May",20
1853-05-27,1853,"May",27
1853-06-01,1853,"June",3
1853-06-10,1853,"June",10
1853-06-17,1853,"June",17
1853-06-24,1853,"June",24
1853-07-01,1853,"July",1
1853-07-08,1853,"July",8
1853-07-15,1853,"July",15
1853-07-22,1853,"July",22
1853-07-29,1853,"July",29
1853-08-01,1853,"August",5
1853-08-12,1853,"August",12
1853-08-19,1853,"August",19
1853-08-26,1853,"August",26
1853-09-01,1853,"September",2
1853-09-09,1853,"September",9
1853-09-16,1853,"September",16
1853-09-23,1853,"September",23
1853-09-30,1853,"September",30
1853-10-01,1853,"October",7
1853-10-14,1853,"October",14
1853-10-21,1853,"October",21
1853-10-28,1853,"October",28
1853-11-01,1853,"November",4
1853-11-11,1853,"November",11
1853-11-18,1853,"November",18
1853-11-25,1853,"November",25
1853-12-01,1853,"December",2
1853-12-09,1853,"December",9
1853-12-16,1853,"December",16
1853-12-23,1853,"December",23
1853-12-30,1853,"December",30
1854-01-01,1854,"January",6
1854-01-13,1854,"January",13
1854-01-20,1854,"January",20
1854-01-27,1854,"January",27
1854-02-01,1854,"February",3
1854-02-10,1854,"February",10
1854-02-17,1854,"February",17
1854-02-24,1854,"February",24
1854-03-01,1854,"March",3
1854-03-10,1854,"March",10
1854-03-17,1854,"March",17
1854-03-24,1854,"March",24
1854-03-31,1854,"March",31
1854-04-01,1854,"April",7
1854-04-14,1854,"April",14
1854-04-21,1854,"April",21
1854-04-28,1854,"April",28
1854-05-01,1854,"May",5
1854-05-12,1854,"May",12
1854-05-19,1854,"May",19
1854-05-26,1854,"May",26
1854-06-01,1854,"June",2
1854-06-09,1854,"June",9
1854-06-16,1854,"June",16
1854-06-23,1854,"June",23
1854-06-30,1854,"June",30
1854-07-01,1854,"July",7
1854-07-14,1854,"July",14
1854-07-21,1854,"July",21
1854-07-28,1854,"July",28
1854-08-01,1854,"August",4
1854-08-11,1854,"August",11
1854-08-18,1854,"August",18
1854-08-25,1854,"August",25
1854-09-01,1854,"September",1
1854-09-08,1854,"September",8
1854-09-15,1854,"September",15
1854-09-22,1854,"September",22
1854-09-29,1854,"September",29
1854-10-01,1854,"October",6
1854-10-13,1854,"October",13
1854-10-20,1854,"October",20
1854-10-27,1854,"October",27
1854-11-01,1854,"November",3
1854-11-10,1854,"November",10
1854-11-17,1854,"November",17
1854-11-24,1854,"November",24
1854-12-01,1854,"December",1
1854-12-08,1854,"December",8
1854-12-15,1854,"December",15
1854-12-22,1854,"December",22
1854-12-29,1854,"December",29
1855-01-01,1855,"January",5
1855-01-12,1855,"January",12
1855-01-19,1855,"January",19
1855-01-26,1855,"January",26
1855-02-01,1855,"February",2
1855-02-09,1855,"February",9
1855-02-16,1855,"February",16
1855-02-23,1855,"February",23
1855-03-01,1855,"March",2
1855-03-09,1855,"March",9
1855-03-16,1855,"March",16
1855-03-23,1855,"March",23
1855-03-30,1855,"March",30
1855-04-01,1855,"April",6
1855-04-13,1855,"April",13
1855-04-20,1855,"April",20
1855-04-27,1855,"April",27
1855-05-01,1855,"May",4
1855-05-11,1855,"May",11
1855-05-18,1855,"May",18
1855-05-25,1855,"May",25
1855-06-01,1855,"June",1
1855-06-08,1855,"June",8
1855-06-15,1855,"June",15
1855-06-22,1855,"June",22
1855-06-29,1855,"June",29
1855-07-01,1855,"July",6
1855-07-13,1855,"July",13
1855-07-20,1855,"July",20
1855-07-27,1855,"July",27
1855-08-01,1855,"August",3
1855-08-10,1855,"August",10
1855-08-17,1855,"August",17
1855-08-24,1855,"August",24
1855-08-31,1855,"August",31
1855-09-01,1855,"September",7
1855-09-14,1855,"September",14
1855-09-21,1855,"September",21
1855-09-28,1855,"September",28
1855-10-01,1855,"October",5
1855-10-12,1855,"October",12
1855-10-19,1855,"October",19
1855-10-26,1855,"October",26
1855-11-01,1855,"November",2
1855-11-09,1855,"November",9
1855-11-16,1855,"November",16
1855-11-23,1855,"November",23
1855-11-30,1855,"November",30
1855-12-01,1855,"December",7
1855-12-14,1855,"December",14
1855-12-21,1855,"December",21
1855-12-28,1855,"December",28
1856-01-01,1856,"January",4
1856-01-11,1856,"January",11
1856-01-18,1856,"January",18
1856-01-25,1856,"January",25
1856-02-01,1856,"February",1
1856-02-08,1856,"February",8
1856-02-15,1856,"February",15
1856-02-22,1856,"February",22
1856-02-29,1856,"February",29
1856-03-01,1856,"March",7
1856-03-14,1856,"March",14
1856-03-21,1856,"March",21
1856-03-28,1856,"March",28
1856-04-01,1856,"April",4
1856-04-11,1856,"April",11
1856-04-18,1856,"April",18
1856-04-25,1856,"April",25
1856-05-01,1856,"May",2
1856-05-09,1856,"May",9
1856-05-16,1856,"May",16
1856-05-23,1856,"May",23
1856-05-30,1856,"May",30
1856-06-01,1856,"June",6
1856-06-13,1856,"June",13
1856-06-20,1856,"June",20
1856-06-27,1856,"June",27
1856-07-01,1856,"July",4
1856-07-11,1856,"July",11
1856-07-18,1856,"July",18
1856-07-25,1856,"July",25
1856-08-01,1856,"August",1
1856-08-08,1856,"August",8
1856-08-15,1856,"August",15
1856-08-22,1856,"August",22
1856-08-29,1856,"August",29
1856-09-01,1856,"September",5
1856-09-12,1856,"September",12
1856-09-19,1856,"September",19
1856-09-26,1856,"September",26
1856-10-01,1856,"October",3
1856-10-10,1856,"October",10
1856-10-17,1856,"October",17
1856-10-24,1856,"October",24
1856-10-31,1856,"October",31
1856-11-01,1856,"November",7
1856-11-14,1856,"November",14
1856-11-21,1856,"November",21
1856-11-28,1856,"November",28
1856-12-01,1856,"December",5
1856-12-12,1856,"December",12
1856-12-19,1856,"December",19
1856-12-26,1856,"December",26
1857-01-01,1857,"January",2
1857-01-09,1857,"January",9
1857-01-16,1857,"January",16
1857-01-23,1857,"January",23
1857-01-30,1857,"January",30
1857-02-01,1857,"February",6
1857-02-13,1857,"February",13
1857-02-20,1857,"February",20
1857-02-27,1857,"February",27
1857-03-01,1857,"March",6
1857-03-13,1857,"March",13
1857-03-20,1857,"March",20
1857-03-27,1857,"March",27
1857-04-01,1857,"April",3
1857-04-10,1857,"April",10
1857-04-17,1857,"April",17
1857-04-24,1857,"April",24
1857-05-01,1857,"May",1
1857-05-08,1857,"May",8
1857-05-15,1857,"May",15
1857-05-22,1857,"May",22
1857-05-29,1857,"May",29
1857-06-01,1857,"June",5
1857-06-12,1857,"June",12
1857-06-19,1857,"June",19
1857-06-26,1857,"June",26
1857-07-01,1857,"July",3
1857-07-10,1857,"July",10
1857-07-17,1857,"July",17
1857-07-24,1857,"July",24
1857-07-31,1857,"July",31
1857-08-01,1857,"August",7
1857-08-14,1857,"August",14
1857-08-21,1857,"August",21
1857-08-28,1857,"August",28
1857-09-01,1857,"September",4
1857-09-11,1857,"September",11
1857-09-18,1857,"September",18
1857-09-25,1857,"September",25
1857-10-01,1857,"October",2
1857-10-09,1857,"October",9
1857-10-16,1857,"October",16
1857-10-23,1857,"October",23
1857-10-30,1857,"October",30
1857-11-01,1857,"November",6
1857-11-13,1857,"November",13
1857-11-20,1857,"November",20
1857-11-27,1857,"November",27
1857-12-01,1857,"December",4
1857-12-11,1857,"December",11
1857-12-18,1857,"December",18
1857-12-25,1857,"December",25
1858-01-01,1858,"January",1
1858-01-08,1858,"January",8
1858-01-15,1858,"January",15
1858-01-22,1858,"January",22
1858-01-29,1858,"January",29
1858-02-01,1858,"February",5
1858-02-12,1858,"February",12
1858-02-19,1858,"February",19
1858-02-26,1858,"February",26
1858-03-01,1858,"March",5
1858-03-12,1858,"March",12
1858-03-19,1858,"March",19
1858-03-26,1858,"March",26
1858-04-01,1858,"April",2
1858-04-09,1858,"April",9
1858-04-16,1858,"April",16
1858-04-23,1858,"April",23
1858-04-30,1858,"April",30
1858-05-01,1858,"May",7
1858-05-14,1858,"May",14
1858-05-21,1858,"May",21
1858-05-28,1858,"May",28
1858-06-01,1858,"June",4
1858-06-11,1858,"June",11
1858-06-18,1858,"June",18
1858-06-25,1858,"June",25
1858-07-01,1858,"July",2
1858-07-09,1858,"July",9
1858-07-16,1858,"July",16
1858-07-23,1858,"July",23
1858-07-30,1858,"July",30
1858-08-01,1858,"August",6
1858-08-13,1858,"August",13
1858-08-20,1858,"August",20
1858-08-27,1858,"August",27
1858-09-01,1858,"September",3
1858-09-10,1858,"September",10
1858-09-17,1858,"September",17
1858-09-24,1858,"September",24
1858-10-01,1858,"October",1
1858-10-08,1858,"October",8
1858-10-15,1858,"October",15
1858-10-22,1858,"October",22
1858-10-29,1858,"October",29
1858-11-01,1858,"November",5
1858-11-12,1858,"November",12
1858-11-19,1858,"November",19
1858-11-26,1858,"November",26
1858-12-01,1858,"December",3
1858-12-10,1858,"December",10
1858-12-17,1858,"December",17
1858-12-24,1858,"December",24
1858-12-31,1858,"December",31
1859-01-01,1859,"January",7
1859-01-14,1859,"January",14
1859-01-21,1859,"January",21
1859-01-28,1859,"January",28
1859-02-01,1859,"February",4
1859-02-11,1859,"February",11
1859-02-18,1859,"February",18
1859-02-25,1859,"February",25
1859-03-01,1859,"March",4
1859-03-11,1859,"March",11
1859-03-18,1859,"March",18
1859-03-25,1859,"March",25
1859-04-01,1859,"April",1
1859-04-08,1859,"April",8
1859-04-15,1859,"April",15
1859-04-22,1859,"April",22
1859-04-29,1859,"April",29
1859-05-01,1859,"May",6
1859-05-13,1859,"May",13
1859-05-20,1859,"May",20
1859-05-27,1859,"May",27
1859-06-01,1859,"June",3
1859-06-10,1859,"June",10
1859-06-17,1859,"June",17
1859-06-24,1859,"June",24
1859-07-01,1859,"July",1
1859-07-08,1859,"July",8
1859-07-15,1859,"July",15
1859-07-22,1859,"July",22
1859-07-29,1859,"July",29
1859-08-01,1859,"August",5
1859-08-12,1859,"August",12
1859-08-19,1859,"August",19
1859-08-26,1859,"August",26
1859-09-01,1859,"September",2
1859-09-09,1859,"September",9
1859-09-16,1859,"September",16
1859-09-23,1859,"September",23
1859-09-30,1859,"September",30
1859-10-01,1859,"October",7
1859-10-14,1859,"October",14
1859-10-21,1859,"October",21
1859-10-28,1859,"October",28
1859-11-01,1859,"November",4
1859-11-11,1859,"November",11
1859-11-18,1859,"November",18
1859-11-25,1859,"November",25
1859-12-01,1859,"December",2
1859-12-09,1859,"December",9
1859-12-16,1859,"December",16
1859-12-23,1859,"December",23
1859-12-30,1859,"December",30
1860-01-01,1860,"January",6
1860-01-13,1860,"January",13
1860-01-20,1860,"January",20
1860-01-27,1860,"January",27
1860-02-01,1860,"February",3
1860-02-10,1860,"February",10
1860-02-17,1860,"February",17
1860-02-24,1860,"February",24
1860-03-01,1860,"March",2
1860-03-09,1860,"March",9
1860-03-16,1860,"March",16
1860-03-23,1860,"March",23
1860-03-30,1860,"March",30
1860-04-01,1860,"April",6
1860-04-13,1860,"April",13
1860-04-20,1860,"April",20
1860-04-27,1860,"April",27
1860-05-01,1860,"May",4
1860-05-11,1860,"May",11
1860-05-18,1860,"May",18
1860-05-25,1860,"May",25
1860-06-01,1860,"June",1
1860-06-08,1860,"June",8
1860-06-15,1860,"June",15
1860-06-22,1860,"June",22
1860-06-29,1860,"June",29
1860-07-01,1860,"July",6
1860-07-13,1860,"July",13
1860-07-20,1860,"July",20
1860-07-27,1860,"July",27
1860-08-01,1860,"August",3
1860-08-10,1860,"August",10
1860-08-17,1860,"August",17
1860-08-24,1860,"August",24
1860-08-31,1860,"August",31
1860-09-01,1860,"September",7
1860-09-14,1860,"September",14
1860-09-21,1860,"September",21
1860-09-28,1860,"September",28
1860-10-01,1860,"October",5
1860-10-12,1860,"October",12
1860-10-19,1860,"October",19
1860-10-26,1860,"October",26
1860-11-01,1860,"November",2
1860-11-09,1860,"November",9
1860-11-16,1860,"November",16
1860-11-23,1860,"November",23
1860-11-30,1860,"November",30
1860-12-01,1860,"December",7
1860-12-14,1860,"December",14
1860-12-21,1860,"December",21
1860-12-28,1860,"December",28
1861-01-01,1861,"January",4
1861-01-11,1861,"January",11
1861-01-18,1861,"January",18
1861-01-25,1861,"January",25
1861-02-01,1861,"February",1
1861-02-08,1861,"February",8
1861-02-15,1861,"February",15
1861-02-22,1861,"February",22
1861-03-01,1861,"March",1
1861-03-08,1861,"March",8
1861-03-15,1861,"March",15
1861-03-22,1861,"March",22
1861-03-29,1861,"March",29
1861-04-01,1861,"April",5
1861-04-12,1861,"April",12
1861-04-19,1861,"April",19
1861-04-26,1861,"April",26
1861-05-01,1861,"May",3
1861-05-10,1861,"May",10
1861-05-17,1861,"May",17
1861-05-24,1861,"May",24
1861-05-31,1861,"May",31
1861-06-01,1861,"June",7
1861-06-14,1861,"June",14
1861-06-21,1861,"June",21
1861-06-28,1861,"June",28
1861-07-01,1861,"July",5
1861-07-12,1861,"July",12
1861-07-19,1861,"July",19
1861-07-26,1861,"July",26
1861-08-01,1861,"August",2
1861-08-09,1861,"August",9
1861-08-16,1861,"August",16
1861-08-23,1861,"August",23
1861-08-30,1861,"August",30
1861-09-01,1861,"September",6
1861-09-13,1861,"September",13
1861-09-20,1861,"September",20
1861-09-27,1861,"September",27
1861-10-01,1861,"October",4
1861-10-11,1861,"October",11
1861-10-18,1861,"October",18
1861-10-25,1861,"October",25
1861-11-01,1861,"November",1
1861-11-08,1861,"November",8
1861-11-15,1861,"November",15
1861-11-22,1861,"November",22
1861-11-29,1861,"November",29
1861-12-01,1861,"December",6
1861-12-13,1861,"December",13
1861-12-20,1861,"December",20
1861-12-27,1861,"December",27
1862-01-01,1862,"January",3
1862-01-10,1862,"January",10
1862-01-17,1862,"January",17
1862-01-24,1862,"January",24
1862-01-31,1862,"January",31
1862-02-01,1862,"February",7
1862-02-14,1862,"February",14
1862-02-21,1862,"February",21
1862-02-28,1862,"February",28
1862-03-01,1862,"March",7
1862-03-14,1862,"March",14
1862-03-21,1862,"March",21
1862-03-28,1862,"March",28
1862-04-01,1862,"April",4
1862-04-11,1862,"April",11
1862-04-18,1862,"April",18
1862-04-25,1862,"April",25
1862-05-01,1862,"May",2
1862-05-09,1862,"May",9
1862-05-16,1862,"May",16
1862-05-23,1862,"May",23
1862-05-30,1862,"May",30
1862-06-01,1862,"June",6
1862-06-13,1862,"June",13
1862-06-20,1862,"June",20
1862-06-27,1862,"June",27
1862-07-01,1862,"July",4
1862-07-11,1862,"July",11
1862-07-18,1862,"July",18
1862-07-25,1862,"July",25
1862-08-01,1862,"August",1
1862-08-08,1862,"August",8
1862-08-15,1862,"August",15
1862-08-22,1862,"August",22
1862-08-29,1862,"August",29
1862-09-01,1862,"September",5
1862-09-12,1862,"September",12
1862-09-19,1862,"September",19
1862-09-26,1862,"September",26
1862-10-01,1862,"October",3
1862-10-10,1862,"October",10
1862-10-17,1862,"October",17
1862-10-24,1862,"October",24
1862-10-31,1862,"October",31
1862-11-01,1862,"November",7
1862-11-14,1862,"November",14
1862-11-21,1862,"November",21
1862-11-28,1862,"November",28
1862-12-01,1862,"December",5
1862-12-12,1862,"December",12
1862-12-19,1862,"December",19
1862-12-26,1862,"December",26
1863-01-01,1863,"January",2
1863-01-09,1863,"January",9
1863-01-16,1863,"January",16
1863-01-23,1863,"January",23
1863-01-30,1863,"January",30
1863-02-01,1863,"February",6
1863-02-13,1863,"February",13
1863-02-20,1863,"February",20
1863-02-27,1863,"February",27
1863-03-01,1863,"March",6
1863-03-13,1863,"March",13
1863-03-20,1863,"March",20
1863-03-27,1863,"March",27
1863-04-01,1863,"April",3
1863-04-10,1863,"April",10
1863-04-17,1863,"April",17
1863-04-24,1863,"April",24
1863-05-01,1863,"May",1
1863-05-08,1863,"May",8
1863-05-15,1863,"May",15
1863-05-22,1863,"May",22
1863-05-29,1863,"May",29
1863-06-01,1863,"June",5
1863-06-12,1863,"June",12
1863-06-19,1863,"June",19
1863-06-26,1863,"June",26
1863-07-01,1863,"July",3
1863-07-10,1863,"July",10
1863-07-17,1863,"July",17
1863-07-24,1863,"July",24
1863-07-31,1863,"July",31
1863-08-01,1863,"August",7
1863-08-14,1863,"August",14
1863-08-21,1863,"August",21
1863-08-28,1863,"August",28
1863-09-01,1863,"September",4
1863-09-11,1863,"September",11
1863-09-18,1863,"September",18
1863-09-25,1863,"September",25
1863-10-01,1863,"October",2
1863-10-09,1863,"October",9
1863-10-16,1863,"October",16
1863-10-23,1863,"October",23
1863-10-30,1863,"October",30
1863-11-01,1863,"November",6
1863-11-13,1863,"November",13
1863-11-20,1863,"November",20
1863-11-27,1863,"November",27
1863-12-01,1863,"December",4
1863-12-11,1863,"December",11
1863-12-18,1863,"December",18
1863-12-25,1863,"December",25
1864-01-01,1864,"January",1
1864-01-08,1864,"January",8
1864-01-15,1864,"January",15
1864-01-22,1864,"January",22
1864-01-29,1864,"January",29
1864-02-01,1864,"February",5
1864-02-12,1864,"February",12
1864-02-19,1864,"February",19
1864-02-26,1864,"February",26
1864-03-01,1864,"March",4
1864-03-11,1864,"March",11
1864-03-18,1864,"March",18
1864-03-25,1864,"March",25
1864-04-01,1864,"April",1
1864-04-08,1864,"April",8
1864-04-15,1864,"April",15
1864-04-22,1864,"April",22
1864-04-29,1864,"April",29
1864-05-01,1864,"May",6
1864-05-13,1864,"May",13
1864-05-20,1864,"May",20
1864-05-27,1864,"May",27
1864-06-01,1864,"June",3
1864-06-10,1864,"June",10
1864-06-17,1864,"June",17
1864-06-24,1864,"June",24
1864-07-01,1864,"July",1
1864-07-08,1864,"July",8
1864-07-15,1864,"July",15
1864-07-22,1864,"July",22
1864-07-29,1864,"July",29
1864-08-01,1864,"August",5
1864-08-12,1864,"August",12
1864-08-19,1864,"August",19
1864-08-26,1864,"August",26
1864-09-01,1864,"September",2
1864-09-09,1864,"September",9
1864-09-16,1864,"September",16
1864-09-23,1864,"September",23
1864-09-30,1864,"September",30
1864-10-01,1864,"October",7
1864-10-14,1864,"October",14
1864-10-21,1864,"October",21
1864-10-28,1864,"October",28
1864-11-01,1864,"November",4
1864-11-11,1864,"November",11
1864-11-18,1864,"November",18
1864-11-25,1864,"November",25
1864-12-01,1864,"December",2
1864-12-09,1864,"December",9
1864-12-16,1864,"December",16
1864-12-23,1864,"December",23
1864-12-30,1864,"December",30
1865-01-01,1865,"January",6
1865-01-13,1865,"January",13
1865-01-20,1865,"January",20
1865-01-27,1865,"January",27
1865-02-01,1865,"February",3
1865-02-10,1865,"February",10
1865-02-17,1865,"February",17
1865-02-24,1865,"February",24
1865-03-01,1865,"March",3
1865-03-10,1865,"March",10
1865-03-17,1865,"March",17
1865-03-24,1865,"March",24
1865-03-31,1865,"March",31
1865-04-01,1865,"April",7
1865-04-14,1865,"April",14
1865-04-21,1865,"April",21
1865-04-28,1865,"April",28
1865-05-01,1865,"May",5
1865-05-12,1865,"May",12
1865-05-19,1865,"May",19
1865-05-26,1865,"May",26
1865-06-01,1865,"June",2
1865-06-09,1865,"June",9
1865-06-16,1865,"June",16
1865-06-23,1865,"June",23
1865-06-30,1865,"June",30
1865-07-01,1865,"July",7
1865-07-14,1865,"July",14
1865-07-21,1865,"July",21
1865-07-28,1865,"July",28
1865-08-01,1865,"August",4
1865-08-11,1865,"August",11
1865-08-18,1865,"August",18
1865-08-25,1865,"August",25
1865-09-01,1865,"September",1
1865-09-08,1865,"September",8
1865-09-15,1865,"September",15
1865-09-22,1865,"September",22
1865-09-29,1865,"September",29
1865-10-01,1865,"October",6
1865-10-13,1865,"October",13
1865-10-20,1865,"October",20
1865-10-27,1865,"October",27
1865-11-01,1865,"November",3
1865-11-10,1865,"November",10
1865-11-17,1865,"November",17
1865-11-24,1865,"November",24
1865-12-01,1865,"December",1
1865-12-08,1865,"December",8
1865-12-15,1865,"December",15
1865-12-22,1865,"December",22
1865-12-29,1865,"December",29
1866-01-01,1866,"January",5
1866-01-12,1866,"January",12
1866-01-19,1866,"January",19
1866-01-26,1866,"January",26
1866-02-01,1866,"February",2
1866-02-09,1866,"February",9
1866-02-16,1866,"February",16
1866-02-23,1866,"February",23
1866-03-01,1866,"March",2
1866-03-09,1866,"March",9
1866-03-16,1866,"March",16
1866-03-23,1866,"March",23
1866-03-30,1866,"March",30
1866-04-01,1866,"April",6
1866-04-13,1866,"April",13
1866-04-20,1866,"April",20
1866-04-27,1866,"April",27
1866-05-01,1866,"May",4
1866-05-11,1866,"May",11
1866-05-18,1866,"May",18
1866-05-25,1866,"May",25
1866-06-01,1866,"June",1
1866-06-08,1866,"June",8
1866-06-15,1866,"June",15
1866-06-22,1866,"June",22
1866-06-29,1866,"June",29
1866-07-01,1866,"July",6
1866-07-13,1866,"July",13
1866-07-20,1866,"July",20
1866-07-27,1866,"July",27
1866-08-01,1866,"August",3
1866-08-10,1866,"August",10
1866-08-17,1866,"August",17
1866-08-24,1866,"August",24
1866-08-31,1866,"August",31
1866-09-01,1866,"September",7
1866-09-14,1866,"September",14
1866-09-21,1866,"September",21
1866-09-28,1866,"September",28
1866-10-01,1866,"October",5
1866-10-12,1866,"October",12
1866-10-19,1866,"October",19
1866-10-26,1866,"October",26
1866-11-01,1866,"November",2
1866-11-09,1866,"November",9
1866-11-16,1866,"November",16
1866-11-23,1866,"November",23
1866-11-30,1866,"November",30
1866-12-01,1866,"December",7
1866-12-14,1866,"December",14
1866-12-21,1866,"December",21
1866-12-28,1866,"December",28
1867-01-01,1867,"January",4
1867-01-11,1867,"January",11
1867-01-18,1867,"January",18
1867-01-25,1867,"January",25
1867-02-01,1867,"February",1
1867-02-08,1867,"February",8
1867-02-15,1867,"February",15
1867-02-22,1867,"February",22
1867-03-01,1867,"March",1
1867-03-08,1867,"March",8
1867-03-15,1867,"March",15
1867-03-22,1867,"March",22
1867-03-29,1867,"March",29
1867-04-01,1867,"April",5
1867-04-12,1867,"April",12
1867-04-19,1867,"April",19
1867-04-26,1867,"April",26
1867-05-01,1867,"May",3
1867-05-10,1867,"May",10
1867-05-17,1867,"May",17
1867-05-24,1867,"May",24
1867-05-31,1867,"May",31
1867-06-01,1867,"June",7
1867-06-14,1867,"June",14
1867-06-21,1867,"June",21
1867-06-28,1867,"June",28
1867-07-01,1867,"July",5
1867-07-12,1867,"July",12
1867-07-19,1867,"July",19
1867-07-26,1867,"July",26
1867-08-01,1867,"August",2
1867-08-09,1867,"August",9
1867-08-16,1867,"August",16
1867-08-23,1867,"August",23
1867-08-30,1867,"August",30
1867-09-01,1867,"September",6
1867-09-13,1867,"September",13
1867-09-20,1867,"September",20
1867-09-27,1867,"September",27
1867-10-01,1867,"October",4
1867-10-11,1867,"October",11
1867-10-18,1867,"October",18
1867-10-25,1867,"October",25
1867-11-01,1867,"November",1
1867-11-08,1867,"November",8
1867-11-15,1867,"November",15
1867-11-22,1867,"November",22
1867-11-29,1867,"November",29
1867-12-01,1867,"December",6
1867-12-13,1867,"December",13
1867-12-20,1867,"December",20
1867-12-27,1867,"December",27
1868-01-01,1868,"January",3
1868-01-10,1868,"January",10
1868-01-17,1868,"January",17
1868-01-24,1868,"January",24
1868-01-31,1868,"January",31
1868-02-01,1868,"February",7
1868-02-14,1868,"February",14
1868-02-21,1868,"February",21
1868-02-28,1868,"February",28
1868-03-01,1868,"March",6
1868-03-13,1868,"March",13
1868-03-20,1868,"March",20
1868-03-27,1868,"March",27
1868-04-01,1868,"April",3
1868-04-10,1868,"April",10
1868-04-17,1868,"April",17
1868-04-24,1868,"April",24
1868-05-01,1868,"May",1
1868-05-08,1868,"May",8
1868-05-15,1868,"May",15
1868-05-22,1868,"May",22
1868-05-29,1868,"May",29
1868-06-01,1868,"June",5
1868-06-12,1868,"June",12
1868-06-19,1868,"June",19
1868-06-26,1868,"June",26
1868-07-01,1868,"July",3
1868-07-10,1868,"July",10
1868-07-17,1868,"July",17
1868-07-24,1868,"July",24
1868-07-31,1868,"July",31
1868-08-01,1868,"August",7
1868-08-14,1868,"August",14
1868-08-21,1868,"August",21
1868-08-28,1868,"August",28
1868-09-01,1868,"September",4
1868-09-11,1868,"September",11
1868-09-18,1868,"September",18
1868-09-25,1868,"September",25
1868-10-01,1868,"October",2
1868-10-09,1868,"October",9
1868-10-16,1868,"October",16
1868-10-23,1868,"October",23
1868-10-30,1868,"October",30
1868-11-01,1868,"November",6
1868-11-13,1868,"November",13
1868-11-20,1868,"November",20
1868-11-27,1868,"November",27
1868-12-01,1868,"December",4
1868-12-11,1868,"December",11
1868-12-18,1868,"December",18
1868-12-25,1868,"December",25
1869-01-01,1869,"January",1
1869-01-08,1869,"January",8
1869-01-15,1869,"January",15
1869-01-22,1869,"January",22
1869-01-29,1869,"January",29
1869-02-01,1869,"February",5
1869-02-12,1869,"February",12
1869-02-19,1869,"February",19
1869-02-26,1869,"February",26
1869-03-01,1869,"March",5
1869-03-12,1869,"March",12
1869-03-19,1869,"March",19
1869-03-26,1869,"March",26
1869-04-01,1869,"April",2
1869-04-09,1869,"April",9
1869-04-16,1869,"April",16
1869-04-23,1869,"April",23
1869-04-30,1869,"April",30
1869-05-01,1869,"May",7
1869-05-14,1869,"May",14
1869-05-21,1869,"May",21
1869-05-28,1869,"May",28
1869-06-01,1869,"June",4
1869-06-11,1869,"June",11
1869-06-18,1869,"June",18
1869-06-25,1869,"June",25
1869-07-01,1869,"July",2
1869-07-09,1869,"July",9
1869-07-16,1869,"July",16
1869-07-23,1869,"July",23
1869-07-30,1869,"July",30
1869-08-01,1869,"August",6
1869-08-13,1869,"August",13
1869-08-20,1869,"August",20
1869-08-27,1869,"August",27
1869-09-01,1869,"September",3
1869-09-10,1869,"September",10
1869-09-17,1869,"September",17
1869-09-24,1869,"September",24
1869-10-01,1869,"October",1
1869-10-08,1869,"October",8
1869-10-15,1869,"October",15
1869-10-22,1869,"October",22
1869-10-29,1869,"October",29
1869-11-01,1869,"November",5
1869-11-12,1869,"November",12
1869-11-19,1869,"November",19
1869-11-26,1869,"November",26
1869-12-01,1869,"December",3
1869-12-10,1869,"December",10
1869-12-17,1869,"December",17
1869-12-24,1869,"December",24
1869-12-31,1869,"December",31
1870-01-01,1870,"January",7
1870-01-14,1870,"January",14
1870-01-21,1870,"January",21
1870-01-28,1870,"January",28
1870-02-01,1870,"February",4
1870-02-11,1870,"February",11
1870-02-18,1870,"February",18
1870-02-25,1870,"February",25
1870-03-01,1870,"March",4
1870-03-11,1870,"March",11
1870-03-18,1870,"March",18
1870-03-25,1870,"March",25
1870-04-01,1870,"April",1
1870-04-08,1870,"April",8
1870-04-15,1870,"April",15
1870-04-22,1870,"April",22
1870-04-29,1870,"April",29
1870-05-01,1870,"May",6
1870-05-13,1870,"May",13
1870-05-20,1870,"May",20
1870-05-27,1870,"May",27
1870-06-01,1870,"June",3
1870-06-10,1870,"June",10
1870-06-17,1870,"June",17
1870-06-24,1870,"June",24
1870-07-01,1870,"July",1
1870-07-08,1870,"July",8
1870-07-15,1870,"July",15
1870-07-22,1870,"July",22
1870-07-29,1870,"July",29
1870-08-01,1870,"August",5
1870-08-12,1870,"August",12
1870-08-19,1870,"August",19
1870-08-26,1870,"August",26
1870-09-01,1870,"September",2
1870-09-09,1870,"September",9
1870-09-16,1870,"September",16
1870-09-23,1870,"September",23
1870-09-30,1870,"September",30
1870-10-01,1870,"October",7
1870-10-14,1870,"October",14
1870-10-21,1870,"October",21
1870-10-28,1870,"October",28
1870-11-01,1870,"November",4
1870-11-11,1870,"November",11
1870-11-18,1870,"November",18
1870-11-25,1870,"November",25
1870-12-01,1870,"December",2
1870-12-09,1870,"December",9
1870-12-16,1870,"December",16
1870-12-23,1870,"December",23
1870-12-30,1870,"December",30
1871-01-01,1871,"January",6
1871-01-13,1871,"January",13
1871-01-20,1871,"January",20
1871-01-27,1871,"January",27
1871-02-01,1871,"February",3
1871-02-10,1871,"February",10
1871-02-17,1871,"February",17
1871-02-24,1871,"February",24
1871-03-01,1871,"March",3
1871-03-10,1871,"March",10
1871-03-17,1871,"March",17
1871-03-24,1871,"March",24
1871-03-31,1871,"March",31
1871-04-01,1871,"April",7
1871-04-14,1871,"April",14
1871-04-21,1871,"April",21
1871-04-28,1871,"April",28
1871-05-01,1871,"May",5
1871-05-12,1871,"May",12
1871-05-19,1871,"May",19
1871-05-26,1871,"May",26
1871-06-01,1871,"June",2
1871-06-09,1871,"June",9
1871-06-16,1871,"June",16
1871-06-23,1871,"June",23
1871-06-30,1871,"June",30
1871-07-01,1871,"July",7
1871-07-14,1871,"July",14
1871-07-21,1871,"July",21
1871-07-28,1871,"July",28
1871-08-01,1871,"August",4
1871-08-11,1871,"August",11
1871-08-18,1871,"August",18
1871-08-25,1871,"August",25
1871-09-01,1871,"September",1
1871-09-08,1871,"September",8
1871-09-15,1871,"September",15
1871-09-22,1871,"September",22
1871-09-29,1871,"September",29
1871-10-01,1871,"October",6
1871-10-13,1871,"October",13
1871-10-20,1871,"October",20
1871-10-27,1871,"October",27
1871-11-01,1871,"November",3
1871-11-10,1871,"November",10
1871-11-17,1871,"November",17
1871-11-24,1871,"November",24
1871-12-01,1871,"December",1
1871-12-08,1871,"December",8
1871-12-15,1871,"December",15
1871-12-22,1871,"December",22
1871-12-29,1871,"December",29
1872-01-01,1872,"January",5
1872-01-12,1872,"January",12
1872-01-19,1872,"January",19
1872-01-26,1872,"January",26
1872-02-01,1872,"February",2
1872-02-09,1872,"February",9
1872-02-16,1872,"February",16
1872-02-23,1872,"February",23
1872-03-01,1872,"March",1
1872-03-08,1872,"March",8
1872-03-15,1872,"March",15
1872-03-22,1872,"March",22
1872-03-29,1872,"March",29
1872-04-01,1872,"April",5
1872-04-12,1872,"April",12
1872-04-19,1872,"April",19
1872-04-26,1872,"April",26
1872-05-01,1872,"May",3
1872-05-10,1872,"May",10
1872-05-17,1872,"May",17
1872-05-24,1872,"May",24
1872-05-31,1872,"May",31
1872-06-01,1872,"June",7
1872-06-14,1872,"June",14
1872-06-21,1872,"June",21
1872-06-28,1872,"June",28
1872-07-01,1872,"July",5
1872-07-12,1872,"July",12
1872-07-19,1872,"July",19
1872-07-26,1872,"July",26
1872-08-01,1872,"August",2
1872-08-09,1872,"August",9
1872-08-16,1872,"August",16
1872-08-23,1872,"August",23
1872-08-30,1872,"August",30
1872-09-01,1872,"September",6
1872-09-13,1872,"September",13
1872-09-20,1872,"September",20
1872-09-27,1872,"September",27
1872-10-01,1872,"October",4
1872-10-11,1872,"October",11
1872-10-18,1872,"October",18
1872-10-25,1872,"October",25
1872-11-01,1872,"November",1
1872-11-08,1872,"November",8
1872-11-15,1872,"November",15
1872-11-22,1872,"November",22
1872-11-29,1872,"November",29
1872-12-01,1872,"December",6
1872-12-13,1872,"December",13
1872-12-20,1872,"December",20
1872-12-27,1872,"December",27
1873-01-01,1873,"January",3
1873-01-10,1873,"January",10
1873-01-17,1873,"January",17
1873-01-24,1873,"January",24
1873-01-31,1873,"January",31
1873-02-01,1873,"February",7
1873-02-14,1873,"February",14
1873-02-21,1873,"February",21
1873-02-28,1873,"February",28
1873-03-01,1873,"March",7
1873-03-14,1873,"March",14
1873-03-21,1873,"March",21
1873-03-28,1873,"March",28
1873-04-01,1873,"April",4
1873-04-11,1873,"April",11
1873-04-18,1873,"April",18
1873-04-25,1873,"April",25
1873-05-01,1873,"May",2
1873-05-09,1873,"May",9
1873-05-16,1873,"May",16
1873-05-23,1873,"May",23
1873-05-30,1873,"May",30
1873-06-01,1873,"June",6
1873-06-13,1873,"June",13
1873-06-20,1873,"June",20
1873-06-27,1873,"June",27
1873-07-01,1873,"July",4
1873-07-11,1873,"July",11
1873-07-18,1873,"July",18
1873-07-25,1873,"July",25
1873-08-01,1873,"August",1
1873-08-08,1873,"August",8
1873-08-15,1873,"August",15
1873-08-22,1873,"August",22
1873-08-29,1873,"August",29
1873-09-01,1873,"September",5
1873-09-12,1873,"September",12
1873-09-19,1873,"September",19
1873-09-26,1873,"September",26
1873-10-01,1873,"October",3
1873-10-10,1873,"October",10
1873-10-17,1873,"October",17
1873-10-24,1873,"October",24
1873-10-31,1873,"October",31
1873-11-01,1873,"November",7
1873-11-14,1873,"November",14
1873-11-21,1873,"November",21
1873-11-28,1873,"November",28
1873-12-01,1873,"December",5
1873-12-12,1873,"December",12
1873-12-19,1873,"December",19
1873-12-26,1873,"December",26
1874-01-01,1874,"January",2
1874-01-09,1874,"January",9
1874-01-16,1874,"January",16
1874-01-23,1874,"January",23
1874-01-30,1874,"January",30
1874-02-01,1874,"February",6
1874-02-13,1874,"February",13
1874-02-20,1874,"February",20
1874-02-27,1874,"February",27
1874-03-01,1874,"March",6
1874-03-13,1874,"March",13
1874-03-20,1874,"March",20
1874-03-27,1874,"March",27
1874-04-01,1874,"April",3
1874-04-10,1874,"April",10
1874-04-17,1874,"April",17
1874-04-24,1874,"April",24
1874-05-01,1874,"May",1
1874-05-08,1874,"May",8
1874-05-15,1874,"May",15
1874-05-22,1874,"May",22
1874-05-29,1874,"May",29
1874-06-01,1874,"June",5
1874-06-12,1874,"June",12
1874-06-19,1874,"June",19
1874-06-26,1874,"June",26
1874-07-01,1874,"July",3
1874-07-10,1874,"July",10
1874-07-17,1874,"July",17
1874-07-24,1874,"July",24
1874-07-31,1874,"July",31
1874-08-01,1874,"August",7
1874-08-14,1874,"August",14
1874-08-21,1874,"August",21
1874-08-28,1874,"August",28
1874-09-01,1874,"September",4
1874-09-11,1874,"September",11
1874-09-18,1874,"September",18
1874-09-25,1874,"September",25
1874-10-01,1874,"October",2
1874-10-09,1874,"October",9
1874-10-16,1874,"October",16
1874-10-23,1874,"October",23
1874-10-30,1874,"October",30
1874-11-01,1874,"November",6
1874-11-13,1874,"November",13
1874-11-20,1874,"November",20
1874-11-27,1874,"November",27
1874-12-01,1874,"December",4
1874-12-11,1874,"December",11
1874-12-18,1874,"December",18
1874-12-25,1874,"December",25
1875-01-01,1875,"January",1
1875-01-08,1875,"January",8
1875-01-15,1875,"January",15
1875-01-22,1875,"January",22
1875-01-29,1875,"January",29
1875-02-01,1875,"February",5
1875-02-12,1875,"February",12
1875-02-19,1875,"February",19
1875-02-26,1875,"February",26
1875-03-01,1875,"March",5
1875-03-12,1875,"March",12
1875-03-19,1875,"March",19
1875-03-26,1875,"March",26
1875-04-01,1875,"April",2
1875-04-09,1875,"April",9
1875-04-16,1875,"April",16
1875-04-23,1875,"April",23
1875-04-30,1875,"April",30
1875-05-01,1875,"May",7
1875-05-14,1875,"May",14
1875-05-21,1875,"May",21
1875-05-28,1875,"May",28
1875-06-01,1875,"June",4
1875-06-11,1875,"June",11
1875-06-18,1875,"June",18
1875-06-25,1875,"June",25
1875-07-01,1875,"July",2
1875-07-09,1875,"July",9
1875-07-16,1875,"July",16
1875-07-23,1875,"July",23
1875-07-30,1875,"July",30
1875-08-01,1875,"August",6
1875-08-13,1875,"August",13
1875-08-20,1875,"August",20
1875-08-27,1875,"August",27
1875-09-01,1875,"September",3
1875-09-10,1875,"September",10
1875-09-17,1875,"September",17
1875-09-24,1875,"September",24
1875-10-01,1875,"October",1
1875-10-08,1875,"October",8
1875-10-15,1875,"October",15
1875-10-22,1875,"October",22
1875-10-29,1875,"October",29
1875-11-01,1875,"November",5
1875-11-12,1875,"November",12
1875-11-19,1875,"November",19
1875-11-26,1875,"November",26
1875-12-01,1875,"December",3
1875-12-10,1875,"December",10
1875-12-17,1875,"December",17
1875-12-24,1875,"December",24
1875-12-31,1875,"December",31
1876-01-01,1876,"January",7
1876-01-14,1876,"January",14
1876-01-21,1876,"January",21
1876-01-28,1876,"January",28
1876-02-01,1876,"February",4
1876-02-11,1876,"February",11
1876-02-18,1876,"February",18
1876-02-25,1876,"February",25
1876-03-01,1876,"March",3
1876-03-10,1876,"March",10
1876-03-17,1876,"March",17
1876-03-24,1876,"March",24
1876-03-31,1876,"March",31
1876-04-01,1876,"April",7
1876-04-14,1876,"April",14
1876-04-21,1876,"April",21
1876-04-28,1876,"April",28
1876-05-01,1876,"May",5
1876-05-12,1876,"May",12
1876-05-19,1876,"May",19
1876-05-26,1876,"May",26
1876-06-01,1876,"June",2
1876-06-09,1876,"June",9
1876-06-16,1876,"June",16
1876-06-23,1876,"June",23
1876-06-30,1876,"June",30
1876-07-01,1876,"July",7
1876-07-14,1876,"July",14
1876-07-21,1876,"July",21
1876-07-28,1876,"July",28
1876-08-01,1876,"August",4
1876-08-11,1876,"August",11
1876-08-18,1876,"August",18
1876-08-25,1876,"August",25
1876-09-01,1876,"September",1
1876-09-08,1876,"September",8
1876-09-15,1876,"September",15
1876-09-22,1876,"September",22
1876-09-29,1876,"September",29
1876-10-01,1876,"October",6
1876-10-13,1876,"October",13
1876-10-20,1876,"October",20
1876-10-27,1876,"October",27
1876-11-01,1876,"November",3
1876-11-10,1876,"November",10
1876-11-17,1876,"November",17
1876-11-24,1876,"November",24
1876-12-01,1876,"December",1
1876-12-08,1876,"December",8
1876-12-15,1876,"December",15
1876-12-22,1876,"December",22
1876-12-29,1876,"December",29
1877-01-01,1877,"January",5
1877-01-12,1877,"January",12
1877-01-19,1877,"January",19
1877-01-26,1877,"January",26
1877-02-01,1877,"February",2
1877-02-09,1877,"February",9
1877-02-16,1877,"February",16
1877-02-23,1877,"February",23
1877-03-01,1877,"March",2
1877-03-09,1877,"March",9
1877-03-16,1877,"March",16
1877-03-23,1877,"March",23
1877-03-30,1877,"March",30
1877-04-01,1877,"April",6
1877-04-13,1877,"April",13
1877-04-20,1877,"April",20
1877-04-27,1877,"April",27
1877-05-01,1877,"May",4
1877-05-11,1877,"May",11
1877-05-18,1877,"May",18
1877-05-25,1877,"May",25
1877-06-01,1877,"June",1
1877-06-08,1877,"June",8
1877-06-15,1877,"June",15
1877-06-22,1877,"June",22
1877-06-29,1877,"June",29
1877-07-01,1877,"July",6
1877-07-13,1877,"July",13
1877-07-20,1877,"July",20
1877-07-27,1877,"July",27
1877-08-01,1877,"August",3
1877-08-10,1877,"August",10
1877-08-17,1877,"August",17
1877-08-24,1877,"August",24
1877-08-31,1877,"August",31
1877-09-01,1877,"September",7
1877-09-14,1877,"September",14
1877-09-21,1877,"September",21
1877-09-28,1877,"September",28
1877-10-01,1877,"October",5
1877-10-12,1877,"October",12
1877-10-19,1877,"October",19
1877-10-26,1877,"October",26
1877-11-01,1877,"November",2
1877-11-09,1877,"November",9
1877-11-16,1877,"November",16
1877-11-23,1877,"November",23
1877-11-30,1877,"November",30
1877-12-01,1877,"December",7
1877-12-14,1877,"December",14
1877-12-21,1877,"December",21
1877-12-28,1877,"December",28
1878-01-01,1878,"January",4
1878-01-11,1878,"January",11
1878-01-18,1878,"January",18
1878-01-25,1878,"January",25
1878-02-01,1878,"February",1
1878-02-08,1878,"February",8
1878-02-15,1878,"February",15
1878-02-22,1878,"February",22
1878-03-01,1878,"March",1
1878-03-08,1878,"March",8
1878-03-15,1878,"March",15
1878-03-22,1878,"March",22
1878-03-29,1878,"March",29
1878-04-01,1878,"April",5
1878-04-12,1878,"April",12
1878-04-19,1878,"April",19
1878-04-26,1878,"April",26
1878-05-01,1878,"May",3
1878-05-10,1878,"May",10
1878-05-17,1878,"May",17
1878-05-24,1878,"May",24
1878-05-31,1878,"May",31
1878-06-01,1878,"June",7
1878-06-14,1878,"June",14
1878-06-21,1878,"June",21
1878-06-28,1878,"June",28
1878-07-01,1878,"July",5
1878-07-12,1878,"July",12
1878-07-19,1878,"July",19
1878-07-26,1878,"July",26
1878-08-01,1878,"August",2
1878-08-09,1878,"August",9
1878-08-16,1878,"August",16
1878-08-23,1878,"August",23
1878-08-30,1878,"August",30
1878-09-01,1878,"September",6
1878-09-13,1878,"September",13
1878-09-20,1878,"September",20
1878-09-27,1878,"September",27
1878-10-01,1878,"October",4
1878-10-11,1878,"October",11
1878-10-18,1878,"October",18
1878-10-25,1878,"October",25
1878-11-01,1878,"November",1
1878-11-08,1878,"November",8
1878-11-15,1878,"November",15
1878-11-22,1878,"November",22
1878-11-29,1878,"November",29
1878-12-01,1878,"December",6
1878-12-13,1878,"December",13
1878-12-20,1878,"December",20
1878-12-27,1878,"December",27
1879-01-01,1879,"January",3
1879-01-10,1879,"January",10
1879-01-17,1879,"January",17
1879-01-24,1879,"January",24
1879-01-31,1879,"January",31
1879-02-01,1879,"February",7
1879-02-14,1879,"February",14
1879-02-21,1879,"February",21
1879-02-28,1879,"February",28
1879-03-01,1879,"March",7
1879-03-14,1879,"March",14
1879-03-21,1879,"March",21
1879-03-28,1879,"March",28
1879-04-01,1879,"April",4
1879-04-11,1879,"April",11
1879-04-18,1879,"April",18
1879-04-25,1879,"April",25
1879-05-01,1879,"May",2
1879-05-09,1879,"May",9
1879-05-16,1879,"May",16
1879-05-23,1879,"May",23
1879-05-30,1879,"May",30
1879-06-01,1879,"June",6
1879-06-13,1879,"June",13
1879-06-20,1879,"June",20
1879-06-27,1879,"June",27
1879-07-01,1879,"July",4
1879-07-11,1879,"July",11
1879-07-18,1879,"July",18
1879-07-25,1879,"July",25
1879-08-01,1879,"August",1
1879-08-08,1879,"August",8
1879-08-15,1879,"August",15
1879-08-22,1879,"August",22
1879-08-29,1879,"August",29
1879-09-01,1879,"September",5
1879-09-12,1879,"September",12
1879-09-19,1879,"September",19
1879-09-26,1879,"September",26
1879-10-01,1879,"October",3
1879-10-10,1879,"October",10
1879-10-17,1879,"October",17
1879-10-24,1879,"October",24
1879-10-31,1879,"October",31
1879-11-01,1879,"November",7
1879-11-14,1879,"November",14
1879-11-21,1879,"November",21
1879-11-28,1879,"November",28
1879-12-01,1879,"December",5
1879-12-12,1879,"December",12
1879-12-19,1879,"December",19
1879-12-26,1879,"December",26
1880-01-01,1880,"January",2
1880-01-09,1880,"January",9
1880-01-16,1880,"January",16
1880-01-23,1880,"January",23
1880-01-30,1880,"January",30
1880-02-01,1880,"February",6
1880-02-13,1880,"February",13
1880-02-20,1880,"February",20
1880-02-27,1880,"February",27
1880-03-01,1880,"March",5
1880-03-12,1880,"March",12
1880-03-19,1880,"March",19
1880-03-26,1880,"March",26
1880-04-01,1880,"April",2
1880-04-09,1880,"April",9
1880-04-16,1880,"April",16
1880-04-23,1880,"April",23
1880-04-30,1880,"April",30
1880-05-01,1880,"May",7
1880-05-14,1880,"May",14
1880-05-21,1880,"May",21
1880-05-28,1880,"May",28
1880-06-01,1880,"June",4
1880-06-11,1880,"June",11
1880-06-18,1880,"June",18
1880-06-25,1880,"June",25
1880-07-01,1880,"July",2
1880-07-09,1880,"July",9
1880-07-16,1880,"July",16
1880-07-23,1880,"July",23
1880-07-30,1880,"July",30
1880-08-01,1880,"August",6
1880-08-13,1880,"August",13
1880-08-20,1880,"August",20
1880-08-27,1880,"August",27
1880-09-01,1880,"September",3
1880-09-10,1880,"September",10
1880-09-17,1880,"September",17
1880-09-24,1880,"September",24
1880-10-01,1880,"October",1
1880-10-08,1880,"October",8
1880-10-15,1880,"October",15
1880-10-22,1880,"October",22
1880-10-29,1880,"October",29
1880-11-01,1880,"November",5
1880-11-12,1880,"November",12
1880-11-19,1880,"November",19
1880-11-26,1880,"November",26
1880-12-01,1880,"December",3
1880-12-10,1880,"December",10
1880-12-17,1880,"December",17
1880-12-24,1880,"December",24
1880-12-31,1880,"December",31
1881-01-01,1881,"January",7
1881-01-14,1881,"January",14
1881-01-21,1881,"January",21
1881-01-28,1881,"January",28
1881-02-01,1881,"February",4
1881-02-11,1881,"February",11
1881-02-18,1881,"February",18
1881-02-25,1881,"February",25
1881-03-01,1881,"March",4
1881-03-11,1881,"March",11
1881-03-18,1881,"March",18
1881-03-25,1881,"March",25
1881-04-01,1881,"April",1
1881-04-08,1881,"April",8
1881-04-15,1881,"April",15
1881-04-22,1881,"April",22
1881-04-29,1881,"April",29
1881-05-01,1881,"May",6
1881-05-13,1881,"May",13
1881-05-20,1881,"May",20
1881-05-27,1881,"May",27
1881-06-01,1881,"June",3
1881-06-10,1881,"June",10
1881-06-17,1881,"June",17
1881-06-24,1881,"June",24
1881-07-01,1881,"July",1
1881-07-08,1881,"July",8
1881-07-15,1881,"July",15
1881-07-22,1881,"July",22
1881-07-29,1881,"July",29
1881-08-01,1881,"August",5
1881-08-12,1881,"August",12
1881-08-19,1881,"August",19
1881-08-26,1881,"August",26
1881-09-01,1881,"September",2
1881-09-09,1881,"September",9
1881-09-16,1881,"September",16
1881-09-23,1881,"September",23
1881-09-30,1881,"September",30
1881-10-01,1881,"October",7
1881-10-14,1881,"October",14
1881-10-21,1881,"October",21
1881-10-28,1881,"October",28
1881-11-01,1881,"November",4
1881-11-11,1881,"November",11
1881-11-18,1881,"November",18
1881-11-25,1881,"November",25
1881-12-01,1881,"December",2
1881-12-09,1881,"December",9
1881-12-16,1881,"December",16
1881-12-23,1881,"December",23
1881-12-30,1881,"December",30
1882-01-01,1882,"January",6
1882-01-13,1882,"January",13
1882-01-20,1882,"January",20
1882-01-27,1882,"January",27
1882-02-01,1882,"February",3
1882-02-10,1882,"February",10
1882-02-17,1882,"February",17
1882-02-24,1882,"February",24
1882-03-01,1882,"March",3
1882-03-10,1882,"March",10
1882-03-17,1882,"March",17
1882-03-24,1882,"March",24
1882-03-31,1882,"March",31
1882-04-01,1882,"April",7
1882-04-14,1882,"April",14
1882-04-21,1882,"April",21
1882-04-28,1882,"April",28
1882-05-01,1882,"May",5
1882-05-12,1882,"May",12
1882-05-19,1882,"May",19
1882-05-26,1882,"May",26
1882-06-01,1882,"June",2
1882-06-09,1882,"June",9
1882-06-16,1882,"June",16
1882-06-23,1882,"June",23
1882-06-30,1882,"June",30
1882-07-01,1882,"July",7
1882-07-14,1882,"July",14
1882-07-21,1882,"July",21
1882-07-28,1882,"July",28
1882-08-01,1882,"August",4
1882-08-11,1882,"August",11
1882-08-18,1882,"August",18
1882-08-25,1882,"August",25
1882-09-01,1882,"September",1
1882-09-08,1882,"September",8
1882-09-15,1882,"September",15
1882-09-22,1882,"September",22
1882-09-29,1882,"September",29
1882-10-01,1882,"October",6
1882-10-13,1882,"October",13
1882-10-20,1882,"October",20
1882-10-27,1882,"October",27
1882-11-01,1882,"November",3
1882-11-10,1882,"November",10
1882-11-17,1882,"November",17
1882-11-24,1882,"November",24
1882-12-01,1882,"December",1
1882-12-08,1882,"December",8
1882-12-15,1882,"December",15
1882-12-22,1882,"December",22
1882-12-29,1882,"December",29
1883-01-01,1883,"January",5
1883-01-12,1883,"January",12
1883-01-19,1883,"January",19
1883-01-26,1883,"January",26
1883-02-01,1883,"February",2
1883-02-09,1883,"February",9
1883-02-16,1883,"February",16
1883-02-23,1883,"February",23
1883-03-01,1883,"March",2
1883-03-09,1883,"March",9
1883-03-16,1883,"March",16
1883-03-23,1883,"March",23
1883-03-30,1883,"March",30
1883-04-01,1883,"April",6
1883-04-13,1883,"April",13
1883-04-20,1883,"April",20
1883-04-27,1883,"April",27
1883-05-01,1883,"May",4
1883-05-11,1883,"May",11
1883-05-18,1883,"May",18
1883-05-25,1883,"May",25
1883-06-01,1883,"June",1
1883-06-08,1883,"June",8
1883-06-15,1883,"June",15
1883-06-22,1883,"June",22
1883-06-29,1883,"June",29
1883-07-01,1883,"July",6
1883-07-13,1883,"July",13
1883-07-20,1883,"July",20
1883-07-27,1883,"July",27
1883-08-01,1883,"August",3
1883-08-10,1883,"August",10
1883-08-17,1883,"August",17
1883-08-24,1883,"August",24
1883-08-31,1883,"August",31
1883-09-01,1883,"September",7
1883-09-14,1883,"September",14
1883-09-21,1883,"September",21
1883-09-28,1883,"September",28
1883-10-01,1883,"October",5
1883-10-12,1883,"October",12
1883-10-19,1883,"October",19
1883-10-26,1883,"October",26
1883-11-01,1883,"November",2
1883-11-09,1883,"November",9
1883-11-16,1883,"November",16
1883-11-23,1883,"November",23
1883-11-30,1883,"November",30
1883-12-01,1883,"December",7
1883-12-14,1883,"December",14
1883-12-21,1883,"December",21
1883-12-28,1883,"December",28
1884-01-01,1884,"January",4
1884-01-11,1884,"January",11
1884-01-18,1884,"January",18
1884-01-25,1884,"January",25
1884-02-01,1884,"February",1
1884-02-08,1884,"February",8
1884-02-15,1884,"February",15
1884-02-22,1884,"February",22
1884-02-29,1884,"February",29
1884-03-01,1884,"March",7
1884-03-14,1884,"March",14
1884-03-21,1884,"March",21
1884-03-28,1884,"March",28
1884-04-01,1884,"April",4
1884-04-11,1884,"April",11
1884-04-18,1884,"April",18
1884-04-25,1884,"April",25
1884-05-01,1884,"May",2
1884-05-09,1884,"May",9
1884-05-16,1884,"May",16
1884-05-23,1884,"May",23
1884-05-30,1884,"May",30
1884-06-01,1884,"June",6
1884-06-13,1884,"June",13
1884-06-20,1884,"June",20
1884-06-27,1884,"June",27
1884-07-01,1884,"July",4
1884-07-11,1884,"July",11
1884-07-18,1884,"July",18
1884-07-25,1884,"July",25
1884-08-01,1884,"August",1
1884-08-08,1884,"August",8
1884-08-15,1884,"August",15
1884-08-22,1884,"August",22
1884-08-29,1884,"August",29
1884-09-01,1884,"September",5
1884-09-12,1884,"September",12
1884-09-19,1884,"September",19
1884-09-26,1884,"September",26
1884-10-01,1884,"October",3
1884-10-10,1884,"October",10
1884-10-17,1884,"October",17
1884-10-24,1884,"October",24
1884-10-31,1884,"October",31
1884-11-01,1884,"November",7
1884-11-14,1884,"November",14
1884-11-21,1884,"November",21
1884-11-28,1884,"November",28
1884-12-01,1884,"December",5
1884-12-12,1884,"December",12
1884-12-19,1884,"December",19
1884-12-26,1884,"December",26
1885-01-01,1885,"January",2
1885-01-09,1885,"January",9
1885-01-16,1885,"January",16
1885-01-23,1885,"January",23
1885-01-30,1885,"January",30
1885-02-01,1885,"February",6
1885-02-13,1885,"February",13
1885-02-20,1885,"February",20
1885-02-27,1885,"February",27
1885-03-01,1885,"March",6
1885-03-13,1885,"March",13
1885-03-20,1885,"March",20
1885-03-27,1885,"March",27
1885-04-01,1885,"April",3
1885-04-10,1885,"April",10
1885-04-17,1885,"April",17
1885-04-24,1885,"April",24
1885-05-01,1885,"May",1
1885-05-08,1885,"May",8
1885-05-15,1885,"May",15
1885-05-22,1885,"May",22
1885-05-29,1885,"May",29
1885-06-01,1885,"June",5
1885-06-12,1885,"June",12
1885-06-19,1885,"June",19
1885-06-26,1885,"June",26
1885-07-01,1885,"July",3
1885-07-10,1885,"July",10
1885-07-17,1885,"July",17
1885-07-24,1885,"July",24
1885-07-31,1885,"July",31
1885-08-01,1885,"August",7
1885-08-14,1885,"August",14
1885-08-21,1885,"August",21
1885-08-28,1885,"August",28
1885-09-01,1885,"September",4
1885-09-11,1885,"September",11
1885-09-18,1885,"September",18
1885-09-25,1885,"September",25
1885-10-01,1885,"October",2
1885-10-09,1885,"October",9
1885-10-16,1885,"October",16
1885-10-23,1885,"October",23
1885-10-30,1885,"October",30
1885-11-01,1885,"November",6
1885-11-13,1885,"November",13
1885-11-20,1885,"November",20
1885-11-27,1885,"November",27
1885-12-01,1885,"December",4
1885-12-11,1885,"December",11
1885-12-18,1885,"December",18
1885-12-25,1885,"December",25
1886-01-01,1886,"January",1
1886-01-08,1886,"January",8
1886-01-15,1886,"January",15
1886-01-22,1886,"January",22
1886-01-29,1886,"January",29
1886-02-01,1886,"February",5
1886-02-12,1886,"February",12
1886-02-19,1886,"February",19
1886-02-26,1886,"February",26
1886-03-01,1886,"March",5
1886-03-12,1886,"March",12
1886-03-19,1886,"March",19
1886-03-26,1886,"March",26
1886-04-01,1886,"April",2
1886-04-09,1886,"April",9
1886-04-16,1886,"April",16
1886-04-23,1886,"April",23
1886-04-30,1886,"April",30
1886-05-01,1886,"May",7
1886-05-14,1886,"May",14
1886-05-21,1886,"May",21
1886-05-28,1886,"May",28
1886-06-01,1886,"June",4
1886-06-11,1886,"June",11
1886-06-18,1886,"June",18
1886-06-25,1886,"June",25
1886-07-01,1886,"July",2
1886-07-09,1886,"July",9
1886-07-16,1886,"July",16
1886-07-23,1886,"July",23
1886-07-30,1886,"July",30
1886-08-01,1886,"August",6
1886-08-13,1886,"August",13
1886-08-20,1886,"August",20
1886-08-27,1886,"August",27
1886-09-01,1886,"September",3
1886-09-10,1886,"September",10
1886-09-17,1886,"September",17
1886-09-24,1886,"September",24
1886-10-01,1886,"October",1
1886-10-08,1886,"October",8
1886-10-15,1886,"October",15
1886-10-22,1886,"October",22
1886-10-29,1886,"October",29
1886-11-01,1886,"November",5
1886-11-12,1886,"November",12
1886-11-19,1886,"November",19
1886-11-26,1886,"November",26
1886-12-01,1886,"December",3
1886-12-10,1886,"December",10
1886-12-17,1886,"December",17
1886-12-24,1886,"December",24
1886-12-31,1886,"December",31
1887-01-01,1887,"January",7
1887-01-14,1887,"January",14
1887-01-21,1887,"January",21
1887-01-28,1887,"January",28
1887-02-01,1887,"February",4
1887-02-11,1887,"February",11
1887-02-18,1887,"February",18
1887-02-25,1887,"February",25
1887-03-01,1887,"March",4
1887-03-11,1887,"March",11
1887-03-18,1887,"March",18
1887-03-25,1887,"March",25
1887-04-01,1887,"April",1
1887-04-08,1887,"April",8
1887-04-15,1887,"April",15
1887-04-22,1887,"April",22
1887-04-29,1887,"April",29
1887-05-01,1887,"May",6
1887-05-13,1887,"May",13
1887-05-20,1887,"May",20
1887-05-27,1887,"May",27
1887-06-01,1887,"June",3
1887-06-10,1887,"June",10
1887-06-17,1887,"June",17
1887-06-24,1887,"June",24
1887-07-01,1887,"July",1
1887-07-08,1887,"July",8
1887-07-15,1887,"July",15
1887-07-22,1887,"July",22
1887-07-29,1887,"July",29
1887-08-01,1887,"August",5
1887-08-12,1887,"August",12
1887-08-19,1887,"August",19
1887-08-26,1887,"August",26
1887-09-01,1887,"September",2
1887-09-09,1887,"September",9
1887-09-16,1887,"September",16
1887-09-23,1887,"September",23
1887-09-30,1887,"September",30
1887-10-01,1887,"October",7
1887-10-14,1887,"October",14
1887-10-21,1887,"October",21
1887-10-28,1887,"October",28
1887-11-01,1887,"November",4
1887-11-11,1887,"November",11
1887-11-18,1887,"November",18
1887-11-25,1887,"November",25
1887-12-01,1887,"December",2
1887-12-09,1887,"December",9
1887-12-16,1887,"December",16
1887-12-23,1887,"December",23
1887-12-30,1887,"December",30
1888-01-01,1888,"January",6
1888-01-13,1888,"January",13
1888-01-20,1888,"January",20
1888-01-27,1888,"January",27
1888-02-01,1888,"February",3
1888-02-10,1888,"February",10
1888-02-17,1888,"February",17
1888-02-24,1888,"February",24
1888-03-01,1888,"March",2
1888-03-09,1888,"March",9
1888-03-16,1888,"March",16
1888-03-23,1888,"March",23
1888-03-30,1888,"March",30
1888-04-01,1888,"April",6
1888-04-13,1888,"April",13
1888-04-20,1888,"April",20
1888-04-27,1888,"April",27
1888-05-01,1888,"May",4
1888-05-11,1888,"May",11
1888-05-18,1888,"May",18
1888-05-25,1888,"May",25
1888-06-01,1888,"June",1
1888-06-08,1888,"June",8
1888-06-15,1888,"June",15
1888-06-22,1888,"June",22
1888-06-29,1888,"June",29
1888-07-01,1888,"July",6
1888-07-13,1888,"July",13
1888-07-20,1888,"July",20
1888-07-27,1888,"July",27
1888-08-01,1888,"August",3
1888-08-10,1888,"August",10
1888-08-17,1888,"August",17
1888-08-24,1888,"August",24
1888-08-31,1888,"August",31
1888-09-01,1888,"September",7
1888-09-14,1888,"September",14
1888-09-21,1888,"September",21
1888-09-28,1888,"September",28
1888-10-01,1888,"October",5
1888-10-12,1888,"October",12
1888-10-19,1888,"October",19
1888-10-26,1888,"October",26
1888-11-01,1888,"November",2
1888-11-09,1888,"November",9
1888-11-16,1888,"November",16
1888-11-23,1888,"November",23
1888-11-30,1888,"November",30
1888-12-01,1888,"December",7
1888-12-14,1888,"December",14
1888-12-21,1888,"December",21
1888-12-28,1888,"December",28
1889-01-01,1889,"January",4
1889-01-11,1889,"January",11
1889-01-18,1889,"January",18
1889-01-25,1889,"January",25
1889-02-01,1889,"February",1
1889-02-08,1889,"February",8
1889-02-15,1889,"February",15
1889-02-22,1889,"February",22
1889-03-01,1889,"March",1
1889-03-08,1889,"March",8
1889-03-15,1889,"March",15
1889-03-22,1889,"March",22
1889-03-29,1889,"March",29
1889-04-01,1889,"April",5
1889-04-12,1889,"April",12
1889-04-19,1889,"April",19
1889-04-26,1889,"April",26
1889-05-01,1889,"May",3
1889-05-10,1889,"May",10
1889-05-17,1889,"May",17
1889-05-24,1889,"May",24
1889-05-31,1889,"May",31
1889-06-01,1889,"June",7
1889-06-14,1889,"June",14
1889-06-21,1889,"June",21
1889-06-28,1889,"June",28
1889-07-01,1889,"July",5
1889-07-12,1889,"July",12
1889-07-19,1889,"July",19
1889-07-26,1889,"July",26
1889-08-01,1889,"August",2
1889-08-09,1889,"August",9
1889-08-16,1889,"August",16
1889-08-23,1889,"August",23
1889-08-30,1889,"August",30
1889-09-01,1889,"September",6
1889-09-13,1889,"September",13
1889-09-20,1889,"September",20
1889-09-27,1889,"September",27
1889-10-01,1889,"October",4
1889-10-11,1889,"October",11
1889-10-18,1889,"October",18
1889-10-25,1889,"October",25
1889-11-01,1889,"November",1
1889-11-08,1889,"November",8
1889-11-15,1889,"November",15
1889-11-22,1889,"November",22
1889-11-29,1889,"November",29
1889-12-01,1889,"December",6
1889-12-13,1889,"December",13
1889-12-20,1889,"December",20
1889-12-27,1889,"December",27
1890-01-01,1890,"January",3
1890-01-10,1890,"January",10
1890-01-17,1890,"January",17
1890-01-24,1890,"January",24
1890-01-31,1890,"January",31
1890-02-01,1890,"February",7
1890-02-14,1890,"February",14
1890-02-21,1890,"February",21
1890-02-28,1890,"February",28
1890-03-01,1890,"March",7
1890-03-14,1890,"March",14
1890-03-21,1890,"March",21
1890-03-28,1890,"March",28
1890-04-01,1890,"April",4
1890-04-11,1890,"April",11
1890-04-18,1890,"April",18
1890-04-25,1890,"April",25
1890-05-01,1890,"May",2
1890-05-09,1890,"May",9
1890-05-16,1890,"May",16
1890-05-23,1890,"May",23
1890-05-30,1890,"May",30
1890-06-01,1890,"June",6
1890-06-13,1890,"June",13
1890-06-20,1890,"June",20
1890-06-27,1890,"June",27
1890-07-01,1890,"July",4
1890-07-11,1890,"July",11
1890-07-18,1890,"July",18
1890-07-25,1890,"July",25
1890-08-01,1890,"August",1
1890-08-08,1890,"August",8
1890-08-15,1890,"August",15
1890-08-22,1890,"August",22
1890-08-29,1890,"August",29
1890-09-01,1890,"September",5
1890-09-12,1890,"September",12
1890-09-19,1890,"September",19
1890-09-26,1890,"September",26
1890-10-01,1890,"October",3
1890-10-10,1890,"October",10
1890-10-17,1890,"October",17
1890-10-24,1890,"October",24
1890-10-31,1890,"October",31
1890-11-01,1890,"November",7
1890-11-14,1890,"November",14
1890-11-21,1890,"November",21
1890-11-28,1890,"November",28
1890-12-01,1890,"December",5
1890-12-12,1890,"December",12
1890-12-19,1890,"December",19
1890-12-26,1890,"December",26
1891-01-01,1891,"January",2
1891-01-09,1891,"January",9
1891-01-16,1891,"January",16
1891-01-23,1891,"January",23
1891-01-30,1891,"January",30
1891-02-01,1891,"February",6
1891-02-13,1891,"February",13
1891-02-20,1891,"February",20
1891-02-27,1891,"February",27
1891-03-01,1891,"March",6
1891-03-13,1891,"March",13
1891-03-20,1891,"March",20
1891-03-27,1891,"March",27
1891-04-01,1891,"April",3
1891-04-10,1891,"April",10
1891-04-17,1891,"April",17
1891-04-24,1891,"April",24
1891-05-01,1891,"May",1
1891-05-08,1891,"May",8
1891-05-15,1891,"May",15
1891-05-22,1891,"May",22
1891-05-29,1891,"May",29
1891-06-01,1891,"June",5
1891-06-12,1891,"June",12
1891-06-19,1891,"June",19
1891-06-26,1891,"June",26
1891-07-01,1891,"July",3
1891-07-10,1891,"July",10
1891-07-17,1891,"July",17
1891-07-24,1891,"July",24
1891-07-31,1891,"July",31
1891-08-01,1891,"August",7
1891-08-14,1891,"August",14
1891-08-21,1891,"August",21
1891-08-28,1891,"August",28
1891-09-01,1891,"September",4
1891-09-11,1891,"September",11
1891-09-18,1891,"September",18
1891-09-25,1891,"September",25
1891-10-01,1891,"October",2
1891-10-09,1891,"October",9
1891-10-16,1891,"October",16
1891-10-23,1891,"October",23
1891-10-30,1891,"October",30
1891-11-01,1891,"November",6
1891-11-13,1891,"November",13
1891-11-20,1891,"November",20
1891-11-27,1891,"November",27
1891-12-01,1891,"December",4
1891-12-11,1891,"December",11
1891-12-18,1891,"December",18
1891-12-25,1891,"December",25
1892-01-01,1892,"January",1
1892-01-08,1892,"January",8
1892-01-15,1892,"January",15
1892-01-22,1892,"January",22
1892-01-29,1892,"January",29
1892-02-01,1892,"February",5
1892-02-12,1892,"February",12
1892-02-19,1892,"February",19
1892-02-26,1892,"February",26
1892-03-01,1892,"March",4
1892-03-11,1892,"March",11
1892-03-18,1892,"March",18
1892-03-25,1892,"March",25
1892-04-01,1892,"April",1
1892-04-08,1892,"April",8
1892-04-15,1892,"April",15
1892-04-22,1892,"April",22
1892-04-29,1892,"April",29
1892-05-01,1892,"May",6
1892-05-13,1892,"May",13
1892-05-20,1892,"May",20
1892-05-27,1892,"May",27
1892-06-01,1892,"June",3
1892-06-10,1892,"June",10
1892-06-17,1892,"June",17
1892-06-24,1892,"June",24
1892-07-01,1892,"July",1
1892-07-08,1892,"July",8
1892-07-15,1892,"July",15
1892-07-22,1892,"July",22
1892-07-29,1892,"July",29
1892-08-01,1892,"August",5
1892-08-12,1892,"August",12
1892-08-19,1892,"August",19
1892-08-26,1892,"August",26
1892-09-01,1892,"September",2
1892-09-09,1892,"September",9
1892-09-16,1892,"September",16
1892-09-23,1892,"September",23
1892-09-30,1892,"September",30
1892-10-01,1892,"October",7
1892-10-14,1892,"October",14
1892-10-21,1892,"October",21
1892-10-28,1892,"October",28
1892-11-01,1892,"November",4
1892-11-11,1892,"November",11
1892-11-18,1892,"November",18
1892-11-25,1892,"November",25
1892-12-01,1892,"December",2
1892-12-09,1892,"December",9
1892-12-16,1892,"December",16
1892-12-23,1892,"December",23
1892-12-30,1892,"December",30
1893-01-01,1893,"January",6
1893-01-13,1893,"January",13
1893-01-20,1893,"January",20
1893-01-27,1893,"January",27
1893-02-01,1893,"February",3
1893-02-10,1893,"February",10
1893-02-17,1893,"February",17
1893-02-24,1893,"February",24
1893-03-01,1893,"March",3
1893-03-10,1893,"March",10
1893-03-17,1893,"March",17
1893-03-24,1893,"March",24
1893-03-31,1893,"March",31
1893-04-01,1893,"April",7
1893-04-14,1893,"April",14
1893-04-21,1893,"April",21
1893-04-28,1893,"April",28
1893-05-01,1893,"May",5
1893-05-12,1893,"May",12
1893-05-19,1893,"May",19
1893-05-26,1893,"May",26
1893-06-01,1893,"June",2
1893-06-09,1893,"June",9
1893-06-16,1893,"June",16
1893-06-23,1893,"June",23
1893-06-30,1893,"June",30
1893-07-01,1893,"July",7
1893-07-14,1893,"July",14
1893-07-21,1893,"July",21
1893-07-28,1893,"July",28
1893-08-01,1893,"August",4
1893-08-11,1893,"August",11
1893-08-18,1893,"August",18
1893-08-25,1893,"August",25
1893-09-01,1893,"September",1
1893-09-08,1893,"September",8
1893-09-15,1893,"September",15
1893-09-22,1893,"September",22
1893-09-29,1893,"September",29
1893-10-01,1893,"October",6
1893-10-13,1893,"October",13
1893-10-20,1893,"October",20
1893-10-27,1893,"October",27
1893-11-01,1893,"November",3
1893-11-10,1893,"November",10
1893-11-17,1893,"November",17
1893-11-24,1893,"November",24
1893-12-01,1893,"December",1
1893-12-08,1893,"December",8
1893-12-15,1893,"December",15
1893-12-22,1893,"December",22
1893-12-29,1893,"December",29
1894-01-01,1894,"January",5
1894-01-12,1894,"January",12
1894-01-19,1894,"January",19
1894-01-26,1894,"January",26
1894-02-01,1894,"February",2
1894-02-09,1894,"February",9
1894-02-16,1894,"February",16
1894-02-23,1894,"February",23
1894-03-01,1894,"March",2
1894-03-09,1894,"March",9
1894-03-16,1894,"March",16
1894-03-23,1894,"March",23
1894-03-30,1894,"March",30
1894-04-01,1894,"April",6
1894-04-13,1894,"April",13
1894-04-20,1894,"April",20
1894-04-27,1894,"April",27
1894-05-01,1894,"May",4
1894-05-11,1894,"May",11
1894-05-18,1894,"May",18
1894-05-25,1894,"May",25
1894-06-01,1894,"June",1
1894-06-08,1894,"June",8
1894-06-15,1894,"June",15
1894-06-22,1894,"June",22
1894-06-29,1894,"June",29
1894-07-01,1894,"July",6
1894-07-13,1894,"July",13
1894-07-20,1894,"July",20
1894-07-27,1894,"July",27
1894-08-01,1894,"August",3
1894-08-10,1894,"August",10
1894-08-17,1894,"August",17
1894-08-24,1894,"August",24
1894-08-31,1894,"August",31
1894-09-01,1894,"September",7
1894-09-14,1894,"September",14
1894-09-21,1894,"September",21
1894-09-28,1894,"September",28
1894-10-01,1894,"October",5
1894-10-12,1894,"October",12
1894-10-19,1894,"October",19
1894-10-26,1894,"October",26
1894-11-01,1894,"November",2
1894-11-09,1894,"November",9
1894-11-16,1894,"November",16
1894-11-23,1894,"November",23
1894-11-30,1894,"November",30
1894-12-01,1894,"December",7
1894-12-14,1894,"December",14
1894-12-21,1894,"December",21
1894-12-28,1894,"December",28
1895-01-01,1895,"January",4
1895-01-11,1895,"January",11
1895-01-18,1895,"January",18
1895-01-25,1895,"January",25
1895-02-01,1895,"February",1
1895-02-08,1895,"February",8
1895-02-15,1895,"February",15
1895-02-22,1895,"February",22
1895-03-01,1895,"March",1
1895-03-08,1895,"March",8
1895-03-15,1895,"March",15
1895-03-22,1895,"March",22
1895-03-29,1895,"March",29
1895-04-01,1895,"April",5
1895-04-12,1895,"April",12
1895-04-19,1895,"April",19
1895-04-26,1895,"April",26
1895-05-01,1895,"May",3
1895-05-10,1895,"May",10
1895-05-17,1895,"May",17
1895-05-24,1895,"May",24
1895-05-31,1895,"May",31
1895-06-01,1895,"June",7
1895-06-14,1895,"June",14
1895-06-21,1895,"June",21
1895-06-28,1895,"June",28
1895-07-01,1895,"July",5
1895-07-12,1895,"July",12
1895-07-19,1895,"July",19
1895-07-26,1895,"July",26
1895-08-01,1895,"August",2
1895-08-09,1895,"August",9
1895-08-16,1895,"August",16
1895-08-23,1895,"August",23
1895-08-30,1895,"August",30
1895-09-01,1895,"September",6
1895-09-13,1895,"September",13
1895-09-20,1895,"September",20
1895-09-27,1895,"September",27
1895-10-01,1895,"October",4
1895-10-11,1895,"October",11
1895-10-18,1895,"October",18
1895-10-25,1895,"October",25
1895-11-01,1895,"November",1
1895-11-08,1895,"November",8
1895-11-15,1895,"November",15
1895-11-22,1895,"November",22
1895-11-29,1895,"November",29
1895-12-01,1895,"December",6
1895-12-13,1895,"December",13
1895-12-20,1895,"December",20
1895-12-27,1895,"December",27
1896-01-01,1896,"January",3
1896-01-10,1896,"January",10
1896-01-17,1896,"January",17
1896-01-24,1896,"January",24
1896-01-31,1896,"January",31
1896-02-01,1896,"February",7
1896-02-14,1896,"February",14
1896-02-21,1896,"February",21
1896-02-28,1896,"February",28
1896-03-01,1896,"March",6
1896-03-13,1896,"March",13
1896-03-20,1896,"March",20
1896-03-27,1896,"March",27
1896-04-01,1896,"April",3
1896-04-10,1896,"April",10
1896-04-17,1896,"April",17
1896-04-24,1896,"April",24
1896-05-01,1896,"May",1
1896-05-08,1896,"May",8
1896-05-15,1896,"May",15
1896-05-22,1896,"May",22
1896-05-29,1896,"May",29
1896-06-01,1896,"June",5
1896-06-12,1896,"June",12
1896-06-19,1896,"June",19
1896-06-26,1896,"June",26
1896-07-01,1896,"July",3
1896-07-10,1896,"July",10
1896-07-17,1896,"July",17
1896-07-24,1896,"July",24
1896-07-31,1896,"July",31
1896-08-01,1896,"August",7
1896-08-14,1896,"August",14
1896-08-21,1896,"August",21
1896-08-28,1896,"August",28
1896-09-01,1896,"September",4
1896-09-11,1896,"September",11
1896-09-18,1896,"September",18
1896-09-25,1896,"September",25
1896-10-01,1896,"October",2
1896-10-09,1896,"October",9
1896-10-16,1896,"October",16
1896-10-23,1896,"October",23
1896-10-30,1896,"October",30
1896-11-01,1896,"November",6
1896-11-13,1896,"November",13
1896-11-20,1896,"November",20
1896-11-27,1896,"November",27
1896-12-01,1896,"December",4
1896-12-11,1896,"December",11
1896-12-18,1896,"December",18
1896-12-25,1896,"December",25
1897-01-01,1897,"January",1
1897-01-08,1897,"January",8
1897-01-15,1897,"January",15
1897-01-22,1897,"January",22
1897-01-29,1897,"January",29
1897-02-01,1897,"February",5
1897-02-12,1897,"February",12
1897-02-19,1897,"February",19
1897-02-26,1897,"February",26
1897-03-01,1897,"March",5
1897-03-12,1897,"March",12
1897-03-19,1897,"March",19
1897-03-26,1897,"March",26
1897-04-01,1897,"April",2
1897-04-09,1897,"April",9
1897-04-16,1897,"April",16
1897-04-23,1897,"April",23
1897-04-30,1897,"April",30
1897-05-01,1897,"May",7
1897-05-14,1897,"May",14
1897-05-21,1897,"May",21
1897-05-28,1897,"May",28
1897-06-01,1897,"June",4
1897-06-11,1897,"June",11
1897-06-18,1897,"June",18
1897-06-25,1897,"June",25
1897-07-01,1897,"July",2
1897-07-09,1897,"July",9
1897-07-16,1897,"July",16
1897-07-23,1897,"July",23
1897-07-30,1897,"July",30
1897-08-01,1897,"August",6
1897-08-13,1897,"August",13
1897-08-20,1897,"August",20
1897-08-27,1897,"August",27
1897-09-01,1897,"September",3
1897-09-10,1897,"September",10
1897-09-17,1897,"September",17
1897-09-24,1897,"September",24
1897-10-01,1897,"October",1
1897-10-08,1897,"October",8
1897-10-15,1897,"October",15
1897-10-22,1897,"October",22
1897-10-29,1897,"October",29
1897-11-01,1897,"November",5
1897-11-12,1897,"November",12
1897-11-19,1897,"November",19
1897-11-26,1897,"November",26
1897-12-01,1897,"December",3
1897-12-10,1897,"December",10
1897-12-17,1897,"December",17
1897-12-24,1897,"December",24
1897-12-31,1897,"December",31
1898-01-01,1898,"January",7
1898-01-14,1898,"January",14
1898-01-21,1898,"January",21
1898-01-28,1898,"January",28
1898-02-01,1898,"February",4
1898-02-11,1898,"February",11
1898-02-18,1898,"February",18
1898-02-25,1898,"February",25
1898-03-01,1898,"March",4
1898-03-11,1898,"March",11
1898-03-18,1898,"March",18
1898-03-25,1898,"March",25
1898-04-01,1898,"April",1
1898-04-08,1898,"April",8
1898-04-15,1898,"April",15
1898-04-22,1898,"April",22
1898-04-29,1898,"April",29
1898-05-01,1898,"May",6
1898-05-13,1898,"May",13
1898-05-20,1898,"May",20
1898-05-27,1898,"May",27
1898-06-01,1898,"June",3
1898-06-10,1898,"June",10
1898-06-17,1898,"June",17
1898-06-24,1898,"June",24
1898-07-01,1898,"July",1
1898-07-08,1898,"July",8
1898-07-15,1898,"July",15
1898-07-22,1898,"July",22
1898-07-29,1898,"July",29
1898-08-01,1898,"August",5
1898-08-12,1898,"August",12
1898-08-19,1898,"August",19
1898-08-26,1898,"August",26
1898-09-01,1898,"September",2
1898-09-09,1898,"September",9
1898-09-16,1898,"September",16
1898-09-23,1898,"September",23
1898-09-30,1898,"September",30
1898-10-01,1898,"October",7
1898-10-14,1898,"October",14
1898-10-21,1898,"October",21
1898-10-28,1898,"October",28
1898-11-01,1898,"November",4
1898-11-11,1898,"November",11
1898-11-18,1898,"November",18
1898-11-25,1898,"November",25
1898-12-01,1898,"December",2
1898-12-09,1898,"December",9
1898-12-16,1898,"December",16
1898-12-23,1898,"December",23
1898-12-30,1898,"December",30
1899-01-01,1899,"January",6
1899-01-13,1899,"January",13
1899-01-20,1899,"January",20
1899-01-27,1899,"January",27
1899-02-01,1899,"February",3
1899-02-10,1899,"February",10
1899-02-17,1899,"February",17
1899-02-24,1899,"February",24
1899-03-01,1899,"March",3
1899-03-10,1899,"March",10
1899-03-17,1899,"March",17
1899-03-24,1899,"March",24
1899-03-31,1899,"March",31
1899-04-01,1899,"April",7
1899-04-14,1899,"April",14
1899-04-21,1899,"April",21
1899-04-28,1899,"April",28
1899-05-01,1899,"May",5
1899-05-12,1899,"May",12
1899-05-19,1899,"May",19
1899-05-26,1899,"May",26
1899-06-01,1899,"June",2
1899-06-09,1899,"June",9
1899-06-16,1899,"June",16
1899-06-23,1899,"June",23
1899-06-30,1899,"June",30
1899-07-01,1899,"July",7
1899-07-14,1899,"July",14
1899-07-21,1899,"July",21
1899-07-28,1899,"July",28
1899-08-01,1899,"August",4
1899-08-11,1899,"August",11
1899-08-18,1899,"August",18
1899-08-25,1899,"August",25
1899-09-01,1899,"September",1
1899-09-08,1899,"September",8
1899-09-15,1899,"September",15
1899-09-22,1899,"September",22
1899-09-29,1899,"September",29
1899-10-01,1899,"October",6
1899-10-13,1899,"October",13
1899-10-20,1899,"October",20
1899-10-27,1899,"October",27
1899-11-01,1899,"November",3
1899-11-10,1899,"November",10
1899-11-17,1899,"November",17
1899-11-24,1899,"November",24
1899-12-01,1899,"December",1
1899-12-08,1899,"December",8
1899-12-15,1899,"December",15
1899-12-22,1899,"December",22
1899-12-29,1899,"December",29
1900-01-01,1900,"January",5
1900-01-12,1900,"January",12
1900-01-19,1900,"January",19
1900-01-26,1900,"January",26
1900-02-01,1900,"February",2
1900-02-09,1900,"February",9
1900-02-16,1900,"February",16
1900-02-23,1900,"February",23
1900-03-01,1900,"March",2
1900-03-09,1900,"March",9
1900-03-16,1900,"March",16
1900-03-23,1900,"March",23
1900-03-30,1900,"March",30
1900-04-01,1900,"April",6
1900-04-13,1900,"April",13
1900-04-20,1900,"April",20
1900-04-27,1900,"April",27
1900-05-01,1900,"May",4
1900-05-11,1900,"May",11
1900-05-18,1900,"May",18
1900-05-25,1900,"May",25
1900-06-01,1900,"June",1
1900-06-08,1900,"June",8
1900-06-15,1900,"June",15
1900-06-22,1900,"June",22
1900-06-29,1900,"June",29
1900-07-01,1900,"July",6
1900-07-13,1900,"July",13
1900-07-20,1900,"July",20
1900-07-27,1900,"July",27
1900-08-01,1900,"August",3
1900-08-10,1900,"August",10
1900-08-17,1900,"August",17
1900-08-24,1900,"August",24
1900-08-31,1900,"August",31
1900-09-01,1900,"September",7
1900-09-14,1900,"September",14
1900-09-21,1900,"September",21
1900-09-28,1900,"September",28
1900-10-01,1900,"October",5
1900-10-12,1900,"October",12
1900-10-19,1900,"October",19
1900-10-26,1900,"October",26
1900-11-01,1900,"November",2
1900-11-09,1900,"November",9
1900-11-16,1900,"November",16
1900-11-23,1900,"November",23
1900-11-30,1900,"November",30
1900-12-01,1900,"December",7
1900-12-14,1900,"December",14
1900-12-21,1900,"December",21
1900-12-28,1900,"December",28
1901-01-01,1901,"January",4
1901-01-11,1901,"January",11
1901-01-18,1901,"January",18
1901-01-25,1901,"January",25
1901-02-01,1901,"February",1
1901-02-08,1901,"February",8
1901-02-15,1901,"February",15
1901-02-22,1901,"February",22
1901-03-01,1901,"March",1
1901-03-08,1901,"March",8
1901-03-15,1901,"March",15
1901-03-22,1901,"March",22
1901-03-29,1901,"March",29
1901-04-01,1901,"April",5
1901-04-12,1901,"April",12
1901-04-19,1901,"April",19
1901-04-26,1901,"April",26
1901-05-01,1901,"May",3
1901-05-10,1901,"May",10
1901-05-17,1901,"May",17
1901-05-24,1901,"May",24
1901-05-31,1901,"May",31
1901-06-01,1901,"June",7
1901-06-14,1901,"June",14
1901-06-21,1901,"June",21
1901-06-28,1901,"June",28
1901-07-01,1901,"July",5
1901-07-12,1901,"July",12
1901-07-19,1901,"July",19
1901-07-26,1901,"July",26
1901-08-01,1901,"August",2
1901-08-09,1901,"August",9
1901-08-16,1901,"August",16
1901-08-23,1901,"August",23
1901-08-30,1901,"August",30
1901-09-01,1901,"September",6
1901-09-13,1901,"September",13
1901-09-20,1901,"September",20
1901-09-27,1901,"September",27
1901-10-01,1901,"October",4
1901-10-11,1901,"October",11
1901-10-18,1901,"October",18
1901-10-25,1901,"October",25
1901-11-01,1901,"November",1
1901-11-08,1901,"November",8
1901-11-15,1901,"November",15
1901-11-22,1901,"November",22
1901-11-29,1901,"November",29
1901-12-01,1901,"December",6
1901-12-13,1901,"December",13
1901-12-20,1901,"December",20
1901-12-27,1901,"December",27
1902-01-01,1902,"January",3
1902-01-10,1902,"January",10
1902-01-17,1902,"January",17
1902-01-24,1902,"January",24
1902-01-31,1902,"January",31
1902-02-01,1902,"February",7
1902-02-14,1902,"February",14
1902-02-21,1902,"February",21
1902-02-28,1902,"February",28
1902-03-01,1902,"March",7
1902-03-14,1902,"March",14
1902-03-21,1902,"March",21
1902-03-28,1902,"March",28
1902-04-01,1902,"April",4
1902-04-11,1902,"April",11
1902-04-18,1902,"April",18
1902-04-25,1902,"April",25
1902-05-01,1902,"May",2
1902-05-09,1902,"May",9
1902-05-16,1902,"May",16
1902-05-23,1902,"May",23
1902-05-30,1902,"May",30
1902-06-01,1902,"June",6
1902-06-13,1902,"June",13
1902-06-20,1902,"June",20
1902-06-27,1902,"June",27
1902-07-01,1902,"July",4
1902-07-11,1902,"July",11
1902-07-18,1902,"July",18
1902-07-25,1902,"July",25
1902-08-01,1902,"August",1
1902-08-08,1902,"August",8
1902-08-15,1902,"August",15
1902-08-22,1902,"August",22
1902-08-29,1902,"August",29
1902-09-01,1902,"September",5
1902-09-12,1902,"September",12
1902-09-19,1902,"September",19
1902-09-26,1902,"September",26
1902-10-01,1902,"October",3
1902-10-10,1902,"October",10
1902-10-17,1902,"October",17
1902-10-24,1902,"October",24
1902-10-31,1902,"October",31
1902-11-01,1902,"November",7
1902-11-14,1902,"November",14
1902-11-21,1902,"November",21
1902-11-28,1902,"November",28
1902-12-01,1902,"December",5
1902-12-12,1902,"December",12
1902-12-19,1902,"December",19
1902-12-26,1902,"December",26
1903-01-01,1903,"January",2
1903-01-09,1903,"January",9
1903-01-16,1903,"January",16
1903-01-23,1903,"January",23
1903-01-30,1903,"January",30
1903-02-01,1903,"February",6
1903-02-13,1903,"February",13
1903-02-20,1903,"February",20
1903-02-27,1903,"February",27
1903-03-01,1903,"March",6
1903-03-13,1903,"March",13
1903-03-20,1903,"March",20
1903-03-27,1903,"March",27
1903-04-01,1903,"April",3
1903-04-10,1903,"April",10
1903-04-17,1903,"April",17
1903-04-24,1903,"April",24
1903-05-01,1903,"May",1
1903-05-08,1903,"May",8
1903-05-15,1903,"May",15
1903-05-22,1903,"May",22
1903-05-29,1903,"May",29
1903-06-01,1903,"June",5
1903-06-12,1903,"June",12
1903-06-19,1903,"June",19
1903-06-26,1903,"June",26
1903-07-01,1903,"July",3
1903-07-10,1903,"July",10
1903-07-17,1903,"July",17
1903-07-24,1903,"July",24
1903-07-31,1903,"July",31
1903-08-01,1903,"August",7
1903-08-14,1903,"August",14
1903-08-21,1903,"August",21
1903-08-28,1903,"August",28
1903-09-01,1903,"September",4
1903-09-11,1903,"September",11
1903-09-18,1903,"September",18
1903-09-25,1903,"September",25
1903-10-01,1903,"October",2
1903-10-09,1903,"October",9
1903-10-16,1903,"October",16
1903-10-23,1903,"October",23
1903-10-30,1903,"October",30
1903-11-01,1903,"November",6
1903-11-13,1903,"November",13
1903-11-20,1903,"November",20
1903-11-27,1903,"November",27
1903-12-01,1903,"December",4
1903-12-11,1903,"December",11
1903-12-18,1903,"December",18
1903-12-25,1903,"December",25
1904-01-01,1904,"January",1
1904-01-08,1904,"January",8
1904-01-15,1904,"January",15
1904-01-22,1904,"January",22
1904-01-29,1904,"January",29
1904-02-01,1904,"February",5
1904-02-12,1904,"February",12
1904-02-19,1904,"February",19
1904-02-26,1904,"February",26
1904-03-01,1904,"March",4
1904-03-11,1904,"March",11
1904-03-18,1904,"March",18
1904-03-25,1904,"March",25
1904-04-01,1904,"April",1
1904-04-08,1904,"April",8
1904-04-15,1904,"April",15
1904-04-22,1904,"April",22
1904-04-29,1904,"April",29
1904-05-01,1904,"May",6
1904-05-13,1904,"May",13
1904-05-20,1904,"May",20
1904-05-27,1904,"May",27
1904-06-01,1904,"June",3
1904-06-10,1904,"June",10
1904-06-17,1904,"June",17
1904-06-24,1904,"June",24
1904-07-01,1904,"July",1
1904-07-08,1904,"July",8
1904-07-15,1904,"July",15
1904-07-22,1904,"July",22
1904-07-29,1904,"July",29
1904-08-01,1904,"August",5
1904-08-12,1904,"August",12
1904-08-19,1904,"August",19
1904-08-26,1904,"August",26
1904-09-01,1904,"September",2
1904-09-09,1904,"September",9
1904-09-16,1904,"September",16
1904-09-23,1904,"September",23
1904-09-30,1904,"September",30
1904-10-01,1904,"October",7
1904-10-14,1904,"October",14
1904-10-21,1904,"October",21
1904-10-28,1904,"October",28
1904-11-01,1904,"November",4
1904-11-11,1904,"November",11
1904-11-18,1904,"November",18
1904-11-25,1904,"November",25
1904-12-01,1904,"December",2
1904-12-09,1904,"December",9
1904-12-16,1904,"December",16
1904-12-23,1904,"December",23
1904-12-30,1904,"December",30
1905-01-01,1905,"January",6
1905-01-13,1905,"January",13
1905-01-20,1905,"January",20
1905-01-27,1905,"January",27
1905-02-01,1905,"February",3
1905-02-10,1905,"February",10
1905-02-17,1905,"February",17
1905-02-24,1905,"February",24
1905-03-01,1905,"March",3
1905-03-10,1905,"March",10
1905-03-17,1905,"March",17
1905-03-24,1905,"March",24
1905-03-31,1905,"March",31
1905-04-01,1905,"April",7
1905-04-14,1905,"April",14
1905-04-21,1905,"April",21
1905-04-28,1905,"April",28
1905-05-01,1905,"May",5
1905-05-12,1905,"May",12
1905-05-19,1905,"May",19
1905-05-26,1905,"May",26
1905-06-01,1905,"June",2
1905-06-09,1905,"June",9
1905-06-16,1905,"June",16
1905-06-23,1905,"June",23
1905-06-30,1905,"June",30
1905-07-01,1905,"July",7
1905-07-14,1905,"July",14
1905-07-21,1905,"July",21
1905-07-28,1905,"July",28
1905-08-01,1905,"August",4
1905-08-11,1905,"August",11
1905-08-18,1905,"August",18
1905-08-25,1905,"August",25
1905-09-01,1905,"September",1
1905-09-08,1905,"September",8
1905-09-15,1905,"September",15
1905-09-22,1905,"September",22
1905-09-29,1905,"September",29
1905-10-01,1905,"October",6
1905-10-13,1905,"October",13
1905-10-20,1905,"October",20
1905-10-27,1905,"October",27
1905-11-01,1905,"November",3
1905-11-10,1905,"November",10
1905-11-17,1905,"November",17
1905-11-24,1905,"November",24
1905-12-01,1905,"December",1
1905-12-08,1905,"December",8
1905-12-15,1905,"December",15
1905-12-22,1905,"December",22
1905-12-29,1905,"December",29
1906-01-01,1906,"January",5
1906-01-12,1906,"January",12
1906-01-19,1906,"January",19
1906-01-26,1906,"January",26
1906-02-01,1906,"February",2
1906-02-09,1906,"February",9
1906-02-16,1906,"February",16
1906-02-23,1906,"February",23
1906-03-01,1906,"March",2
1906-03-09,1906,"March",9
1906-03-16,1906,"March",16
1906-03-23,1906,"March",23
1906-03-30,1906,"March",30
1906-04-01,1906,"April",6
1906-04-13,1906,"April",13
1906-04-20,1906,"April",20
1906-04-27,1906,"April",27
1906-05-01,1906,"May",4
1906-05-11,1906,"May",11
1906-05-18,1906,"May",18
1906-05-25,1906,"May",25
1906-06-01,1906,"June",1
1906-06-08,1906,"June",8
1906-06-15,1906,"June",15
1906-06-22,1906,"June",22
1906-06-29,1906,"June",29
1906-07-01,1906,"July",6
1906-07-13,1906,"July",13
1906-07-20,1906,"July",20
1906-07-27,1906,"July",27
1906-08-01,1906,"August",3
1906-08-10,1906,"August",10
1906-08-17,1906,"August",17
1906-08-24,1906,"August",24
1906-08-31,1906,"August",31
1906-09-01,1906,"September",7
1906-09-14,1906,"September",14
1906-09-21,1906,"September",21
1906-09-28,1906,"September",28
1906-10-01,1906,"October",5
1906-10-12,1906,"October",12
1906-10-19,1906,"October",19
1906-10-26,1906,"October",26
1906-11-01,1906,"November",2
1906-11-09,1906,"November",9
1906-11-16,1906,"November",16
1906-11-23,1906,"November",23
1906-11-30,1906,"November",30
1906-12-01,1906,"December",7
1906-12-14,1906,"December",14
1906-12-21,1906,"December",21
1906-12-28,1906,"December",28
1907-01-01,1907,"January",4
1907-01-11,1907,"January",11
1907-01-18,1907,"January",18
1907-01-25,1907,"January",25
1907-02-01,1907,"February",1
1907-02-08,1907,"February",8
1907-02-15,1907,"February",15
1907-02-22,1907,"February",22
1907-03-01,1907,"March",1
1907-03-08,1907,"March",8
1907-03-15,1907,"March",15
1907-03-22,1907,"March",22
1907-03-29,1907,"March",29
1907-04-01,1907,"April",5
1907-04-12,1907,"April",12
1907-04-19,1907,"April",19
1907-04-26,1907,"April",26
1907-05-01,1907,"May",3
1907-05-10,1907,"May",10
1907-05-17,1907,"May",17
1907-05-24,1907,"May",24
1907-05-31,1907,"May",31
1907-06-01,1907,"June",7
1907-06-14,1907,"June",14
1907-06-21,1907,"June",21
1907-06-28,1907,"June",28
1907-07-01,1907,"July",5
1907-07-12,1907,"July",12
1907-07-19,1907,"July",19
1907-07-26,1907,"July",26
1907-08-01,1907,"August",2
1907-08-09,1907,"August",9
1907-08-16,1907,"August",16
1907-08-23,1907,"August",23
1907-08-30,1907,"August",30
1907-09-01,1907,"September",6
1907-09-13,1907,"September",13
1907-09-20,1907,"September",20
1907-09-27,1907,"September",27
1907-10-01,1907,"October",4
1907-10-11,1907,"October",11
1907-10-18,1907,"October",18
1907-10-25,1907,"October",25
1907-11-01,1907,"November",1
1907-11-08,1907,"November",8
1907-11-15,1907,"November",15
1907-11-22,1907,"November",22
1907-11-29,1907,"November",29
1907-12-01,1907,"December",6
1907-12-13,1907,"December",13
1907-12-20,1907,"December",20
1907-12-27,1907,"December",27
1908-01-01,1908,"January",3
1908-01-10,1908,"January",10
1908-01-17,1908,"January",17
1908-01-24,1908,"January",24
1908-01-31,1908,"January",31
1908-02-01,1908,"February",7
1908-02-14,1908,"February",14
1908-02-21,1908,"February",21
1908-02-28,1908,"February",28
1908-03-01,1908,"March",6
1908-03-13,1908,"March",13
1908-03-20,1908,"March",20
1908-03-27,1908,"March",27
1908-04-01,1908,"April",3
1908-04-10,1908,"April",10
1908-04-17,1908,"April",17
1908-04-24,1908,"April",24
1908-05-01,1908,"May",1
1908-05-08,1908,"May",8
1908-05-15,1908,"May",15
1908-05-22,1908,"May",22
1908-05-29,1908,"May",29
1908-06-01,1908,"June",5
1908-06-12,1908,"June",12
1908-06-19,1908,"June",19
1908-06-26,1908,"June",26
1908-07-01,1908,"July",3
1908-07-10,1908,"July",10
1908-07-17,1908,"July",17
1908-07-24,1908,"July",24
1908-07-31,1908,"July",31
1908-08-01,1908,"August",7
1908-08-14,1908,"August",14
1908-08-21,1908,"August",21
1908-08-28,1908,"August",28
1908-09-01,1908,"September",4
1908-09-11,1908,"September",11
1908-09-18,1908,"September",18
1908-09-25,1908,"September",25
1908-10-01,1908,"October",2
1908-10-09,1908,"October",9
1908-10-16,1908,"October",16
1908-10-23,1908,"October",23
1908-10-30,1908,"October",30
1908-11-01,1908,"November",6
1908-11-13,1908,"November",13
1908-11-20,1908,"November",20
1908-11-27,1908,"November",27
1908-12-01,1908,"December",4
1908-12-11,1908,"December",11
1908-12-18,1908,"December",18
1908-12-25,1908,"December",25
1909-01-01,1909,"January",1
1909-01-08,1909,"January",8
1909-01-15,1909,"January",15
1909-01-22,1909,"January",22
1909-01-29,1909,"January",29
1909-02-01,1909,"February",5
1909-02-12,1909,"February",12
1909-02-19,1909,"February",19
1909-02-26,1909,"February",26
1909-03-01,1909,"March",5
1909-03-12,1909,"March",12
1909-03-19,1909,"March",19
1909-03-26,1909,"March",26
1909-04-01,1909,"April",2
1909-04-09,1909,"April",9
1909-04-16,1909,"April",16
1909-04-23,1909,"April",23
1909-04-30,1909,"April",30
1909-05-01,1909,"May",7
1909-05-14,1909,"May",14
1909-05-21,1909,"May",21
1909-05-28,1909,"May",28
1909-06-01,1909,"June",4
1909-06-11,1909,"June",11
1909-06-18,1909,"June",18
1909-06-25,1909,"June",25
1909-07-01,1909,"July",2
1909-07-09,1909,"July",9
1909-07-16,1909,"July",16
1909-07-23,1909,"July",23
1909-07-30,1909,"July",30
1909-08-01,1909,"August",6
1909-08-13,1909,"August",13
1909-08-20,1909,"August",20
1909-08-27,1909,"August",27
1909-09-01,1909,"September",3
1909-09-10,1909,"September",10
1909-09-17,1909,"September",17
1909-09-24,1909,"September",24
1909-10-01,1909,"October",1
1909-10-08,1909,"October",8
1909-10-15,1909,"October",15
1909-10-22,1909,"October",22
1909-10-29,1909,"October",29
1909-11-01,1909,"November",5
1909-11-12,1909,"November",12
1909-11-19,1909,"November",19
1909-11-26,1909,"November",26
1909-12-01,1909,"December",3
1909-12-10,1909,"December",10
1909-12-17,1909,"December",17
1909-12-24,1909,"December",24
1909-12-31,1909,"December",31
1910-01-01,1910,"January",7
1910-01-14,1910,"January",14
1910-01-21,1910,"January",21
1910-01-28,1910,"January",28
1910-02-01,1910,"February",4
1910-02-11,1910,"February",11
1910-02-18,1910,"February",18
1910-02-25,1910,"February",25
1910-03-01,1910,"March",4
1910-03-11,1910,"March",11
1910-03-18,1910,"March",18
1910-03-25,1910,"March",25
1910-04-01,1910,"April",1
1910-04-08,1910,"April",8
1910-04-15,1910,"April",15
1910-04-22,1910,"April",22
1910-04-29,1910,"April",29
1910-05-01,1910,"May",6
1910-05-13,1910,"May",13
1910-05-20,1910,"May",20
1910-05-27,1910,"May",27
1910-06-01,1910,"June",3
1910-06-10,1910,"June",10
1910-06-17,1910,"June",17
1910-06-24,1910,"June",24
1910-07-01,1910,"July",1
1910-07-08,1910,"July",8
1910-07-15,1910,"July",15
1910-07-22,1910,"July",22
1910-07-29,1910,"July",29
1910-08-01,1910,"August",5
1910-08-12,1910,"August",12
1910-08-19,1910,"August",19
1910-08-26,1910,"August",26
1910-09-01,1910,"September",2
1910-09-09,1910,"September",9
1910-09-16,1910,"September",16
1910-09-23,1910,"September",23
1910-09-30,1910,"September",30
1910-10-01,1910,"October",7
1910-10-14,1910,"October",14
1910-10-21,1910,"October",21
1910-10-28,1910,"October",28
1910-11-01,1910,"November",4
1910-11-11,1910,"November",11
1910-11-18,1910,"November",18
1910-11-25,1910,"November",25
1910-12-01,1910,"December",2
1910-12-09,1910,"December",9
1910-12-16,1910,"December",16
1910-12-23,1910,"December",23
1910-12-30,1910,"December",30
1911-01-01,1911,"January",6
1911-01-13,1911,"January",13
1911-01-20,1911,"January",20
1911-01-27,1911,"January",27
1911-02-01,1911,"February",3
1911-02-10,1911,"February",10
1911-02-17,1911,"February",17
1911-02-24,1911,"February",24
1911-03-01,1911,"March",3
1911-03-10,1911,"March",10
1911-03-17,1911,"March",17
1911-03-24,1911,"March",24
1911-03-31,1911,"March",31
1911-04-01,1911,"April",7
1911-04-14,1911,"April",14
1911-04-21,1911,"April",21
1911-04-28,1911,"April",28
1911-05-01,1911,"May",5
1911-05-12,1911,"May",12
1911-05-19,1911,"May",19
1911-05-26,1911,"May",26
1911-06-01,1911,"June",2
1911-06-09,1911,"June",9
1911-06-16,1911,"June",16
1911-06-23,1911,"June",23
1911-06-30,1911,"June",30
1911-07-01,1911,"July",7
1911-07-14,1911,"July",14
1911-07-21,1911,"July",21
1911-07-28,1911,"July",28
1911-08-01,1911,"August",4
1911-08-11,1911,"August",11
1911-08-18,1911,"August",18
1911-08-25,1911,"August",25
1911-09-01,1911,"September",1
1911-09-08,1911,"September",8
1911-09-15,1911,"September",15
1911-09-22,1911,"September",22
1911-09-29,1911,"September",29
1911-10-01,1911,"October",6
1911-10-13,1911,"October",13
1911-10-20,1911,"October",20
1911-10-27,1911,"October",27
1911-11-01,1911,"November",3
1911-11-10,1911,"November",10
1911-11-17,1911,"November",17
1911-11-24,1911,"November",24
1911-12-01,1911,"December",1
1911-12-08,1911,"December",8
1911-12-15,1911,"December",15
1911-12-22,1911,"December",22
1911-12-29,1911,"December",29
1912-01-01,1912,"January",5
1912-01-12,1912,"January",12
1912-01-19,1912,"January",19
1912-01-26,1912,"January",26
1912-02-01,1912,"February",2
1912-02-09,1912,"February",9
1912-02-16,1912,"February",16
1912-02-23,1912,"February",23
1912-03-01,1912,"March",1
1912-03-08,1912,"March",8
1912-03-15,1912,"March",15
1912-03-22,1912,"March",22
1912-03-29,1912,"March",29
1912-04-01,1912,"April",5
1912-04-12,1912,"April",12
1912-04-19,1912,"April",19
1912-04-26,1912,"April",26
1912-05-01,1912,"May",3
1912-05-10,1912,"May",10
1912-05-17,1912,"May",17
1912-05-24,1912,"May",24
1912-05-31,1912,"May",31
1912-06-01,1912,"June",7
1912-06-14,1912,"June",14
1912-06-21,1912,"June",21
1912-06-28,1912,"June",28
1912-07-01,1912,"July",5
1912-07-12,1912,"July",12
1912-07-19,1912,"July",19
1912-07-26,1912,"July",26
1912-08-01,1912,"August",2
1912-08-09,1912,"August",9
1912-08-16,1912,"August",16
1912-08-23,1912,"August",23
1912-08-30,1912,"August",30
1912-09-01,1912,"September",6
1912-09-13,1912,"September",13
1912-09-20,1912,"September",20
1912-09-27,1912,"September",27
1912-10-01,1912,"October",4
1912-10-11,1912,"October",11
1912-10-18,1912,"October",18
1912-10-25,1912,"October",25
1912-11-01,1912,"November",1
1912-11-08,1912,"November",8
1912-11-15,1912,"November",15
1912-11-22,1912,"November",22
1912-11-29,1912,"November",29
1912-12-01,1912,"December",6
1912-12-13,1912,"December",13
1912-12-20,1912,"December",20
1912-12-27,1912,"December",27
1913-01-01,1913,"January",3
1913-01-10,1913,"January",10
1913-01-17,1913,"January",17
1913-01-24,1913,"January",24
1913-01-31,1913,"January",31
1913-02-01,1913,"February",7
1913-02-14,1913,"February",14
1913-02-21,1913,"February",21
1913-02-28,1913,"February",28
1913-03-01,1913,"March",7
1913-03-14,1913,"March",14
1913-03-21,1913,"March",21
1913-03-28,1913,"March",28
1913-04-01,1913,"April",4
1913-04-11,1913,"April",11
1913-04-18,1913,"April",18
1913-04-25,1913,"April",25
1913-05-01,1913,"May",2
1913-05-09,1913,"May",9
1913-05-16,1913,"May",16
1913-05-23,1913,"May",23
1913-05-30,1913,"May",30
1913-06-01,1913,"June",6
1913-06-13,1913,"June",13
1913-06-20,1913,"June",20
1913-06-27,1913,"June",27
1913-07-01,1913,"July",4
1913-07-11,1913,"July",11
1913-07-18,1913,"July",18
1913-07-25,1913,"July",25
1913-08-01,1913,"August",1
1913-08-08,1913,"August",8
1913-08-15,1913,"August",15
1913-08-22,1913,"August",22
1913-08-29,1913,"August",29
1913-09-01,1913,"September",5
1913-09-12,1913,"September",12
1913-09-19,1913,"September",19
1913-09-26,1913,"September",26
1913-10-01,1913,"October",3
1913-10-10,1913,"October",10
1913-10-17,1913,"October",17
1913-10-24,1913,"October",24
1913-10-31,1913,"October",31
1913-11-01,1913,"November",7
1913-11-14,1913,"November",14
1913-11-21,1913,"November",21
1913-11-28,1913,"November",28
1913-12-01,1913,"December",5
1913-12-12,1913,"December",12
1913-12-19,1913,"December",19
1913-12-26,1913,"December",26
1914-01-01,1914,"January",2
1914-01-09,1914,"January",9
1914-01-16,1914,"January",16
1914-01-23,1914,"January",23
1914-01-30,1914,"January",30
1914-02-01,1914,"February",6
1914-02-13,1914,"February",13
1914-02-20,1914,"February",20
1914-02-27,1914,"February",27
1914-03-01,1914,"March",6
1914-03-13,1914,"March",13
1914-03-20,1914,"March",20
1914-03-27,1914,"March",27
1914-04-01,1914,"April",3
1914-04-10,1914,"April",10
1914-04-17,1914,"April",17
1914-04-24,1914,"April",24
1914-05-01,1914,"May",1
1914-05-08,1914,"May",8
1914-05-15,1914,"May",15
1914-05-22,1914,"May",22
1914-05-29,1914,"May",29
1914-06-01,1914,"June",5
1914-06-12,1914,"June",12
1914-06-19,1914,"June",19
1914-06-26,1914,"June",26
1914-07-01,1914,"July",3
1914-07-10,1914,"July",10
1914-07-17,1914,"July",17
1914-07-24,1914,"July",24
1914-07-31,1914,"July",31
1914-08-01,1914,"August",7
1914-08-14,1914,"August",14
1914-08-21,1914,"August",21
1914-08-28,1914,"August",28
1914-09-01,1914,"September",4
1914-09-11,1914,"September",11
1914-09-18,1914,"September",18
1914-09-25,1914,"September",25
1914-10-01,1914,"October",2
1914-10-09,1914,"October",9
1914-10-16,1914,"October",16
1914-10-23,1914,"October",23
1914-10-30,1914,"October",30
1914-11-01,1914,"November",6
1914-11-13,1914,"November",13
1914-11-20,1914,"November",20
1914-11-27,1914,"November",27
1914-12-01,1914,"December",4
1914-12-11,1914,"December",11
1914-12-18,1914,"December",18
1914-12-25,1914,"December",25
1915-01-01,1915,"January",1
1915-01-08,1915,"January",8
1915-01-15,1915,"January",15
1915-01-22,1915,"January",22
1915-01-29,1915,"January",29
1915-02-01,1915,"February",5
1915-02-12,1915,"February",12
1915-02-19,1915,"February",19
1915-02-26,1915,"February",26
1915-03-01,1915,"March",5
1915-03-12,1915,"March",12
1915-03-19,1915,"March",19
1915-03-26,1915,"March",26
1915-04-01,1915,"April",2
1915-04-09,1915,"April",9
1915-04-16,1915,"April",16
1915-04-23,1915,"April",23
1915-04-30,1915,"April",30
1915-05-01,1915,"May",7
1915-05-14,1915,"May",14
1915-05-21,1915,"May",21
1915-05-28,1915,"May",28
1915-06-01,1915,"June",4
1915-06-11,1915,"June",11
1915-06-18,1915,"June",18
1915-06-25,1915,"June",25
1915-07-01,1915,"July",2
1915-07-09,1915,"July",9
1915-07-16,1915,"July",16
1915-07-23,1915,"July",23
1915-07-30,1915,"July",30
1915-08-01,1915,"August",6
1915-08-13,1915,"August",13
1915-08-20,1915,"August",20
1915-08-27,1915,"August",27
1915-09-01,1915,"September",3
1915-09-10,1915,"September",10
1915-09-17,1915,"September",17
1915-09-24,1915,"September",24
1915-10-01,1915,"October",1
1915-10-08,1915,"October",8
1915-10-15,1915,"October",15
1915-10-22,1915,"October",22
1915-10-29,1915,"October",29
1915-11-01,1915,"November",5
1915-11-12,1915,"November",12
1915-11-19,1915,"November",19
1915-11-26,1915,"November",26
1915-12-01,1915,"December",3
1915-12-10,1915,"December",10
1915-12-17,1915,"December",17
1915-12-24,1915,"December",24
1915-12-31,1915,"December",31
1916-01-01,1916,"January",7
1916-01-14,1916,"January",14
1916-01-21,1916,"January",21
1916-01-28,1916,"January",28
1916-02-01,1916,"February",4
1916-02-11,1916,"February",11
1916-02-18,1916,"February",18
1916-02-25,1916,"February",25
1916-03-01,1916,"March",3
1916-03-10,1916,"March",10
1916-03-17,1916,"March",17
1916-03-24,1916,"March",24
1916-03-31,1916,"March",31
1916-04-01,1916,"April",7
1916-04-14,1916,"April",14
1916-04-21,1916,"April",21
1916-04-28,1916,"April",28
1916-05-01,1916,"May",5
1916-05-12,1916,"May",12
1916-05-19,1916,"May",19
1916-05-26,1916,"May",26
1916-06-01,1916,"June",2
1916-06-09,1916,"June",9
1916-06-16,1916,"June",16
1916-06-23,1916,"June",23
1916-06-30,1916,"June",30
1916-07-01,1916,"July",7
1916-07-14,1916,"July",14
1916-07-21,1916,"July",21
1916-07-28,1916,"July",28
1916-08-01,1916,"August",4
1916-08-11,1916,"August",11
1916-08-18,1916,"August",18
1916-08-25,1916,"August",25
1916-09-01,1916,"September",1
1916-09-08,1916,"September",8
1916-09-15,1916,"September",15
1916-09-22,1916,"September",22
1916-09-29,1916,"September",29
1916-10-01,1916,"October",6
1916-10-13,1916,"October",13
1916-10-20,1916,"October",20
1916-10-27,1916,"October",27
1916-11-01,1916,"November",3
1916-11-10,1916,"November",10
1916-11-17,1916,"November",17
1916-11-24,1916,"November",24
1916-12-01,1916,"December",1
1916-12-08,1916,"December",8
1916-12-15,1916,"December",15
1916-12-22,1916,"December",22
1916-12-29,1916,"December",29
1917-01-01,1917,"January",5
1917-01-12,1917,"January",12
1917-01-19,1917,"January",19
1917-01-26,1917,"January",26
1917-02-01,1917,"February",2
1917-02-09,1917,"February",9
1917-02-16,1917,"February",16
1917-02-23,1917,"February",23
1917-03-01,1917,"March",2
1917-03-09,1917,"March",9
1917-03-16,1917,"March",16
1917-03-23,1917,"March",23
1917-03-30,1917,"March",30
1917-04-01,1917,"April",6
1917-04-13,1917,"April",13
1917-04-20,1917,"April",20
1917-04-27,1917,"April",27
1917-05-01,1917,"May",4
1917-05-11,1917,"May",11
1917-05-18,1917,"May",18
1917-05-25,1917,"May",25
1917-06-01,1917,"June",1
1917-06-08,1917,"June",8
1917-06-15,1917,"June",15
1917-06-22,1917,"June",22
1917-06-29,1917,"June",29
1917-07-01,1917,"July",6
1917-07-13,1917,"July",13
1917-07-20,1917,"July",20
1917-07-27,1917,"July",27
1917-08-01,1917,"August",3
1917-08-10,1917,"August",10
1917-08-17,1917,"August",17
1917-08-24,1917,"August",24
1917-08-31,1917,"August",31
1917-09-01,1917,"September",7
1917-09-14,1917,"September",14
1917-09-21,1917,"September",21
1917-09-28,1917,"September",28
1917-10-01,1917,"October",5
1917-10-12,1917,"October",12
1917-10-19,1917,"October",19
1917-10-26,1917,"October",26
1917-11-01,1917,"November",2
1917-11-09,1917,"November",9
1917-11-16,1917,"November",16
1917-11-23,1917,"November",23
1917-11-30,1917,"November",30
1917-12-01,1917,"December",7
1917-12-14,1917,"December",14
1917-12-21,1917,"December",21
1917-12-28,1917,"December",28
1918-01-01,1918,"January",4
1918-01-11,1918,"January",11
1918-01-18,1918,"January",18
1918-01-25,1918,"January",25
1918-02-01,1918,"February",1
1918-02-08,1918,"February",8
1918-02-15,1918,"February",15
1918-02-22,1918,"February",22
1918-03-01,1918,"March",1
1918-03-08,1918,"March",8
1918-03-15,1918,"March",15
1918-03-22,1918,"March",22
1918-03-29,1918,"March",29
1918-04-01,1918,"April",5
1918-04-12,1918,"April",12
1918-04-19,1918,"April",19
1918-04-26,1918,"April",26
1918-05-01,1918,"May",3
1918-05-10,1918,"May",10
1918-05-17,1918,"May",17
1918-05-24,1918,"May",24
1918-05-31,1918,"May",31
1918-06-01,1918,"June",7
1918-06-14,1918,"June",14
1918-06-21,1918,"June",21
1918-06-28,1918,"June",28
1918-07-01,1918,"July",5
1918-07-12,1918,"July",12
1918-07-19,1918,"July",19
1918-07-26,1918,"July",26
1918-08-01,1918,"August",2
1918-08-09,1918,"August",9
1918-08-16,1918,"August",16
1918-08-23,1918,"August",23
1918-08-30,1918,"August",30
1918-09-01,1918,"September",6
1918-09-13,1918,"September",13
1918-09-20,1918,"September",20
1918-09-27,1918,"September",27
1918-10-01,1918,"October",4
1918-10-11,1918,"October",11
1918-10-18,1918,"October",18
1918-10-25,1918,"October",25
1918-11-01,1918,"November",1
1918-11-08,1918,"November",8
1918-11-15,1918,"November",15
1918-11-22,1918,"November",22
1918-11-29,1918,"November",29
1918-12-01,1918,"December",6
1918-12-13,1918,"December",13
1918-12-20,1918,"December",20
1918-12-27,1918,"December",27
1919-01-01,1919,"January",3
1919-01-10,1919,"January",10
1919-01-17,1919,"January",17
1919-01-24,1919,"January",24
1919-01-31,1919,"January",31
1919-02-01,1919,"February",7
1919-02-14,1919,"February",14
1919-02-21,1919,"February",21
1919-02-28,1919,"February",28
1919-03-01,1919,"March",7
1919-03-14,1919,"March",14
1919-03-21,1919,"March",21
1919-03-28,1919,"March",28
1919-04-01,1919,"April",4
1919-04-11,1919,"April",11
1919-04-18,1919,"April",18
1919-04-25,1919,"April",25
1919-05-01,1919,"May",2
1919-05-09,1919,"May",9
1919-05-16,1919,"May",16
1919-05-23,1919,"May",23
1919-05-30,1919,"May",30
1919-06-01,1919,"June",6
1919-06-13,1919,"June",13
1919-06-20,1919,"June",20
1919-06-27,1919,"June",27
1919-07-01,1919,"July",4
1919-07-11,1919,"July",11
1919-07-18,1919,"July",18
1919-07-25,1919,"July",25
1919-08-01,1919,"August",1
1919-08-08,1919,"August",8
1919-08-15,1919,"August",15
1919-08-22,1919,"August",22
1919-08-29,1919,"August",29
1919-09-01,1919,"September",5
1919-09-12,1919,"September",12
1919-09-19,1919,"September",19
1919-09-26,1919,"September",26
1919-10-01,1919,"October",3
1919-10-10,1919,"October",10
1919-10-17,1919,"October",17
1919-10-24,1919,"October",24
1919-10-31,1919,"October",31
1919-11-01,1919,"November",7
1919-11-14,1919,"November",14
1919-11-21,1919,"November",21
1919-11-28,1919,"November",28
1919-12-01,1919,"December",5
1919-12-12,1919,"December",12
1919-12-19,1919,"December",19
1919-12-26,1919,"December",26
1920-01-01,1920,"January",2
1920-01-09,1920,"January",9
1920-01-16,1920,"January",16
1920-01-23,1920,"January",23
1920-01-30,1920,"January",30
1920-02-01,1920,"February",6
1920-02-13,1920,"February",13
1920-02-20,1920,"February",20
1920-02-27,1920,"February",27
1920-03-01,1920,"March",5
1920-03-12,1920,"March",12
1920-03-19,1920,"March",19
1920-03-26,1920,"March",26
1920-04-01,1920,"April",2
1920-04-09,1920,"April",9
1920-04-16,1920,"April",16
1920-04-23,1920,"April",23
1920-04-30,1920,"April",30
1920-05-01,1920,"May",7
1920-05-14,1920,"May",14
1920-05-21,1920,"May",21
1920-05-28,1920,"May",28
1920-06-01,1920,"June",4
1920-06-11,1920,"June",11
1920-06-18,1920,"June",18
1920-06-25,1920,"June",25
1920-07-01,1920,"July",2
1920-07-09,1920,"July",9
1920-07-16,1920,"July",16
1920-07-23,1920,"July",23
1920-07-30,1920,"July",30
1920-08-01,1920,"August",6
1920-08-13,1920,"August",13
1920-08-20,1920,"August",20
1920-08-27,1920,"August",27
1920-09-01,1920,"September",3
1920-09-10,1920,"September",10
1920-09-17,1920,"September",17
1920-09-24,1920,"September",24
1920-10-01,1920,"October",1
1920-10-08,1920,"October",8
1920-10-15,1920,"October",15
1920-10-22,1920,"October",22
1920-10-29,1920,"October",29
1920-11-01,1920,"November",5
1920-11-12,1920,"November",12
1920-11-19,1920,"November",19
1920-11-26,1920,"November",26
1920-12-01,1920,"December",3
1920-12-10,1920,"December",10
1920-12-17,1920,"December",17
1920-12-24,1920,"December",24
1920-12-31,1920,"December",31
1921-01-01,1921,"January",7
1921-01-14,1921,"January",14
1921-01-21,1921,"January",21
1921-01-28,1921,"January",28
1921-02-01,1921,"February",4
1921-02-11,1921,"February",11
1921-02-18,1921,"February",18
1921-02-25,1921,"February",25
1921-03-01,1921,"March",4
1921-03-11,1921,"March",11
1921-03-18,1921,"March",18
1921-03-25,1921,"March",25
1921-04-01,1921,"April",1
1921-04-08,1921,"April",8
1921-04-15,1921,"April",15
1921-04-22,1921,"April",22
1921-04-29,1921,"April",29
1921-05-01,1921,"May",6
1921-05-13,1921,"May",13
1921-05-20,1921,"May",20
1921-05-27,1921,"May",27
1921-06-01,1921,"June",3
1921-06-10,1921,"June",10
1921-06-17,1921,"June",17
1921-06-24,1921,"June",24
1921-07-01,1921,"July",1
1921-07-08,1921,"July",8
1921-07-15,1921,"July",15
1921-07-22,1921,"July",22
1921-07-29,1921,"July",29
1921-08-01,1921,"August",5
1921-08-12,1921,"August",12
1921-08-19,1921,"August",19
1921-08-26,1921,"August",26
1921-09-01,1921,"September",2
1921-09-09,1921,"September",9
1921-09-16,1921,"September",16
1921-09-23,1921,"September",23
1921-09-30,1921,"September",30
1921-10-01,1921,"October",7
1921-10-14,1921,"October",14
1921-10-21,1921,"October",21
1921-10-28,1921,"October",28
1921-11-01,1921,"November",4
1921-11-11,1921,"November",11
1921-11-18,1921,"November",18
1921-11-25,1921,"November",25
1921-12-01,1921,"December",2
1921-12-09,1921,"December",9
1921-12-16,1921,"December",16
1921-12-23,1921,"December",23
1921-12-30,1921,"December",30
1922-01-01,1922,"January",6
1922-01-13,1922,"January",13
1922-01-20,1922,"January",20
1922-01-27,1922,"January",27
1922-02-01,1922,"February",3
1922-02-10,1922,"February",10
1922-02-17,1922,"February",17
1922-02-24,1922,"February",24
1922-03-01,1922,"March",3
1922-03-10,1922,"March",10
1922-03-17,1922,"March",17
1922-03-24,1922,"March",24
1922-03-31,1922,"March",31
1922-04-01,1922,"April",7
1922-04-14,1922,"April",14
1922-04-21,1922,"April",21
1922-04-28,1922,"April",28
1922-05-01,1922,"May",5
1922-05-12,1922,"May",12
1922-05-19,1922,"May",19
1922-05-26,1922,"May",26
1922-06-01,1922,"June",2
1922-06-09,1922,"June",9
1922-06-16,1922,"June",16
1922-06-23,1922,"June",23
1922-06-30,1922,"June",30
1922-07-01,1922,"July",7
1922-07-14,1922,"July",14
1922-07-21,1922,"July",21
1922-07-28,1922,"July",28
1922-08-01,1922,"August",4
1922-08-11,1922,"August",11
1922-08-18,1922,"August",18
1922-08-25,1922,"August",25
1922-09-01,1922,"September",1
1922-09-08,1922,"September",8
1922-09-15,1922,"September",15
1922-09-22,1922,"September",22
1922-09-29,1922,"September",29
1922-10-01,1922,"October",6
1922-10-13,1922,"October",13
1922-10-20,1922,"October",20
1922-10-27,1922,"October",27
1922-11-01,1922,"November",3
1922-11-10,1922,"November",10
1922-11-17,1922,"November",17
1922-11-24,1922,"November",24
1922-12-01,1922,"December",1
1922-12-08,1922,"December",8
1922-12-15,1922,"December",15
1922-12-22,1922,"December",22
1922-12-29,1922,"December",29
1923-01-01,1923,"January",5
1923-01-12,1923,"January",12
1923-01-19,1923,"January",19
1923-01-26,1923,"January",26
1923-02-01,1923,"February",2
1923-02-09,1923,"February",9
1923-02-16,1923,"February",16
1923-02-23,1923,"February",23
1923-03-01,1923,"March",2
1923-03-09,1923,"March",9
1923-03-16,1923,"March",16
1923-03-23,1923,"March",23
1923-03-30,1923,"March",30
1923-04-01,1923,"April",6
1923-04-13,1923,"April",13
1923-04-20,1923,"April",20
1923-04-27,1923,"April",27
1923-05-01,1923,"May",4
1923-05-11,1923,"May",11
1923-05-18,1923,"May",18
1923-05-25,1923,"May",25
1923-06-01,1923,"June",1
1923-06-08,1923,"June",8
1923-06-15,1923,"June",15
1923-06-22,1923,"June",22
1923-06-29,1923,"June",29
1923-07-01,1923,"July",6
1923-07-13,1923,"July",13
1923-07-20,1923,"July",20
1923-07-27,1923,"July",27
1923-08-01,1923,"August",3
1923-08-10,1923,"August",10
1923-08-17,1923,"August",17
1923-08-24,1923,"August",24
1923-08-31,1923,"August",31
1923-09-01,1923,"September",7
1923-09-14,1923,"September",14
1923-09-21,1923,"September",21
1923-09-28,1923,"September",28
1923-10-01,1923,"October",5
1923-10-12,1923,"October",12
1923-10-19,1923,"October",19
1923-10-26,1923,"October",26
1923-11-01,1923,"November",2
1923-11-09,1923,"November",9
1923-11-16,1923,"November",16
1923-11-23,1923,"November",23
1923-11-30,1923,"November",30
1923-12-01,1923,"December",7
1923-12-14,1923,"December",14
1923-12-21,1923,"December",21
1923-12-28,1923,"December",28
1924-01-01,1924,"January",4
1924-01-11,1924,"January",11
1924-01-18,1924,"January",18
1924-01-25,1924,"January",25
1924-02-01,1924,"February",1
1924-02-08,1924,"February",8
1924-02-15,1924,"February",15
1924-02-22,1924,"February",22
1924-02-29,1924,"February",29
1924-03-01,1924,"March",7
1924-03-14,1924,"March",14
1924-03-21,1924,"March",21
1924-03-28,1924,"March",28
1924-04-01,1924,"April",4
1924-04-11,1924,"April",11
1924-04-18,1924,"April",18
1924-04-25,1924,"April",25
1924-05-01,1924,"May",2
1924-05-09,1924,"May",9
1924-05-16,1924,"May",16
1924-05-23,1924,"May",23
1924-05-30,1924,"May",30
1924-06-01,1924,"June",6
1924-06-13,1924,"June",13
1924-06-20,1924,"June",20
1924-06-27,1924,"June",27
1924-07-01,1924,"July",4
1924-07-11,1924,"July",11
1924-07-18,1924,"July",18
1924-07-25,1924,"July",25
1924-08-01,1924,"August",1
1924-08-08,1924,"August",8
1924-08-15,1924,"August",15
1924-08-22,1924,"August",22
1924-08-29,1924,"August",29
1924-09-01,1924,"September",5
1924-09-12,1924,"September",12
1924-09-19,1924,"September",19
1924-09-26,1924,"September",26
1924-10-01,1924,"October",3
1924-10-10,1924,"October",10
1924-10-17,1924,"October",17
1924-10-24,1924,"October",24
1924-10-31,1924,"October",31
1924-11-01,1924,"November",7
1924-11-14,1924,"November",14
1924-11-21,1924,"November",21
1924-11-28,1924,"November",28
1924-12-01,1924,"December",5
1924-12-12,1924,"December",12
1924-12-19,1924,"December",19
1924-12-26,1924,"December",26
1925-01-01,1925,"January",2
1925-01-09,1925,"January",9
1925-01-16,1925,"January",16
1925-01-23,1925,"January",23
1925-01-30,1925,"January",30
1925-02-01,1925,"February",6
1925-02-13,1925,"February",13
1925-02-20,1925,"February",20
1925-02-27,1925,"February",27
1925-03-01,1925,"March",6
1925-03-13,1925,"March",13
1925-03-20,1925,"March",20
1925-03-27,1925,"March",27
1925-04-01,1925,"April",3
1925-04-10,1925,"April",10
1925-04-17,1925,"April",17
1925-04-24,1925,"April",24
1925-05-01,1925,"May",1
1925-05-08,1925,"May",8
1925-05-15,1925,"May",15
1925-05-22,1925,"May",22
1925-05-29,1925,"May",29
1925-06-01,1925,"June",5
1925-06-12,1925,"June",12
1925-06-19,1925,"June",19
1925-06-26,1925,"June",26
1925-07-01,1925,"July",3
1925-07-10,1925,"July",10
1925-07-17,1925,"July",17
1925-07-24,1925,"July",24
1925-07-31,1925,"July",31
1925-08-01,1925,"August",7
1925-08-14,1925,"August",14
1925-08-21,1925,"August",21
1925-08-28,1925,"August",28
1925-09-01,1925,"September",4
1925-09-11,1925,"September",11
1925-09-18,1925,"September",18
1925-09-25,1925,"September",25
1925-10-01,1925,"October",2
1925-10-09,1925,"October",9
1925-10-16,1925,"October",16
1925-10-23,1925,"October",23
1925-10-30,1925,"October",30
1925-11-01,1925,"November",6
1925-11-13,1925,"November",13
1925-11-20,1925,"November",20
1925-11-27,1925,"November",27
1925-12-01,1925,"December",4
1925-12-11,1925,"December",11
1925-12-18,1925,"December",18
1925-12-25,1925,"December",25
1926-01-01,1926,"January",1
1926-01-08,1926,"January",8
1926-01-15,1926,"January",15
1926-01-22,1926,"January",22
1926-01-29,1926,"January",29
1926-02-01,1926,"February",5
1926-02-12,1926,"February",12
1926-02-19,1926,"February",19
1926-02-26,1926,"February",26
1926-03-01,1926,"March",5
1926-03-12,1926,"March",12
1926-03-19,1926,"March",19
1926-03-26,1926,"March",26
1926-04-01,1926,"April",2
1926-04-09,1926,"April",9
1926-04-16,1926,"April",16
1926-04-23,1926,"April",23
1926-04-30,1926,"April",30
1926-05-01,1926,"May",7
1926-05-14,1926,"May",14
1926-05-21,1926,"May",21
1926-05-28,1926,"May",28
1926-06-01,1926,"June",4
1926-06-11,1926,"June",11
1926-06-18,1926,"June",18
1926-06-25,1926,"June",25
1926-07-01,1926,"July",2
1926-07-09,1926,"July",9
1926-07-16,1926,"July",16
1926-07-23,1926,"July",23
1926-07-30,1926,"July",30
1926-08-01,1926,"August",6
1926-08-13,1926,"August",13
1926-08-20,1926,"August",20
1926-08-27,1926,"August",27
1926-09-01,1926,"September",3
1926-09-10,1926,"September",10
1926-09-17,1926,"September",17
1926-09-24,1926,"September",24
1926-10-01,1926,"October",1
1926-10-08,1926,"October",8
1926-10-15,1926,"October",15
1926-10-22,1926,"October",22
1926-10-29,1926,"October",29
1926-11-01,1926,"November",5
1926-11-12,1926,"November",12
1926-11-19,1926,"November",19
1926-11-26,1926,"November",26
1926-12-01,1926,"December",3
1926-12-10,1926,"December",10
1926-12-17,1926,"December",17
1926-12-24,1926,"December",24
1926-12-31,1926,"December",31
1927-01-01,1927,"January",7
1927-01-14,1927,"January",14
1927-01-21,1927,"January",21
1927-01-28,1927,"January",28
1927-02-01,1927,"February",4
1927-02-11,1927,"February",11
1927-02-18,1927,"February",18
1927-02-25,1927,"February",25
1927-03-01,1927,"March",4
1927-03-11,1927,"March",11
1927-03-18,1927,"March",18
1927-03-25,1927,"March",25
1927-04-01,1927,"April",1
1927-04-08,1927,"April",8
1927-04-15,1927,"April",15
1927-04-22,1927,"April",22
1927-04-29,1927,"April",29
1927-05-01,1927,"May",6
1927-05-13,1927,"May",13
1927-05-20,1927,"May",20
1927-05-27,1927,"May",27
1927-06-01,1927,"June",3
1927-06-10,1927,"June",10
1927-06-17,1927,"June",17
1927-06-24,1927,"June",24
1927-07-01,1927,"July",1
1927-07-08,1927,"July",8
1927-07-15,1927,"July",15
1927-07-22,1927,"July",22
1927-07-29,1927,"July",29
1927-08-01,1927,"August",5
1927-08-12,1927,"August",12
1927-08-19,1927,"August",19
1927-08-26,1927,"August",26
1927-09-01,1927,"September",2
1927-09-09,1927,"September",9
1927-09-16,1927,"September",16
1927-09-23,1927,"September",23
1927-09-30,1927,"September",30
1927-10-01,1927,"October",7
1927-10-14,1927,"October",14
1927-10-21,1927,"October",21
1927-10-28,1927,"October",28
1927-11-01,1927,"November",4
1927-11-11,1927,"November",11
1927-11-18,1927,"November",18
1927-11-25,1927,"November",25
1927-12-01,1927,"December",2
1927-12-09,1927,"December",9
1927-12-16,1927,"December",16
1927-12-23,1927,"December",23
1927-12-30,1927,"December",30
1928-01-01,1928,"January",6
1928-01-13,1928,"January",13
1928-01-20,1928,"January",20
1928-01-27,1928,"January",27
1928-02-01,1928,"February",3
1928-02-10,1928,"February",10
1928-02-17,1928,"February",17
1928-02-24,1928,"February",24
1928-03-01,1928,"March",2
1928-03-09,1928,"March",9
1928-03-16,1928,"March",16
1928-03-23,1928,"March",23
1928-03-30,1928,"March",30
1928-04-01,1928,"April",6
1928-04-13,1928,"April",13
1928-04-20,1928,"April",20
1928-04-27,1928,"April",27
1928-05-01,1928,"May",4
1928-05-11,1928,"May",11
1928-05-18,1928,"May",18
1928-05-25,1928,"May",25
1928-06-01,1928,"June",1
1928-06-08,1928,"June",8
1928-06-15,1928,"June",15
1928-06-22,1928,"June",22
1928-06-29,1928,"June",29
1928-07-01,1928,"July",6
1928-07-13,1928,"July",13
1928-07-20,1928,"July",20
1928-07-27,1928,"July",27
1928-08-01,1928,"August",3
1928-08-10,1928,"August",10
1928-08-17,1928,"August",17
1928-08-24,1928,"August",24
1928-08-31,1928,"August",31
1928-09-01,1928,"September",7
1928-09-14,1928,"September",14
1928-09-21,1928,"September",21
1928-09-28,1928,"September",28
1928-10-01,1928,"October",5
1928-10-12,1928,"October",12
1928-10-19,1928,"October",19
1928-10-26,1928,"October",26
1928-11-01,1928,"November",2
1928-11-09,1928,"November",9
1928-11-16,1928,"November",16
1928-11-23,1928,"November",23
1928-11-30,1928,"November",30
1928-12-01,1928,"December",7
1928-12-14,1928,"December",14
1928-12-21,1928,"December",21
1928-12-28,1928,"December",28
1929-01-01,1929,"January",4
1929-01-11,1929,"January",11
1929-01-18,1929,"January",18
1929-01-25,1929,"January",25
1929-02-01,1929,"February",1
1929-02-08,1929,"February",8
1929-02-15,1929,"February",15
1929-02-22,1929,"February",22
1929-03-01,1929,"March",1
1929-03-08,1929,"March",8
1929-03-15,1929,"March",15
1929-03-22,1929,"March",22
1929-03-29,1929,"March",29
1929-04-01,1929,"April",5
1929-04-12,1929,"April",12
1929-04-19,1929,"April",19
1929-04-26,1929,"April",26
1929-05-01,1929,"May",3
1929-05-10,1929,"May",10
1929-05-17,1929,"May",17
1929-05-24,1929,"May",24
1929-05-31,1929,"May",31
1929-06-01,1929,"June",7
1929-06-14,1929,"June",14
1929-06-21,1929,"June",21
1929-06-28,1929,"June",28
1929-07-01,1929,"July",5
1929-07-12,1929,"July",12
1929-07-19,1929,"July",19
1929-07-26,1929,"July",26
1929-08-01,1929,"August",2
1929-08-09,1929,"August",9
1929-08-16,1929,"August",16
1929-08-23,1929,"August",23
1929-08-30,1929,"August",30
1929-09-01,1929,"September",6
1929-09-13,1929,"September",13
1929-09-20,1929,"September",20
1929-09-27,1929,"September",27
1929-10-01,1929,"October",4
1929-10-11,1929,"October",11
1929-10-18,1929,"October",18
1929-10-25,1929,"October",25
1929-11-01,1929,"November",1
1929-11-08,1929,"November",8
1929-11-15,1929,"November",15
1929-11-22,1929,"November",22
1929-11-29,1929,"November",29
1929-12-01,1929,"December",6
1929-12-13,1929,"December",13
1929-12-20,1929,"December",20
1929-12-27,1929,"December",27
1930-01-01,1930,"January",3
1930-01-10,1930,"January",10
1930-01-17,1930,"January",17
1930-01-24,1930,"January",24
1930-01-31,1930,"January",31
1930-02-01,1930,"February",7
1930-02-14,1930,"February",14
1930-02-21,1930,"February",21
1930-02-28,1930,"February",28
1930-03-01,1930,"March",7
1930-03-14,1930,"March",14
1930-03-21,1930,"March",21
1930-03-28,1930,"March",28
1930-04-01,1930,"April",4
1930-04-11,1930,"April",11
1930-04-18,1930,"April",18
1930-04-25,1930,"April",25
1930-05-01,1930,"May",2
1930-05-09,1930,"May",9
1930-05-16,1930,"May",16
1930-05-23,1930,"May",23
1930-05-30,1930,"May",30
1930-06-01,1930,"June",6
1930-06-13,1930,"June",13
1930-06-20,1930,"June",20
1930-06-27,1930,"June",27
1930-07-01,1930,"July",4
1930-07-11,1930,"July",11
1930-07-18,1930,"July",18
1930-07-25,1930,"July",25
1930-08-01,1930,"August",1
1930-08-08,1930,"August",8
1930-08-15,1930,"August",15
1930-08-22,1930,"August",22
1930-08-29,1930,"August",29
1930-09-01,1930,"September",5
1930-09-12,1930,"September",12
1930-09-19,1930,"September",19
1930-09-26,1930,"September",26
1930-10-01,1930,"October",3
1930-10-10,1930,"October",10
1930-10-17,1930,"October",17
1930-10-24,1930,"October",24
1930-10-31,1930,"October",31
1930-11-01,1930,"November",7
1930-11-14,1930,"November",14
1930-11-21,1930,"November",21
1930-11-28,1930,"November",28
1930-12-01,1930,"December",5
1930-12-12,1930,"December",12
1930-12-19,1930,"December",19
1930-12-26,1930,"December",26
1931-01-01,1931,"January",2
1931-01-09,1931,"January",9
1931-01-16,1931,"January",16
1931-01-23,1931,"January",23
1931-01-30,1931,"January",30
1931-02-01,1931,"February",6
1931-02-13,1931,"February",13
1931-02-20,1931,"February",20
1931-02-27,1931,"February",27
1931-03-01,1931,"March",6
1931-03-13,1931,"March",13
1931-03-20,1931,"March",20
1931-03-27,1931,"March",27
1931-04-01,1931,"April",3
1931-04-10,1931,"April",10
1931-04-17,1931,"April",17
1931-04-24,1931,"April",24
1931-05-01,1931,"May",1
1931-05-08,1931,"May",8
1931-05-15,1931,"May",15
1931-05-22,1931,"May",22
1931-05-29,1931,"May",29
1931-06-01,1931,"June",5
1931-06-12,1931,"June",12
1931-06-19,1931,"June",19
1931-06-26,1931,"June",26
1931-07-01,1931,"July",3
1931-07-10,1931,"July",10
1931-07-17,1931,"July",17
1931-07-24,1931,"July",24
1931-07-31,1931,"July",31
1931-08-01,1931,"August",7
1931-08-14,1931,"August",14
1931-08-21,1931,"August",21
1931-08-28,1931,"August",28
1931-09-01,1931,"September",4
1931-09-11,1931,"September",11
1931-09-18,1931,"September",18
1931-09-25,1931,"September",25
1931-10-01,1931,"October",2
1931-10-09,1931,"October",9
1931-10-16,1931,"October",16
1931-10-23,1931,"October",23
1931-10-30,1931,"October",30
1931-11-01,1931,"November",6
1931-11-13,1931,"November",13
1931-11-20,1931,"November",20
1931-11-27,1931,"November",27
1931-12-01,1931,"December",4
1931-12-11,1931,"December",11
1931-12-18,1931,"December",18
1931-12-25,1931,"December",25
1932-01-01,1932,"January",1
1932-01-08,1932,"January",8
1932-01-15,1932,"January",15
1932-01-22,1932,"January",22
1932-01-29,1932,"January",29
1932-02-01,1932,"February",5
1932-02-12,1932,"February",12
1932-02-19,1932,"February",19
1932-02-26,1932,"February",26
1932-03-01,1932,"March",4
1932-03-11,1932,"March",11
1932-03-18,1932,"March",18
1932-03-25,1932,"March",25
1932-04-01,1932,"April",1
1932-04-08,1932,"April",8
1932-04-15,1932,"April",15
1932-04-22,1932,"April",22
1932-04-29,1932,"April",29
1932-05-01,1932,"May",6
1932-05-13,1932,"May",13
1932-05-20,1932,"May",20
1932-05-27,1932,"May",27
1932-06-01,1932,"June",3
1932-06-10,1932,"June",10
1932-06-17,1932,"June",17
1932-06-24,1932,"June",24
1932-07-01,1932,"July",1
1932-07-08,1932,"July",8
1932-07-15,1932,"July",15
1932-07-22,1932,"July",22
1932-07-29,1932,"July",29
1932-08-01,1932,"August",5
1932-08-12,1932,"August",12
1932-08-19,1932,"August",19
1932-08-26,1932,"August",26
1932-09-01,1932,"September",2
1932-09-09,1932,"September",9
1932-09-16,1932,"September",16
1932-09-23,1932,"September",23
1932-09-30,1932,"September",30
1932-10-01,1932,"October",7
1932-10-14,1932,"October",14
1932-10-21,1932,"October",21
1932-10-28,1932,"October",28
1932-11-01,1932,"November",4
1932-11-11,1932,"November",11
1932-11-18,1932,"November",18
1932-11-25,1932,"November",25
1932-12-01,1932,"December",2
1932-12-09,1932,"December",9
1932-12-16,1932,"December",16
1932-12-23,1932,"December",23
1932-12-30,1932,"December",30
1933-01-01,1933,"January",6
1933-01-13,1933,"January",13
1933-01-20,1933,"January",20
1933-01-27,1933,"January",27
1933-02-01,1933,"February",3
1933-02-10,1933,"February",10
1933-02-17,1933,"February",17
1933-02-24,1933,"February",24
1933-03-01,1933,"March",3
1933-03-10,1933,"March",10
1933-03-17,1933,"March",17
1933-03-24,1933,"March",24
1933-03-31,1933,"March",31
1933-04-01,1933,"April",7
1933-04-14,1933,"April",14
1933-04-21,1933,"April",21
1933-04-28,1933,"April",28
1933-05-01,1933,"May",5
1933-05-12,1933,"May",12
1933-05-19,1933,"May",19
1933-05-26,1933,"May",26
1933-06-01,1933,"June",2
1933-06-09,1933,"June",9
1933-06-16,1933,"June",16
1933-06-23,1933,"June",23
1933-06-30,1933,"June",30
1933-07-01,1933,"July",7
1933-07-14,1933,"July",14
1933-07-21,1933,"July",21
1933-07-28,1933,"July",28
1933-08-01,1933,"August",4
1933-08-11,1933,"August",11
1933-08-18,1933,"August",18
1933-08-25,1933,"August",25
1933-09-01,1933,"September",1
1933-09-08,1933,"September",8
1933-09-15,1933,"September",15
1933-09-22,1933,"September",22
1933-09-29,1933,"September",29
1933-10-01,1933,"October",6
1933-10-13,1933,"October",13
1933-10-20,1933,"October",20
1933-10-27,1933,"October",27
1933-11-01,1933,"November",3
1933-11-10,1933,"November",10
1933-11-17,1933,"November",17
1933-11-24,1933,"November",24
1933-12-01,1933,"December",1
1933-12-08,1933,"December",8
1933-12-15,1933,"December",15
1933-12-22,1933,"December",22
1933-12-29,1933,"December",29
1934-01-01,1934,"January",5
1934-01-12,1934,"January",12
1934-01-19,1934,"January",19
1934-01-26,1934,"January",26
1934-02-01,1934,"February",2
1934-02-09,1934,"February",9
1934-02-16,1934,"February",16
1934-02-23,1934,"February",23
1934-03-01,1934,"March",2
1934-03-09,1934,"March",9
1934-03-16,1934,"March",16
1934-03-23,1934,"March",23
1934-03-30,1934,"March",30
1934-04-01,1934,"April",6
1934-04-13,1934,"April",13
1934-04-20,1934,"April",20
1934-04-27,1934,"April",27
1934-05-01,1934,"May",4
1934-05-11,1934,"May",11
1934-05-18,1934,"May",18
1934-05-25,1934,"May",25
1934-06-01,1934,"June",1
1934-06-08,1934,"June",8
1934-06-15,1934,"June",15
1934-06-22,1934,"June",22
1934-06-29,1934,"June",29
1934-07-01,1934,"July",6
1934-07-13,1934,"July",13
1934-07-20,1934,"July",20
1934-07-27,1934,"July",27
1934-08-01,1934,"August",3
1934-08-10,1934,"August",10
1934-08-17,1934,"August",17
1934-08-24,1934,"August",24
1934-08-31,1934,"August",31
1934-09-01,1934,"September",7
1934-09-14,1934,"September",14
1934-09-21,1934,"September",21
1934-09-28,1934,"September",28
1934-10-01,1934,"October",5
1934-10-12,1934,"October",12
1934-10-19,1934,"October",19
1934-10-26,1934,"October",26
1934-11-01,1934,"November",2
1934-11-09,1934,"November",9
1934-11-16,1934,"November",16
1934-11-23,1934,"November",23
1934-11-30,1934,"November",30
1934-12-01,1934,"December",7
1934-12-14,1934,"December",14
1934-12-21,1934,"December",21
1934-12-28,1934,"December",28
1935-01-01,1935,"January",4
1935-01-11,1935,"January",11
1935-01-18,1935,"January",18
1935-01-25,1935,"January",25
1935-02-01,1935,"February",1
1935-02-08,1935,"February",8
1935-02-15,1935,"February",15
1935-02-22,1935,"February",22
1935-03-01,1935,"March",1
1935-03-08,1935,"March",8
1935-03-15,1935,"March",15
1935-03-22,1935,"March",22
1935-03-29,1935,"March",29
1935-04-01,1935,"April",5
1935-04-12,1935,"April",12
1935-04-19,1935,"April",19
1935-04-26,1935,"April",26
1935-05-01,1935,"May",3
1935-05-10,1935,"May",10
1935-05-17,1935,"May",17
1935-05-24,1935,"May",24
1935-05-31,1935,"May",31
1935-06-01,1935,"June",7
1935-06-14,1935,"June",14
1935-06-21,1935,"June",21
1935-06-28,1935,"June",28
1935-07-01,1935,"July",5
1935-07-12,1935,"July",12
1935-07-19,1935,"July",19
1935-07-26,1935,"July",26
1935-08-01,1935,"August",2
1935-08-09,1935,"August",9
1935-08-16,1935,"August",16
1935-08-23,1935,"August",23
1935-08-30,1935,"August",30
1935-09-01,1935,"September",6
1935-09-13,1935,"September",13
1935-09-20,1935,"September",20
1935-09-27,1935,"September",27
1935-10-01,1935,"October",4
1935-10-11,1935,"October",11
1935-10-18,1935,"October",18
1935-10-25,1935,"October",25
1935-11-01,1935,"November",1
1935-11-08,1935,"November",8
1935-11-15,1935,"November",15
1935-11-22,1935,"November",22
1935-11-29,1935,"November",29
1935-12-01,1935,"December",6
1935-12-13,1935,"December",13
1935-12-20,1935,"December",20
1935-12-27,1935,"December",27
1936-01-01,1936,"January",3
1936-01-10,1936,"January",10
1936-01-17,1936,"January",17
1936-01-24,1936,"January",24
1936-01-31,1936,"January",31
1936-02-01,1936,"February",7
1936-02-14,1936,"February",14
1936-02-21,1936,"February",21
1936-02-28,1936,"February",28
1936-03-01,1936,"March",6
1936-03-13,1936,"March",13
1936-03-20,1936,"March",20
1936-03-27,1936,"March",27
1936-04-01,1936,"April",3
1936-04-10,1936,"April",10
1936-04-17,1936,"April",17
1936-04-24,1936,"April",24
1936-05-01,1936,"May",1
1936-05-08,1936,"May",8
1936-05-15,1936,"May",15
1936-05-22,1936,"May",22
1936-05-29,1936,"May",29
1936-06-01,1936,"June",5
1936-06-12,1936,"June",12
1936-06-19,1936,"June",19
1936-06-26,1936,"June",26
1936-07-01,1936,"July",3
1936-07-10,1936,"July",10
1936-07-17,1936,"July",17
1936-07-24,1936,"July",24
1936-07-31,1936,"July",31
1936-08-01,1936,"August",7
1936-08-14,1936,"August",14
1936-08-21,1936,"August",21
1936-08-28,1936,"August",28
1936-09-01,1936,"September",4
1936-09-11,1936,"September",11
1936-09-18,1936,"September",18
1936-09-25,1936,"September",25
1936-10-01,1936,"October",2
1936-10-09,1936,"October",9
1936-10-16,1936,"October",16
1936-10-23,1936,"October",23
1936-10-30,1936,"October",30
1936-11-01,1936,"November",6
1936-11-13,1936,"November",13
1936-11-20,1936,"November",20
1936-11-27,1936,"November",27
1936-12-01,1936,"December",4
1936-12-11,1936,"December",11
1936-12-18,1936,"December",18
1936-12-25,1936,"December",25
1937-01-01,1937,"January",1
1937-01-08,1937,"January",8
1937-01-15,1937,"January",15
1937-01-22,1937,"January",22
1937-01-29,1937,"January",29
1937-02-01,1937,"February",5
1937-02-12,1937,"February",12
1937-02-19,1937,"February",19
1937-02-26,1937,"February",26
1937-03-01,1937,"March",5
1937-03-12,1937,"March",12
1937-03-19,1937,"March",19
1937-03-26,1937,"March",26
1937-04-01,1937,"April",2
1937-04-09,1937,"April",9
1937-04-16,1937,"April",16
1937-04-23,1937,"April",23
1937-04-30,1937,"April",30
1937-05-01,1937,"May",7
1937-05-14,1937,"May",14
1937-05-21,1937,"May",21
1937-05-28,1937,"May",28
1937-06-01,1937,"June",4
1937-06-11,1937,"June",11
1937-06-18,1937,"June",18
1937-06-25,1937,"June",25
1937-07-01,1937,"July",2
1937-07-09,1937,"July",9
1937-07-16,1937,"July",16
1937-07-23,1937,"July",23
1937-07-30,1937,"July",30
1937-08-01,1937,"August",6
1937-08-13,1937,"August",13
1937-08-20,1937,"August",20
1937-08-27,1937,"August",27
1937-09-01,1937,"September",3
1937-09-10,1937,"September",10
1937-09-17,1937,"September",17
1937-09-24,1937,"September",24
1937-10-01,1937,"October",1
1937-10-08,1937,"October",8
1937-10-15,1937,"October",15
1937-10-22,1937,"October",22
1937-10-29,1937,"October",29
1937-11-01,1937,"November",5
1937-11-12,1937,"November",12
1937-11-19,1937,"November",19
1937-11-26,1937,"November",26
1937-12-01,1937,"December",3
1937-12-10,1937,"December",10
1937-12-17,1937,"December",17
1937-12-24,1937,"December",24
1937-12-31,1937,"December",31
1938-01-01,1938,"January",7
1938-01-14,1938,"January",14
1938-01-21,1938,"January",21
1938-01-28,1938,"January",28
1938-02-01,1938,"February",4
1938-02-11,1938,"February",11
1938-02-18,1938,"February",18
1938-02-25,1938,"February",25
1938-03-01,1938,"March",4
1938-03-11,1938,"March",11
1938-03-18,1938,"March",18
1938-03-25,1938,"March",25
1938-04-01,1938,"April",1
1938-04-08,1938,"April",8
1938-04-15,1938,"April",15
1938-04-22,1938,"April",22
1938-04-29,1938,"April",29
1938-05-01,1938,"May",6
1938-05-13,1938,"May",13
1938-05-20,1938,"May",20
1938-05-27,1938,"May",27
1938-06-01,1938,"June",3
1938-06-10,1938,"June",10
1938-06-17,1938,"June",17
1938-06-24,1938,"June",24
1938-07-01,1938,"July",1
1938-07-08,1938,"July",8
1938-07-15,1938,"July",15
1938-07-22,1938,"July",22
1938-07-29,1938,"July",29
1938-08-01,1938,"August",5
1938-08-12,1938,"August",12
1938-08-19,1938,"August",19
1938-08-26,1938,"August",26
1938-09-01,1938,"September",2
1938-09-09,1938,"September",9
1938-09-16,1938,"September",16
1938-09-23,1938,"September",23
1938-09-30,1938,"September",30
1938-10-01,1938,"October",7
1938-10-14,1938,"October",14
1938-10-21,1938,"October",21
1938-10-28,1938,"October",28
1938-11-01,1938,"November",4
1938-11-11,1938,"November",11
1938-11-18,1938,"November",18
1938-11-25,1938,"November",25
1938-12-01,1938,"December",2
1938-12-09,1938,"December",9
1938-12-16,1938,"December",16
1938-12-23,1938,"December",23
1938-12-30,1938,"December",30
1939-01-01,1939,"January",6
1939-01-13,1939,"January",13
1939-01-20,1939,"January",20
1939-01-27,1939,"January",27
1939-02-01,1939,"February",3
1939-02-10,1939,"February",10
1939-02-17,1939,"February",17
1939-02-24,1939,"February",24
1939-03-01,1939,"March",3
1939-03-10,1939,"March",10
1939-03-17,1939,"March",17
1939-03-24,1939,"March",24
1939-03-31,1939,"March",31
1939-04-01,1939,"April",7
1939-04-14,1939,"April",14
1939-04-21,1939,"April",21
1939-04-28,1939,"April",28
1939-05-01,1939,"May",5
1939-05-12,1939,"May",12
1939-05-19,1939,"May",19
1939-05-26,1939,"May",26
1939-06-01,1939,"June",2
1939-06-09,1939,"June",9
1939-06-16,1939,"June",16
1939-06-23,1939,"June",23
1939-06-30,1939,"June",30
1939-07-01,1939,"July",7
1939-07-14,1939,"July",14
1939-07-21,1939,"July",21
1939-07-28,1939,"July",28
1939-08-01,1939,"August",4
1939-08-11,1939,"August",11
1939-08-18,1939,"August",18
1939-08-25,1939,"August",25
1939-09-01,1939,"September",1
1939-09-08,1939,"September",8
1939-09-15,1939,"September",15
1939-09-22,1939,"September",22
1939-09-29,1939,"September",29
1939-10-01,1939,"October",6
1939-10-13,1939,"October",13
1939-10-20,1939,"October",20
1939-10-27,1939,"October",27
1939-11-01,1939,"November",3
1939-11-10,1939,"November",10
1939-11-17,1939,"November",17
1939-11-24,1939,"November",24
1939-12-01,1939,"December",1
1939-12-08,1939,"December",8
1939-12-15,1939,"December",15
1939-12-22,1939,"December",22
1939-12-29,1939,"December",29
1940-01-01,1940,"January",5
1940-01-12,1940,"January",12
1940-01-19,1940,"January",19
1940-01-26,1940,"January",26
1940-02-01,1940,"February",2
1940-02-09,1940,"February",9
1940-02-16,1940,"February",16
1940-02-23,1940,"February",23
1940-03-01,1940,"March",1
1940-03-08,1940,"March",8
1940-03-15,1940,"March",15
1940-03-22,1940,"March",22
1940-03-29,1940,"March",29
1940-04-01,1940,"April",5
1940-04-12,1940,"April",12
1940-04-19,1940,"April",19
1940-04-26,1940,"April",26
1940-05-01,1940,"May",3
1940-05-10,1940,"May",10
1940-05-17,1940,"May",17
1940-05-24,1940,"May",24
1940-05-31,1940,"May",31
1940-06-01,1940,"June",7
1940-06-14,1940,"June",14
1940-06-21,1940,"June",21
1940-06-28,1940,"June",28
1940-07-01,1940,"July",5
1940-07-12,1940,"July",12
1940-07-19,1940,"July",19
1940-07-26,1940,"July",26
1940-08-01,1940,"August",2
1940-08-09,1940,"August",9
1940-08-16,1940,"August",16
1940-08-23,1940,"August",23
1940-08-30,1940,"August",30
1940-09-01,1940,"September",6
1940-09-13,1940,"September",13
1940-09-20,1940,"September",20
1940-09-27,1940,"September",27
1940-10-01,1940,"October",4
1940-10-11,1940,"October",11
1940-10-18,1940,"October",18
1940-10-25,1940,"October",25
1940-11-01,1940,"November",1
1940-11-08,1940,"November",8
1940-11-15,1940,"November",15
1940-11-22,1940,"November",22
1940-11-29,1940,"November",29
1940-12-01,1940,"December",6
1940-12-13,1940,"December",13
1940-12-20,1940,"December",20
1940-12-27,1940,"December",27
1941-01-01,1941,"January",3
1941-01-10,1941,"January",10
1941-01-17,1941,"January",17
1941-01-24,1941,"January",24
1941-01-31,1941,"January",31
1941-02-01,1941,"February",7
1941-02-14,1941,"February",14
1941-02-21,1941,"February",21
1941-02-28,1941,"February",28
1941-03-01,1941,"March",7
1941-03-14,1941,"March",14
1941-03-21,1941,"March",21
1941-03-28,1941,"March",28
1941-04-01,1941,"April",4
1941-04-11,1941,"April",11
1941-04-18,1941,"April",18
1941-04-25,1941,"April",25
1941-05-01,1941,"May",2
1941-05-09,1941,"May",9
1941-05-16,1941,"May",16
1941-05-23,1941,"May",23
1941-05-30,1941,"May",30
1941-06-01,1941,"June",6
1941-06-13,1941,"June",13
1941-06-20,1941,"June",20
1941-06-27,1941,"June",27
1941-07-01,1941,"July",4
1941-07-11,1941,"July",11
1941-07-18,1941,"July",18
1941-07-25,1941,"July",25
1941-08-01,1941,"August",1
1941-08-08,1941,"August",8
1941-08-15,1941,"August",15
1941-08-22,1941,"August",22
1941-08-29,1941,"August",29
1941-09-01,1941,"September",5
1941-09-12,1941,"September",12
1941-09-19,1941,"September",19
1941-09-26,1941,"September",26
1941-10-01,1941,"October",3
1941-10-10,1941,"October",10
1941-10-17,1941,"October",17
1941-10-24,1941,"October",24
1941-10-31,1941,"October",31
1941-11-01,1941,"November",7
1941-11-14,1941,"November",14
1941-11-21,1941,"November",21
1941-11-28,1941,"November",28
1941-12-01,1941,"December",5
1941-12-12,1941,"December",12
1941-12-19,1941,"December",19
1941-12-26,1941,"December",26
1942-01-01,1942,"January",2
1942-01-09,1942,"January",9
1942-01-16,1942,"January",16
1942-01-23,1942,"January",23
1942-01-30,1942,"January",30
1942-02-01,1942,"February",6
1942-02-13,1942,"February",13
1942-02-20,1942,"February",20
1942-02-27,1942,"February",27
1942-03-01,1942,"March",6
1942-03-13,1942,"March",13
1942-03-20,1942,"March",20
1942-03-27,1942,"March",27
1942-04-01,1942,"April",3
1942-04-10,1942,"April",10
1942-04-17,1942,"April",17
1942-04-24,1942,"April",24
1942-05-01,1942,"May",1
1942-05-08,1942,"May",8
1942-05-15,1942,"May",15
1942-05-22,1942,"May",22
1942-05-29,1942,"May",29
1942-06-01,1942,"June",5
1942-06-12,1942,"June",12
1942-06-19,1942,"June",19
1942-06-26,1942,"June",26
1942-07-01,1942,"July",3
1942-07-10,1942,"July",10
1942-07-17,1942,"July",17
1942-07-24,1942,"July",24
1942-07-31,1942,"July",31
1942-08-01,1942,"August",7
1942-08-14,1942,"August",14
1942-08-21,1942,"August",21
1942-08-28,1942,"August",28
1942-09-01,1942,"September",4
1942-09-11,1942,"September",11
1942-09-18,1942,"September",18
1942-09-25,1942,"September",25
1942-10-01,1942,"October",2
1942-10-09,1942,"October",9
1942-10-16,1942,"October",16
1942-10-23,1942,"October",23
1942-10-30,1942,"October",30
1942-11-01,1942,"November",6
1942-11-13,1942,"November",13
1942-11-20,1942,"November",20
1942-11-27,1942,"November",27
1942-12-01,1942,"December",4
1942-12-11,1942,"December",11
1942-12-18,1942,"December",18
1942-12-25,1942,"December",25
1943-01-01,1943,"January",1
1943-01-08,1943,"January",8
1943-01-15,1943,"January",15
1943-01-22,1943,"January",22
1943-01-29,1943,"January",29
1943-02-01,1943,"February",5
1943-02-12,1943,"February",12
1943-02-19,1943,"February",19
1943-02-26,1943,"February",26
1943-03-01,1943,"March",5
1943-03-12,1943,"March",12
1943-03-19,1943,"March",19
1943-03-26,1943,"March",26
1943-04-01,1943,"April",2
1943-04-09,1943,"April",9
1943-04-16,1943,"April",16
1943-04-23,1943,"April",23
1943-04-30,1943,"April",30
1943-05-01,1943,"May",7
1943-05-14,1943,"May",14
1943-05-21,1943,"May",21
1943-05-28,1943,"May",28
1943-06-01,1943,"June",4
1943-06-11,1943,"June",11
1943-06-18,1943,"June",18
1943-06-25,1943,"June",25
1943-07-01,1943,"July",2
1943-07-09,1943,"July",9
1943-07-16,1943,"July",16
1943-07-23,1943,"July",23
1943-07-30,1943,"July",30
1943-08-01,1943,"August",6
1943-08-13,1943,"August",13
1943-08-20,1943,"August",20
1943-08-27,1943,"August",27
1943-09-01,1943,"September",3
1943-09-10,1943,"September",10
1943-09-17,1943,"September",17
1943-09-24,1943,"September",24
1943-10-01,1943,"October",1
1943-10-08,1943,"October",8
1943-10-15,1943,"October",15
1943-10-22,1943,"October",22
1943-10-29,1943,"October",29
1943-11-01,1943,"November",5
1943-11-12,1943,"November",12
1943-11-19,1943,"November",19
1943-11-26,1943,"November",26
1943-12-01,1943,"December",3
1943-12-10,1943,"December",10
1943-12-17,1943,"December",17
1943-12-24,1943,"December",24
1943-12-31,1943,"December",31
1944-01-01,1944,"January",7
1944-01-14,1944,"January",14
1944-01-21,1944,"January",21
1944-01-28,1944,"January",28
1944-02-01,1944,"February",4
1944-02-11,1944,"February",11
1944-02-18,1944,"February",18
1944-02-25,1944,"February",25
1944-03-01,1944,"March",3
1944-03-10,1944,"March",10
1944-03-17,1944,"March",17
1944-03-24,1944,"March",24
1944-03-31,1944,"March",31
1944-04-01,1944,"April",7
1944-04-14,1944,"April",14
1944-04-21,1944,"April",21
1944-04-28,1944,"April",28
1944-05-01,1944,"May",5
1944-05-12,1944,"May",12
1944-05-19,1944,"May",19
1944-05-26,1944,"May",26
1944-06-01,1944,"June",2
1944-06-09,1944,"June",9
1944-06-16,1944,"June",16
1944-06-23,1944,"June",23
1944-06-30,1944,"June",30
1944-07-01,1944,"July",7
1944-07-14,1944,"July",14
1944-07-21,1944,"July",21
1944-07-28,1944,"July",28
1944-08-01,1944,"August",4
1944-08-11,1944,"August",11
1944-08-18,1944,"August",18
1944-08-25,1944,"August",25
1944-09-01,1944,"September",1
1944-09-08,1944,"September",8
1944-09-15,1944,"September",15
1944-09-22,1944,"September",22
1944-09-29,1944,"September",29
1944-10-01,1944,"October",6
1944-10-13,1944,"October",13
1944-10-20,1944,"October",20
1944-10-27,1944,"October",27
1944-11-01,1944,"November",3
1944-11-10,1944,"November",10
1944-11-17,1944,"November",17
1944-11-24,1944,"November",24
1944-12-01,1944,"December",1
1944-12-08,1944,"December",8
1944-12-15,1944,"December",15
1944-12-22,1944,"December",22
1944-12-29,1944,"December",29
1945-01-01,1945,"January",5
1945-01-12,1945,"January",12
1945-01-19,1945,"January",19
1945-01-26,1945,"January",26
1945-02-01,1945,"February",2
1945-02-09,1945,"February",9
1945-02-16,1945,"February",16
1945-02-23,1945,"February",23
1945-03-01,1945,"March",2
1945-03-09,1945,"March",9
1945-03-16,1945,"March",16
1945-03-23,1945,"March",23
1945-03-30,1945,"March",30
1945-04-01,1945,"April",6
1945-04-13,1945,"April",13
1945-04-20,1945,"April",20
1945-04-27,1945,"April",27
1945-05-01,1945,"May",4
1945-05-11,1945,"May",11
1945-05-18,1945,"May",18
1945-05-25,1945,"May",25
1945-06-01,1945,"June",1
1945-06-08,1945,"June",8
1945-06-15,1945,"June",15
1945-06-22,1945,"June",22
1945-06-29,1945,"June",29
1945-07-01,1945,"July",6
1945-07-13,1945,"July",13
1945-07-20,1945,"July",20
1945-07-27,1945,"July",27
1945-08-01,1945,"August",3
1945-08-10,1945,"August",10
1945-08-17,1945,"August",17
1945-08-24,1945,"August",24
1945-08-31,1945,"August",31
1945-09-01,1945,"September",7
1945-09-14,1945,"September",14
1945-09-21,1945,"September",21
1945-09-28,1945,"September",28
1945-10-01,1945,"October",5
1945-10-12,1945,"October",12
1945-10-19,1945,"October",19
1945-10-26,1945,"October",26
1945-11-01,1945,"November",2
1945-11-09,1945,"November",9
1945-11-16,1945,"November",16
1945-11-23,1945,"November",23
1945-11-30,1945,"November",30
1945-12-01,1945,"December",7
1945-12-14,1945,"December",14
1945-12-21,1945,"December",21
1945-12-28,1945,"December",28
1946-01-01,1946,"January",4
1946-01-11,1946,"January",11
1946-01-18,1946,"January",18
1946-01-25,1946,"January",25
1946-02-01,1946,"February",1
1946-02-08,1946,"February",8
1946-02-15,1946,"February",15
1946-02-22,1946,"February",22
1946-03-01,1946,"March",1
1946-03-08,1946,"March",8
1946-03-15,1946,"March",15
1946-03-22,1946,"March",22
1946-03-29,1946,"March",29
1946-04-01,1946,"April",5
1946-04-12,1946,"April",12
1946-04-19,1946,"April",19
1946-04-26,1946,"April",26
1946-05-01,1946,"May",3
1946-05-10,1946,"May",10
1946-05-17,1946,"May",17
1946-05-24,1946,"May",24
1946-05-31,1946,"May",31
1946-06-01,1946,"June",7
1946-06-14,1946,"June",14
1946-06-21,1946,"June",21
1946-06-28,1946,"June",28
1946-07-01,1946,"July",5
1946-07-12,1946,"July",12
1946-07-19,1946,"July",19
1946-07-26,1946,"July",26
1946-08-01,1946,"August",2
1946-08-09,1946,"August",9
1946-08-16,1946,"August",16
1946-08-23,1946,"August",23
1946-08-30,1946,"August",30
1946-09-01,1946,"September",6
1946-09-13,1946,"September",13
1946-09-20,1946,"September",20
1946-09-27,1946,"September",27
1946-10-01,1946,"October",4
1946-10-11,1946,"October",11
1946-10-18,1946,"October",18
1946-10-25,1946,"October",25
1946-11-01,1946,"November",1
1946-11-08,1946,"November",8
1946-11-15,1946,"November",15
1946-11-22,1946,"November",22
1946-11-29,1946,"November",29
1946-12-01,1946,"December",6
1946-12-13,1946,"December",13
1946-12-20,1946,"December",20
1946-12-27,1946,"December",27
1947-01-01,1947,"January",3
1947-01-10,1947,"January",10
1947-01-17,1947,"January",17
1947-01-24,1947,"January",24
1947-01-31,1947,"January",31
1947-02-01,1947,"February",7
1947-02-14,1947,"February",14
1947-02-21,1947,"February",21
1947-02-28,1947,"February",28
1947-03-01,1947,"March",7
1947-03-14,1947,"March",14
1947-03-21,1947,"March",21
1947-03-28,1947,"March",28
1947-04-01,1947,"April",4
1947-04-11,1947,"April",11
1947-04-18,1947,"April",18
1947-04-25,1947,"April",25
1947-05-01,1947,"May",2
1947-05-09,1947,"May",9
1947-05-16,1947,"May",16
1947-05-23,1947,"May",23
1947-05-30,1947,"May",30
1947-06-01,1947,"June",6
1947-06-13,1947,"June",13
1947-06-20,1947,"June",20
1947-06-27,1947,"June",27
1947-07-01,1947,"July",4
1947-07-11,1947,"July",11
1947-07-18,1947,"July",18
1947-07-25,1947,"July",25
1947-08-01,1947,"August",1
1947-08-08,1947,"August",8
1947-08-15,1947,"August",15
1947-08-22,1947,"August",22
1947-08-29,1947,"August",29
1947-09-01,1947,"September",5
1947-09-12,1947,"September",12
1947-09-19,1947,"September",19
1947-09-26,1947,"September",26
1947-10-01,1947,"October",3
1947-10-10,1947,"October",10
1947-10-17,1947,"October",17
1947-10-24,1947,"October",24
1947-10-31,1947,"October",31
1947-11-01,1947,"November",7
1947-11-14,1947,"November",14
1947-11-21,1947,"November",21
1947-11-28,1947,"November",28
1947-12-01,1947,"December",5
1947-12-12,1947,"December",12
1947-12-19,1947,"December",19
1947-12-26,1947,"December",26
1948-01-01,1948,"January",2
1948-01-09,1948,"January",9
1948-01-16,1948,"January",16
1948-01-23,1948,"January",23
1948-01-30,1948,"January",30
1948-02-01,1948,"February",6
1948-02-13,1948,"February",13
1948-02-20,1948,"February",20
1948-02-27,1948,"February",27
1948-03-01,1948,"March",5
1948-03-12,1948,"March",12
1948-03-19,1948,"March",19
1948-03-26,1948,"March",26
1948-04-01,1948,"April",2
1948-04-09,1948,"April",9
1948-04-16,1948,"April",16
1948-04-23,1948,"April",23
1948-04-30,1948,"April",30
1948-05-01,1948,"May",7
1948-05-14,1948,"May",14
1948-05-21,1948,"May",21
1948-05-28,1948,"May",28
1948-06-01,1948,"June",4
1948-06-11,1948,"June",11
1948-06-18,1948,"June",18
1948-06-25,1948,"June",25
1948-07-01,1948,"July",2
1948-07-09,1948,"July",9
1948-07-16,1948,"July",16
1948-07-23,1948,"July",23
1948-07-30,1948,"July",30
1948-08-01,1948,"August",6
1948-08-13,1948,"August",13
1948-08-20,1948,"August",20
1948-08-27,1948,"August",27
1948-09-01,1948,"September",3
1948-09-10,1948,"September",10
1948-09-17,1948,"September",17
1948-09-24,1948,"September",24
1948-10-01,1948,"October",1
1948-10-08,1948,"October",8
1948-10-15,1948,"October",15
1948-10-22,1948,"October",22
1948-10-29,1948,"October",29
1948-11-01,1948,"November",5
1948-11-12,1948,"November",12
1948-11-19,1948,"November",19
1948-11-26,1948,"November",26
1948-12-01,1948,"December",3
1948-12-10,1948,"December",10
1948-12-17,1948,"December",17
1948-12-24,1948,"December",24
1948-12-31,1948,"December",31
1949-01-01,1949,"January",7
1949-01-14,1949,"January",14
1949-01-21,1949,"January",21
1949-01-28,1949,"January",28
1949-02-01,1949,"February",4
1949-02-11,1949,"February",11
1949-02-18,1949,"February",18
1949-02-25,1949,"February",25
1949-03-01,1949,"March",4
1949-03-11,1949,"March",11
1949-03-18,1949,"March",18
1949-03-25,1949,"March",25
1949-04-01,1949,"April",1
1949-04-08,1949,"April",8
1949-04-15,1949,"April",15
1949-04-22,1949,"April",22
1949-04-29,1949,"April",29
1949-05-01,1949,"May",6
1949-05-13,1949,"May",13
1949-05-20,1949,"May",20
1949-05-27,1949,"May",27
1949-06-01,1949,"June",3
1949-06-10,1949,"June",10
1949-06-17,1949,"June",17
1949-06-24,1949,"June",24
1949-07-01,1949,"July",1
1949-07-08,1949,"July",8
1949-07-15,1949,"July",15
1949-07-22,1949,"July",22
1949-07-29,1949,"July",29
1949-08-01,1949,"August",5
1949-08-12,1949,"August",12
1949-08-19,1949,"August",19
1949-08-26,1949,"August",26
1949-09-01,1949,"September",2
1949-09-09,1949,"September",9
1949-09-16,1949,"September",16
1949-09-23,1949,"September",23
1949-09-30,1949,"September",30
1949-10-01,1949,"October",7
1949-10-14,1949,"October",14
1949-10-21,1949,"October",21
1949-10-28,1949,"October",28
1949-11-01,1949,"November",4
1949-11-11,1949,"November",11
1949-11-18,1949,"November",18
1949-11-25,1949,"November",25
1949-12-01,1949,"December",2
1949-12-09,1949,"December",9
1949-12-16,1949,"December",16
1949-12-23,1949,"December",23
1949-12-30,1949,"December",30
1950-01-01,1950,"January",6
1950-01-13,1950,"January",13
1950-01-20,1950,"January",20
1950-01-27,1950,"January",27
1950-02-01,1950,"February",3
1950-02-10,1950,"February",10
1950-02-17,1950,"February",17
1950-02-24,1950,"February",24
1950-03-01,1950,"March",3
1950-03-10,1950,"March",10
1950-03-17,1950,"March",17
1950-03-24,1950,"March",24
1950-03-31,1950,"March",31
1950-04-01,1950,"April",7
1950-04-14,1950,"April",14
1950-04-21,1950,"April",21
1950-04-28,1950,"April",28
1950-05-01,1950,"May",5
1950-05-12,1950,"May",12
1950-05-19,1950,"May",19
1950-05-26,1950,"May",26
1950-06-01,1950,"June",2
1950-06-09,1950,"June",9
1950-06-16,1950,"June",16
1950-06-23,1950,"June",23
1950-06-30,1950,"June",30
1950-07-01,1950,"July",7
1950-07-14,1950,"July",14
1950-07-21,1950,"July",21
1950-07-28,1950,"July",28
1950-08-01,1950,"August",4
1950-08-11,1950,"August",11
1950-08-18,1950,"August",18
1950-08-25,1950,"August",25
1950-09-01,1950,"September",1
1950-09-08,1950,"September",8
1950-09-15,1950,"September",15
1950-09-22,1950,"September",22
1950-09-29,1950,"September",29
1950-10-01,1950,"October",6
1950-10-13,1950,"October",13
1950-10-20,1950,"October",20
1950-10-27,1950,"October",27
1950-11-01,1950,"November",3
1950-11-10,1950,"November",10
1950-11-17,1950,"November",17
1950-11-24,1950,"November",24
1950-12-01,1950,"December",1
1950-12-08,1950,"December",8
1950-12-15,1950,"December",15
1950-12-22,1950,"December",22
1950-12-29,1950,"December",29
1951-01-01,1951,"January",5
1951-01-12,1951,"January",12
1951-01-19,1951,"January",19
1951-01-26,1951,"January",26
1951-02-01,1951,"February",2
1951-02-09,1951,"February",9
1951-02-16,1951,"February",16
1951-02-23,1951,"February",23
1951-03-01,1951,"March",2
1951-03-09,1951,"March",9
1951-03-16,1951,"March",16
1951-03-23,1951,"March",23
1951-03-30,1951,"March",30
1951-04-01,1951,"April",6
1951-04-13,1951,"April",13
1951-04-20,1951,"April",20
1951-04-27,1951,"April",27
1951-05-01,1951,"May",4
1951-05-11,1951,"May",11
1951-05-18,1951,"May",18
1951-05-25,1951,"May",25
1951-06-01,1951,"June",1
1951-06-08,1951,"June",8
1951-06-15,1951,"June",15
1951-06-22,1951,"June",22
1951-06-29,1951,"June",29
1951-07-01,1951,"July",6
1951-07-13,1951,"July",13
1951-07-20,1951,"July",20
1951-07-27,1951,"July",27
1951-08-01,1951,"August",3
1951-08-10,1951,"August",10
1951-08-17,1951,"August",17
1951-08-24,1951,"August",24
1951-08-31,1951,"August",31
1951-09-01,1951,"September",7
1951-09-14,1951,"September",14
1951-09-21,1951,"September",21
1951-09-28,1951,"September",28
1951-10-01,1951,"October",5
1951-10-12,1951,"October",12
1951-10-19,1951,"October",19
1951-10-26,1951,"October",26
1951-11-01,1951,"November",2
1951-11-09,1951,"November",9
1951-11-16,1951,"November",16
1951-11-23,1951,"November",23
1951-11-30,1951,"November",30
1951-12-01,1951,"December",7
1951-12-14,1951,"December",14
1951-12-21,1951,"December",21
1951-12-28,1951,"December",28
1952-01-01,1952,"January",4
1952-01-11,1952,"January",11
1952-01-18,1952,"January",18
1952-01-25,1952,"January",25
1952-02-01,1952,"February",1
1952-02-08,1952,"February",8
1952-02-15,1952,"February",15
1952-02-22,1952,"February",22
1952-02-29,1952,"February",29
1952-03-01,1952,"March",7
1952-03-14,1952,"March",14
1952-03-21,1952,"March",21
1952-03-28,1952,"March",28
1952-04-01,1952,"April",4
1952-04-11,1952,"April",11
1952-04-18,1952,"April",18
1952-04-25,1952,"April",25
1952-05-01,1952,"May",2
1952-05-09,1952,"May",9
1952-05-16,1952,"May",16
1952-05-23,1952,"May",23
1952-05-30,1952,"May",30
1952-06-01,1952,"June",6
1952-06-13,1952,"June",13
1952-06-20,1952,"June",20
1952-06-27,1952,"June",27
1952-07-01,1952,"July",4
1952-07-11,1952,"July",11
1952-07-18,1952,"July",18
1952-07-25,1952,"July",25
1952-08-01,1952,"August",1
1952-08-08,1952,"August",8
1952-08-15,1952,"August",15
1952-08-22,1952,"August",22
1952-08-29,1952,"August",29
1952-09-01,1952,"September",5
1952-09-12,1952,"September",12
1952-09-19,1952,"September",19
1952-09-26,1952,"September",26
1952-10-01,1952,"October",3
1952-10-10,1952,"October",10
1952-10-17,1952,"October",17
1952-10-24,1952,"October",24
1952-10-31,1952,"October",31
1952-11-01,1952,"November",7
1952-11-14,1952,"November",14
1952-11-21,1952,"November",21
1952-11-28,1952,"November",28
1952-12-01,1952,"December",5
1952-12-12,1952,"December",12
1952-12-19,1952,"December",19
1952-12-26,1952,"December",26
1953-01-01,1953,"January",2
1953-01-09,1953,"January",9
1953-01-16,1953,"January",16
1953-01-23,1953,"January",23
1953-01-30,1953,"January",30
1953-02-01,1953,"February",6
1953-02-13,1953,"February",13
1953-02-20,1953,"February",20
1953-02-27,1953,"February",27
1953-03-01,1953,"March",6
1953-03-13,1953,"March",13
1953-03-20,1953,"March",20
1953-03-27,1953,"March",27
1953-04-01,1953,"April",3
1953-04-10,1953,"April",10
1953-04-17,1953,"April",17
1953-04-24,1953,"April",24
1953-05-01,1953,"May",1
1953-05-08,1953,"May",8
1953-05-15,1953,"May",15
1953-05-22,1953,"May",22
1953-05-29,1953,"May",29
1953-06-01,1953,"June",5
1953-06-12,1953,"June",12
1953-06-19,1953,"June",19
1953-06-26,1953,"June",26
1953-07-01,1953,"July",3
1953-07-10,1953,"July",10
1953-07-17,1953,"July",17
1953-07-24,1953,"July",24
1953-07-31,1953,"July",31
1953-08-01,1953,"August",7
1953-08-14,1953,"August",14
1953-08-21,1953,"August",21
1953-08-28,1953,"August",28
1953-09-01,1953,"September",4
1953-09-11,1953,"September",11
1953-09-18,1953,"September",18
1953-09-25,1953,"September",25
1953-10-01,1953,"October",2
1953-10-09,1953,"October",9
1953-10-16,1953,"October",16
1953-10-23,1953,"October",23
1953-10-30,1953,"October",30
1953-11-01,1953,"November",6
1953-11-13,1953,"November",13
1953-11-20,1953,"November",20
1953-11-27,1953,"November",27
1953-12-01,1953,"December",4
1953-12-11,1953,"December",11
1953-12-18,1953,"December",18
1953-12-25,1953,"December",25
1954-01-01,1954,"January",1
1954-01-08,1954,"January",8
1954-01-15,1954,"January",15
1954-01-22,1954,"January",22
1954-01-29,1954,"January",29
1954-02-01,1954,"February",5
1954-02-12,1954,"February",12
1954-02-19,1954,"February",19
1954-02-26,1954,"February",26
1954-03-01,1954,"March",5
1954-03-12,1954,"March",12
1954-03-19,1954,"March",19
1954-03-26,1954,"March",26
1954-04-01,1954,"April",2
1954-04-09,1954,"April",9
1954-04-16,1954,"April",16
1954-04-23,1954,"April",23
1954-04-30,1954,"April",30
1954-05-01,1954,"May",7
1954-05-14,1954,"May",14
1954-05-21,1954,"May",21
1954-05-28,1954,"May",28
1954-06-01,1954,"June",4
1954-06-11,1954,"June",11
1954-06-18,1954,"June",18
1954-06-25,1954,"June",25
1954-07-01,1954,"July",2
1954-07-09,1954,"July",9
1954-07-16,1954,"July",16
1954-07-23,1954,"July",23
1954-07-30,1954,"July",30
1954-08-01,1954,"August",6
1954-08-13,1954,"August",13
1954-08-20,1954,"August",20
1954-08-27,1954,"August",27
1954-09-01,1954,"September",3
1954-09-10,1954,"September",10
1954-09-17,1954,"September",17
1954-09-24,1954,"September",24
1954-10-01,1954,"October",1
1954-10-08,1954,"October",8
1954-10-15,1954,"October",15
1954-10-22,1954,"October",22
1954-10-29,1954,"October",29
1954-11-01,1954,"November",5
1954-11-12,1954,"November",12
1954-11-19,1954,"November",19
1954-11-26,1954,"November",26
1954-12-01,1954,"December",3
1954-12-10,1954,"December",10
1954-12-17,1954,"December",17
1954-12-24,1954,"December",24
1954-12-31,1954,"December",31
1955-01-01,1955,"January",7
1955-01-14,1955,"January",14
1955-01-21,1955,"January",21
1955-01-28,1955,"January",28
1955-02-01,1955,"February",4
1955-02-11,1955,"February",11
1955-02-18,1955,"February",18
1955-02-25,1955,"February",25
1955-03-01,1955,"March",4
1955-03-11,1955,"March",11
1955-03-18,1955,"March",18
1955-03-25,1955,"March",25
1955-04-01,1955,"April",1
1955-04-08,1955,"April",8
1955-04-15,1955,"April",15
1955-04-22,1955,"April",22
1955-04-29,1955,"April",29
1955-05-01,1955,"May",6
1955-05-13,1955,"May",13
1955-05-20,1955,"May",20
1955-05-27,1955,"May",27
1955-06-01,1955,"June",3
1955-06-10,1955,"June",10
1955-06-17,1955,"June",17
1955-06-24,1955,"June",24
1955-07-01,1955,"July",1
1955-07-08,1955,"July",8
1955-07-15,1955,"July",15
1955-07-22,1955,"July",22
1955-07-29,1955,"July",29
1955-08-01,1955,"August",5
1955-08-12,1955,"August",12
1955-08-19,1955,"August",19
1955-08-26,1955,"August",26
1955-09-01,1955,"September",2
1955-09-09,1955,"September",9
1955-09-16,1955,"September",16
1955-09-23,1955,"September",23
1955-09-30,1955,"September",30
1955-10-01,1955,"October",7
1955-10-14,1955,"October",14
1955-10-21,1955,"October",21
1955-10-28,1955,"October",28
1955-11-01,1955,"November",4
1955-11-11,1955,"November",11
1955-11-18,1955,"November",18
1955-11-25,1955,"November",25
1955-12-01,1955,"December",2
1955-12-09,1955,"December",9
1955-12-16,1955,"December",16
1955-12-23,1955,"December",23
1955-12-30,1955,"December",30
1956-01-01,1956,"January",6
1956-01-13,1956,"January",13
1956-01-20,1956,"January",20
1956-01-27,1956,"January",27
1956-02-01,1956,"February",3
1956-02-10,1956,"February",10
1956-02-17,1956,"February",17
1956-02-24,1956,"February",24
1956-03-01,1956,"March",2
1956-03-09,1956,"March",9
1956-03-16,1956,"March",16
1956-03-23,1956,"March",23
1956-03-30,1956,"March",30
1956-04-01,1956,"April",6
1956-04-13,1956,"April",13
1956-04-20,1956,"April",20
1956-04-27,1956,"April",27
1956-05-01,1956,"May",4
1956-05-11,1956,"May",11
1956-05-18,1956,"May",18
1956-05-25,1956,"May",25
1956-06-01,1956,"June",1
1956-06-08,1956,"June",8
1956-06-15,1956,"June",15
1956-06-22,1956,"June",22
1956-06-29,1956,"June",29
1956-07-01,1956,"July",6
1956-07-13,1956,"July",13
1956-07-20,1956,"July",20
1956-07-27,1956,"July",27
1956-08-01,1956,"August",3
1956-08-10,1956,"August",10
1956-08-17,1956,"August",17
1956-08-24,1956,"August",24
1956-08-31,1956,"August",31
1956-09-01,1956,"September",7
1956-09-14,1956,"September",14
1956-09-21,1956,"September",21
1956-09-28,1956,"September",28
1956-10-01,1956,"October",5
1956-10-12,1956,"October",12
1956-10-19,1956,"October",19
1956-10-26,1956,"October",26
1956-11-01,1956,"November",2
1956-11-09,1956,"November",9
1956-11-16,1956,"November",16
1956-11-23,1956,"November",23
1956-11-30,1956,"November",30
1956-12-01,1956,"December",7
1956-12-14,1956,"December",14
1956-12-21,1956,"December",21
1956-12-28,1956,"December",28
1957-01-01,1957,"January",4
1957-01-11,1957,"January",11
1957-01-18,1957,"January",18
1957-01-25,1957,"January",25
1957-02-01,1957,"February",1
1957-02-08,1957,"February",8
1957-02-15,1957,"February",15
1957-02-22,1957,"February",22
1957-03-01,1957,"March",1
1957-03-08,1957,"March",8
1957-03-15,1957,"March",15
1957-03-22,1957,"March",22
1957-03-29,1957,"March",29
1957-04-01,1957,"April",5
1957-04-12,1957,"April",12
1957-04-19,1957,"April",19
1957-04-26,1957,"April",26
1957-05-01,1957,"May",3
1957-05-10,1957,"May",10
1957-05-17,1957,"May",17
1957-05-24,1957,"May",24
1957-05-31,1957,"May",31
1957-06-01,1957,"June",7
1957-06-14,1957,"June",14
1957-06-21,1957,"June",21
1957-06-28,1957,"June",28
1957-07-01,1957,"July",5
1957-07-12,1957,"July",12
1957-07-19,1957,"July",19
1957-07-26,1957,"July",26
1957-08-01,1957,"August",2
1957-08-09,1957,"August",9
1957-08-16,1957,"August",16
1957-08-23,1957,"August",23
1957-08-30,1957,"August",30
1957-09-01,1957,"September",6
1957-09-13,1957,"September",13
1957-09-20,1957,"September",20
1957-09-27,1957,"September",27
1957-10-01,1957,"October",4
1957-10-11,1957,"October",11
1957-10-18,1957,"October",18
1957-10-25,1957,"October",25
1957-11-01,1957,"November",1
1957-11-08,1957,"November",8
1957-11-15,1957,"November",15
1957-11-22,1957,"November",22
1957-11-29,1957,"November",29
1957-12-01,1957,"December",6
1957-12-13,1957,"December",13
1957-12-20,1957,"December",20
1957-12-27,1957,"December",27
1958-01-01,1958,"January",3
1958-01-10,1958,"January",10
1958-01-17,1958,"January",17
1958-01-24,1958,"January",24
1958-01-31,1958,"January",31
1958-02-01,1958,"February",7
1958-02-14,1958,"February",14
1958-02-21,1958,"February",21
1958-02-28,1958,"February",28
1958-03-01,1958,"March",7
1958-03-14,1958,"March",14
1958-03-21,1958,"March",21
1958-03-28,1958,"March",28
1958-04-01,1958,"April",4
1958-04-11,1958,"April",11
1958-04-18,1958,"April",18
1958-04-25,1958,"April",25
1958-05-01,1958,"May",2
1958-05-09,1958,"May",9
1958-05-16,1958,"May",16
1958-05-23,1958,"May",23
1958-05-30,1958,"May",30
1958-06-01,1958,"June",6
1958-06-13,1958,"June",13
1958-06-20,1958,"June",20
1958-06-27,1958,"June",27
1958-07-01,1958,"July",4
1958-07-11,1958,"July",11
1958-07-18,1958,"July",18
1958-07-25,1958,"July",25
1958-08-01,1958,"August",1
1958-08-08,1958,"August",8
1958-08-15,1958,"August",15
1958-08-22,1958,"August",22
1958-08-29,1958,"August",29
1958-09-01,1958,"September",5
1958-09-12,1958,"September",12
1958-09-19,1958,"September",19
1958-09-26,1958,"September",26
1958-10-01,1958,"October",3
1958-10-10,1958,"October",10
1958-10-17,1958,"October",17
1958-10-24,1958,"October",24
1958-10-31,1958,"October",31
1958-11-01,1958,"November",7
1958-11-14,1958,"November",14
1958-11-21,1958,"November",21
1958-11-28,1958,"November",28
1958-12-01,1958,"December",5
1958-12-12,1958,"December",12
1958-12-19,1958,"December",19
1958-12-26,1958,"December",26
1959-01-01,1959,"January",2
1959-01-09,1959,"January",9
1959-01-16,1959,"January",16
1959-01-23,1959,"January",23
1959-01-30,1959,"January",30
1959-02-01,1959,"February",6
1959-02-13,1959,"February",13
1959-02-20,1959,"February",20
1959-02-27,1959,"February",27
1959-03-01,1959,"March",6
1959-03-13,1959,"March",13
1959-03-20,1959,"March",20
1959-03-27,1959,"March",27
1959-04-01,1959,"April",3
1959-04-10,1959,"April",10
1959-04-17,1959,"April",17
1959-04-24,1959,"April",24
1959-05-01,1959,"May",1
1959-05-08,1959,"May",8
1959-05-15,1959,"May",15
1959-05-22,1959,"May",22
1959-05-29,1959,"May",29
1959-06-01,1959,"June",5
1959-06-12,1959,"June",12
1959-06-19,1959,"June",19
1959-06-26,1959,"June",26
1959-07-01,1959,"July",3
1959-07-10,1959,"July",10
1959-07-17,1959,"July",17
1959-07-24,1959,"July",24
1959-07-31,1959,"July",31
1959-08-01,1959,"August",7
1959-08-14,1959,"August",14
1959-08-21,1959,"August",21
1959-08-28,1959,"August",28
1959-09-01,1959,"September",4
1959-09-11,1959,"September",11
1959-09-18,1959,"September",18
1959-09-25,1959,"September",25
1959-10-01,1959,"October",2
1959-10-09,1959,"October",9
1959-10-16,1959,"October",16
1959-10-23,1959,"October",23
1959-10-30,1959,"October",30
1959-11-01,1959,"November",6
1959-11-13,1959,"November",13
1959-11-20,1959,"November",20
1959-11-27,1959,"November",27
1959-12-01,1959,"December",4
1959-12-11,1959,"December",11
1959-12-18,1959,"December",18
1959-12-25,1959,"December",25
1960-01-01,1960,"January",1
1960-01-08,1960,"January",8
1960-01-15,1960,"January",15
1960-01-22,1960,"January",22
1960-01-29,1960,"January",29
1960-02-01,1960,"February",5
1960-02-12,1960,"February",12
1960-02-19,1960,"February",19
1960-02-26,1960,"February",26
1960-03-01,1960,"March",4
1960-03-11,1960,"March",11
1960-03-18,1960,"March",18
1960-03-25,1960,"March",25
1960-04-01,1960,"April",1
1960-04-08,1960,"April",8
1960-04-15,1960,"April",15
1960-04-22,1960,"April",22
1960-04-29,1960,"April",29
1960-05-01,1960,"May",6
1960-05-13,1960,"May",13
1960-05-20,1960,"May",20
1960-05-27,1960,"May",27
1960-06-01,1960,"June",3
1960-06-10,1960,"June",10
1960-06-17,1960,"June",17
1960-06-24,1960,"June",24
1960-07-01,1960,"July",1
1960-07-08,1960,"July",8
1960-07-15,1960,"July",15
1960-07-22,1960,"July",22
1960-07-29,1960,"July",29
1960-08-01,1960,"August",5
1960-08-12,1960,"August",12
1960-08-19,1960,"August",19
1960-08-26,1960,"August",26
1960-09-01,1960,"September",2
1960-09-09,1960,"September",9
1960-09-16,1960,"September",16
1960-09-23,1960,"September",23
1960-09-30,1960,"September",30
1960-10-01,1960,"October",7
1960-10-14,1960,"October",14
1960-10-21,1960,"October",21
1960-10-28,1960,"October",28
1960-11-01,1960,"November",4
1960-11-11,1960,"November",11
1960-11-18,1960,"November",18
1960-11-25,1960,"November",25
1960-12-01,1960,"December",2
1960-12-09,1960,"December",9
1960-12-16,1960,"December",16
1960-12-23,1960,"December",23
1960-12-30,1960,"December",30
1961-01-01,1961,"January",6
1961-01-13,1961,"January",13
1961-01-20,1961,"January",20
1961-01-27,1961,"January",27
1961-02-01,1961,"February",3
1961-02-10,1961,"February",10
1961-02-17,1961,"February",17
1961-02-24,1961,"February",24
1961-03-01,1961,"March",3
1961-03-10,1961,"March",10
1961-03-17,1961,"March",17
1961-03-24,1961,"March",24
1961-03-31,1961,"March",31
1961-04-01,1961,"April",7
1961-04-14,1961,"April",14
1961-04-21,1961,"April",21
1961-04-28,1961,"April",28
1961-05-01,1961,"May",5
1961-05-12,1961,"May",12
1961-05-19,1961,"May",19
1961-05-26,1961,"May",26
1961-06-01,1961,"June",2
1961-06-09,1961,"June",9
1961-06-16,1961,"June",16
1961-06-23,1961,"June",23
1961-06-30,1961,"June",30
1961-07-01,1961,"July",7
1961-07-14,1961,"July",14
1961-07-21,1961,"July",21
1961-07-28,1961,"July",28
1961-08-01,1961,"August",4
1961-08-11,1961,"August",11
1961-08-18,1961,"August",18
1961-08-25,1961,"August",25
1961-09-01,1961,"September",1
1961-09-08,1961,"September",8
1961-09-15,1961,"September",15
1961-09-22,1961,"September",22
1961-09-29,1961,"September",29
1961-10-01,1961,"October",6
1961-10-13,1961,"October",13
1961-10-20,1961,"October",20
1961-10-27,1961,"October",27
1961-11-01,1961,"November",3
1961-11-10,1961,"November",10
1961-11-17,1961,"November",17
1961-11-24,1961,"November",24
1961-12-01,1961,"December",1
1961-12-08,1961,"December",8
1961-12-15,1961,"December",15
1961-12-22,1961,"December",22
1961-12-29,1961,"December",29
1962-01-01,1962,"January",5
1962-01-12,1962,"January",12
1962-01-19,1962,"January",19
1962-01-26,1962,"January",26
1962-02-01,1962,"February",2
1962-02-09,1962,"February",9
1962-02-16,1962,"February",16
1962-02-23,1962,"February",23
1962-03-01,1962,"March",2
1962-03-09,1962,"March",9
1962-03-16,1962,"March",16
1962-03-23,1962,"March",23
1962-03-30,1962,"March",30
1962-04-01,1962,"April",6
1962-04-13,1962,"April",13
1962-04-20,1962,"April",20
1962-04-27,1962,"April",27
1962-05-01,1962,"May",4
1962-05-11,1962,"May",11
1962-05-18,1962,"May",18
1962-05-25,1962,"May",25
1962-06-01,1962,"June",1
1962-06-08,1962,"June",8
1962-06-15,1962,"June",15
1962-06-22,1962,"June",22
1962-06-29,1962,"June",29
1962-07-01,1962,"July",6
1962-07-13,1962,"July",13
1962-07-20,1962,"July",20
1962-07-27,1962,"July",27
1962-08-01,1962,"August",3
1962-08-10,1962,"August",10
1962-08-17,1962,"August",17
1962-08-24,1962,"August",24
1962-08-31,1962,"August",31
1962-09-01,1962,"September",7
1962-09-14,1962,"September",14
1962-09-21,1962,"September",21
1962-09-28,1962,"September",28
1962-10-01,1962,"October",5
1962-10-12,1962,"October",12
1962-10-19,1962,"October",19
1962-10-26,1962,"October",26
1962-11-01,1962,"November",2
1962-11-09,1962,"November",9
1962-11-16,1962,"November",16
1962-11-23,1962,"November",23
1962-11-30,1962,"November",30
1962-12-01,1962,"December",7
1962-12-14,1962,"December",14
1962-12-21,1962,"December",21
1962-12-28,1962,"December",28
1963-01-01,1963,"January",4
1963-01-11,1963,"January",11
1963-01-18,1963,"January",18
1963-01-25,1963,"January",25
1963-02-01,1963,"February",1
1963-02-08,1963,"February",8
1963-02-15,1963,"February",15
1963-02-22,1963,"February",22
1963-03-01,1963,"March",1
1963-03-08,1963,"March",8
1963-03-15,1963,"March",15
1963-03-22,1963,"March",22
1963-03-29,1963,"March",29
1963-04-01,1963,"April",5
1963-04-12,1963,"April",12
1963-04-19,1963,"April",19
1963-04-26,1963,"April",26
1963-05-01,1963,"May",3
1963-05-10,1963,"May",10
1963-05-17,1963,"May",17
1963-05-24,1963,"May",24
1963-05-31,1963,"May",31
1963-06-01,1963,"June",7
1963-06-14,1963,"June",14
1963-06-21,1963,"June",21
1963-06-28,1963,"June",28
1963-07-01,1963,"July",5
1963-07-12,1963,"July",12
1963-07-19,1963,"July",19
1963-07-26,1963,"July",26
1963-08-01,1963,"August",2
1963-08-09,1963,"August",9
1963-08-16,1963,"August",16
1963-08-23,1963,"August",23
1963-08-30,1963,"August",30
1963-09-01,1963,"September",6
1963-09-13,1963,"September",13
1963-09-20,1963,"September",20
1963-09-27,1963,"September",27
1963-10-01,1963,"October",4
1963-10-11,1963,"October",11
1963-10-18,1963,"October",18
1963-10-25,1963,"October",25
1963-11-01,1963,"November",1
1963-11-08,1963,"November",8
1963-11-15,1963,"November",15
1963-11-22,1963,"November",22
1963-11-29,1963,"November",29
1963-12-01,1963,"December",6
1963-12-13,1963,"December",13
1963-12-20,1963,"December",20
1963-12-27,1963,"December",27
1964-01-01,1964,"January",3
1964-01-10,1964,"January",10
1964-01-17,1964,"January",17
1964-01-24,1964,"January",24
1964-01-31,1964,"January",31
1964-02-01,1964,"February",7
1964-02-14,1964,"February",14
1964-02-21,1964,"February",21
1964-02-28,1964,"February",28
1964-03-01,1964,"March",6
1964-03-13,1964,"March",13
1964-03-20,1964,"March",20
1964-03-27,1964,"March",27
1964-04-01,1964,"April",3
1964-04-10,1964,"April",10
1964-04-17,1964,"April",17
1964-04-24,1964,"April",24
1964-05-01,1964,"May",1
1964-05-08,1964,"May",8
1964-05-15,1964,"May",15
1964-05-22,1964,"May",22
1964-05-29,1964,"May",29
1964-06-01,1964,"June",5
1964-06-12,1964,"June",12
1964-06-19,1964,"June",19
1964-06-26,1964,"June",26
1964-07-01,1964,"July",3
1964-07-10,1964,"July",10
1964-07-17,1964,"July",17
1964-07-24,1964,"July",24
1964-07-31,1964,"July",31
1964-08-01,1964,"August",7
1964-08-14,1964,"August",14
1964-08-21,1964,"August",21
1964-08-28,1964,"August",28
1964-09-01,1964,"September",4
1964-09-11,1964,"September",11
1964-09-18,1964,"September",18
1964-09-25,1964,"September",25
1964-10-01,1964,"October",2
1964-10-09,1964,"October",9
1964-10-16,1964,"October",16
1964-10-23,1964,"October",23
1964-10-30,1964,"October",30
1964-11-01,1964,"November",6
1964-11-13,1964,"November",13
1964-11-20,1964,"November",20
1964-11-27,1964,"November",27
1964-12-01,1964,"December",4
1964-12-11,1964,"December",11
1964-12-18,1964,"December",18
1964-12-25,1964,"December",25
1965-01-01,1965,"January",1
1965-01-08,1965,"January",8
1965-01-15,1965,"January",15
1965-01-22,1965,"January",22
1965-01-29,1965,"January",29
1965-02-01,1965,"February",5
1965-02-12,1965,"February",12
1965-02-19,1965,"February",19
1965-02-26,1965,"February",26
1965-03-01,1965,"March",5
1965-03-12,1965,"March",12
1965-03-19,1965,"March",19
1965-03-26,1965,"March",26
1965-04-01,1965,"April",2
1965-04-09,1965,"April",9
1965-04-16,1965,"April",16
1965-04-23,1965,"April",23
1965-04-30,1965,"April",30
1965-05-01,1965,"May",7
1965-05-14,1965,"May",14
1965-05-21,1965,"May",21
1965-05-28,1965,"May",28
1965-06-01,1965,"June",4
1965-06-11,1965,"June",11
1965-06-18,1965,"June",18
1965-06-25,1965,"June",25
1965-07-01,1965,"July",2
1965-07-09,1965,"July",9
1965-07-16,1965,"July",16
1965-07-23,1965,"July",23
1965-07-30,1965,"July",30
1965-08-01,1965,"August",6
1965-08-13,1965,"August",13
1965-08-20,1965,"August",20
1965-08-27,1965,"August",27
1965-09-01,1965,"September",3
1965-09-10,1965,"September",10
1965-09-17,1965,"September",17
1965-09-24,1965,"September",24
1965-10-01,1965,"October",1
1965-10-08,1965,"October",8
1965-10-15,1965,"October",15
1965-10-22,1965,"October",22
1965-10-29,1965,"October",29
1965-11-01,1965,"November",5
1965-11-12,1965,"November",12
1965-11-19,1965,"November",19
1965-11-26,1965,"November",26
1965-12-01,1965,"December",3
1965-12-10,1965,"December",10
1965-12-17,1965,"December",17
1965-12-24,1965,"December",24
1965-12-31,1965,"December",31
1966-01-01,1966,"January",7
1966-01-14,1966,"January",14
1966-01-21,1966,"January",21
1966-01-28,1966,"January",28
1966-02-01,1966,"February",4
1966-02-11,1966,"February",11
1966-02-18,1966,"February",18
1966-02-25,1966,"February",25
1966-03-01,1966,"March",4
1966-03-11,1966,"March",11
1966-03-18,1966,"March",18
1966-03-25,1966,"March",25
1966-04-01,1966,"April",1
1966-04-08,1966,"April",8
1966-04-15,1966,"April",15
1966-04-22,1966,"April",22
1966-04-29,1966,"April",29
1966-05-01,1966,"May",6
1966-05-13,1966,"May",13
1966-05-20,1966,"May",20
1966-05-27,1966,"May",27
1966-06-01,1966,"June",3
1966-06-10,1966,"June",10
1966-06-17,1966,"June",17
1966-06-24,1966,"June",24
1966-07-01,1966,"July",1
1966-07-08,1966,"July",8
1966-07-15,1966,"July",15
1966-07-22,1966,"July",22
1966-07-29,1966,"July",29
1966-08-01,1966,"August",5
1966-08-12,1966,"August",12
1966-08-19,1966,"August",19
1966-08-26,1966,"August",26
1966-09-01,1966,"September",2
1966-09-09,1966,"September",9
1966-09-16,1966,"September",16
1966-09-23,1966,"September",23
1966-09-30,1966,"September",30
1966-10-01,1966,"October",7
1966-10-14,1966,"October",14
1966-10-21,1966,"October",21
1966-10-28,1966,"October",28
1966-11-01,1966,"November",4
1966-11-11,1966,"November",11
1966-11-18,1966,"November",18
1966-11-25,1966,"November",25
1966-12-01,1966,"December",2
1966-12-09,1966,"December",9
1966-12-16,1966,"December",16
1966-12-23,1966,"December",23
1966-12-30,1966,"December",30
1967-01-01,1967,"January",6
1967-01-13,1967,"January",13
1967-01-20,1967,"January",20
1967-01-27,1967,"January",27
1967-02-01,1967,"February",3
1967-02-10,1967,"February",10
1967-02-17,1967,"February",17
1967-02-24,1967,"February",24
1967-03-01,1967,"March",3
1967-03-10,1967,"March",10
1967-03-17,1967,"March",17
1967-03-24,1967,"March",24
1967-03-31,1967,"March",31
1967-04-01,1967,"April",7
1967-04-14,1967,"April",14
1967-04-21,1967,"April",21
1967-04-28,1967,"April",28
1967-05-01,1967,"May",5
1967-05-12,1967,"May",12
1967-05-19,1967,"May",19
1967-05-26,1967,"May",26
1967-06-01,1967,"June",2
1967-06-09,1967,"June",9
1967-06-16,1967,"June",16
1967-06-23,1967,"June",23
1967-06-30,1967,"June",30
1967-07-01,1967,"July",7
1967-07-14,1967,"July",14
1967-07-21,1967,"July",21
1967-07-28,1967,"July",28
1967-08-01,1967,"August",4
1967-08-11,1967,"August",11
1967-08-18,1967,"August",18
1967-08-25,1967,"August",25
1967-09-01,1967,"September",1
1967-09-08,1967,"September",8
1967-09-15,1967,"September",15
1967-09-22,1967,"September",22
1967-09-29,1967,"September",29
1967-10-01,1967,"October",6
1967-10-13,1967,"October",13
1967-10-20,1967,"October",20
1967-10-27,1967,"October",27
1967-11-01,1967,"November",3
1967-11-10,1967,"November",10
1967-11-17,1967,"November",17
1967-11-24,1967,"November",24
1967-12-01,1967,"December",1
1967-12-08,1967,"December",8
1967-12-15,1967,"December",15
1967-12-22,1967,"December",22
1967-12-29,1967,"December",29
1968-01-01,1968,"January",5
1968-01-12,1968,"January",12
1968-01-19,1968,"January",19
1968-01-26,1968,"January",26
1968-02-01,1968,"February",2
1968-02-09,1968,"February",9
1968-02-16,1968,"February",16
1968-02-23,1968,"February",23
1968-03-01,1968,"March",1
1968-03-08,1968,"March",8
1968-03-15,1968,"March",15
1968-03-22,1968,"March",22
1968-03-29,1968,"March",29
1968-04-01,1968,"April",5
1968-04-12,1968,"April",12
1968-04-19,1968,"April",19
1968-04-26,1968,"April",26
1968-05-01,1968,"May",3
1968-05-10,1968,"May",10
1968-05-17,1968,"May",17
1968-05-24,1968,"May",24
1968-05-31,1968,"May",31
1968-06-01,1968,"June",7
1968-06-14,1968,"June",14
1968-06-21,1968,"June",21
1968-06-28,1968,"June",28
1968-07-01,1968,"July",5
1968-07-12,1968,"July",12
1968-07-19,1968,"July",19
1968-07-26,1968,"July",26
1968-08-01,1968,"August",2
1968-08-09,1968,"August",9
1968-08-16,1968,"August",16
1968-08-23,1968,"August",23
1968-08-30,1968,"August",30
1968-09-01,1968,"September",6
1968-09-13,1968,"September",13
1968-09-20,1968,"September",20
1968-09-27,1968,"September",27
1968-10-01,1968,"October",4
1968-10-11,1968,"October",11
1968-10-18,1968,"October",18
1968-10-25,1968,"October",25
1968-11-01,1968,"November",1
1968-11-08,1968,"November",8
1968-11-15,1968,"November",15
1968-11-22,1968,"November",22
1968-11-29,1968,"November",29
1968-12-01,1968,"December",6
1968-12-13,1968,"December",13
1968-12-20,1968,"December",20
1968-12-27,1968,"December",27
1969-01-01,1969,"January",3
1969-01-10,1969,"January",10
1969-01-17,1969,"January",17
1969-01-24,1969,"January",24
1969-01-31,1969,"January",31
1969-02-01,1969,"February",7
1969-02-14,1969,"February",14
1969-02-21,1969,"February",21
1969-02-28,1969,"February",28
1969-03-01,1969,"March",7
1969-03-14,1969,"March",14
1969-03-21,1969,"March",21
1969-03-28,1969,"March",28
1969-04-01,1969,"April",4
1969-04-11,1969,"April",11
1969-04-18,1969,"April",18
1969-04-25,1969,"April",25
1969-05-01,1969,"May",2
1969-05-09,1969,"May",9
1969-05-16,1969,"May",16
1969-05-23,1969,"May",23
1969-05-30,1969,"May",30
1969-06-01,1969,"June",6
1969-06-13,1969,"June",13
1969-06-20,1969,"June",20
1969-06-27,1969,"June",27
1969-07-01,1969,"July",4
1969-07-11,1969,"July",11
1969-07-18,1969,"July",18
1969-07-25,1969,"July",25
1969-08-01,1969,"August",1
1969-08-08,1969,"August",8
1969-08-15,1969,"August",15
1969-08-22,1969,"August",22
1969-08-29,1969,"August",29
1969-09-01,1969,"September",5
1969-09-12,1969,"September",12
1969-09-19,1969,"September",19
1969-09-26,1969,"September",26
1969-10-01,1969,"October",3
1969-10-10,1969,"October",10
1969-10-17,1969,"October",17
1969-10-24,1969,"October",24
1969-10-31,1969,"October",31
1969-11-01,1969,"November",7
1969-11-14,1969,"November",14
1969-11-21,1969,"November",21
1969-11-28,1969,"November",28
1969-12-01,1969,"December",5
1969-12-12,1969,"December",12
1969-12-19,1969,"December",19
1969-12-26,1969,"December",26
1970-01-01,1970,"January",2
1970-01-09,1970,"January",9
1970-01-16,1970,"January",16
1970-01-23,1970,"January",23
1970-01-30,1970,"January",30
1970-02-01,1970,"February",6
1970-02-13,1970,"February",13
1970-02-20,1970,"February",20
1970-02-27,1970,"February",27
1970-03-01,1970,"March",6
1970-03-13,1970,"March",13
1970-03-20,1970,"March",20
1970-03-27,1970,"March",27
1970-04-01,1970,"April",3
1970-04-10,1970,"April",10
1970-04-17,1970,"April",17
1970-04-24,1970,"April",24
1970-05-01,1970,"May",1
1970-05-08,1970,"May",8
1970-05-15,1970,"May",15
1970-05-22,1970,"May",22
1970-05-29,1970,"May",29
1970-06-01,1970,"June",5
1970-06-12,1970,"June",12
1970-06-19,1970,"June",19
1970-06-26,1970,"June",26
1970-07-01,1970,"July",3
1970-07-10,1970,"July",10
1970-07-17,1970,"July",17
1970-07-24,1970,"July",24
1970-07-31,1970,"July",31
1970-08-01,1970,"August",7
1970-08-14,1970,"August",14
1970-08-21,1970,"August",21
1970-08-28,1970,"August",28
1970-09-01,1970,"September",4
1970-09-11,1970,"September",11
1970-09-18,1970,"September",18
1970-09-25,1970,"September",25
1970-10-01,1970,"October",2
1970-10-09,1970,"October",9
1970-10-16,1970,"October",16
1970-10-23,1970,"October",23
1970-10-30,1970,"October",30
1970-11-01,1970,"November",6
1970-11-13,1970,"November",13
1970-11-20,1970,"November",20
1970-11-27,1970,"November",27
1970-12-01,1970,"December",4
1970-12-11,1970,"December",11
1970-12-18,1970,"December",18
1970-12-25,1970,"December",25
1971-01-01,1971,"January",1
1971-01-08,1971,"January",8
1971-01-15,1971,"January",15
1971-01-22,1971,"January",22
1971-01-29,1971,"January",29
1971-02-01,1971,"February",5
1971-02-12,1971,"February",12
1971-02-19,1971,"February",19
1971-02-26,1971,"February",26
1971-03-01,1971,"March",5
1971-03-12,1971,"March",12
1971-03-19,1971,"March",19
1971-03-26,1971,"March",26
1971-04-01,1971,"April",2
1971-04-09,1971,"April",9
1971-04-16,1971,"April",16
1971-04-23,1971,"April",23
1971-04-30,1971,"April",30
1971-05-01,1971,"May",7
1971-05-14,1971,"May",14
1971-05-21,1971,"May",21
1971-05-28,1971,"May",28
1971-06-01,1971,"June",4
1971-06-11,1971,"June",11
1971-06-18,1971,"June",18
1971-06-25,1971,"June",25
1971-07-01,1971,"July",2
1971-07-09,1971,"July",9
1971-07-16,1971,"July",16
1971-07-23,1971,"July",23
1971-07-30,1971,"July",30
1971-08-01,1971,"August",6
1971-08-13,1971,"August",13
1971-08-20,1971,"August",20
1971-08-27,1971,"August",27
1971-09-01,1971,"September",3
1971-09-10,1971,"September",10
1971-09-17,1971,"September",17
1971-09-24,1971,"September",24
1971-10-01,1971,"October",1
1971-10-08,1971,"October",8
1971-10-15,1971,"October",15
1971-10-22,1971,"October",22
1971-10-29,1971,"October",29
1971-11-01,1971,"November",5
1971-11-12,1971,"November",12
1971-11-19,1971,"November",19
1971-11-26,1971,"November",26
1971-12-01,1971,"December",3
1971-12-10,1971,"December",10
1971-12-17,1971,"December",17
1971-12-24,1971,"December",24
1971-12-31,1971,"December",31
1972-01-01,1972,"January",7
1972-01-14,1972,"January",14
1972-01-21,1972,"January",21
1972-01-28,1972,"January",28
1972-02-01,1972,"February",4
1972-02-11,1972,"February",11
1972-02-18,1972,"February",18
1972-02-25,1972,"February",25
1972-03-01,1972,"March",3
1972-03-10,1972,"March",10
1972-03-17,1972,"March",17
1972-03-24,1972,"March",24
1972-03-31,1972,"March",31
1972-04-01,1972,"April",7
1972-04-14,1972,"April",14
1972-04-21,1972,"April",21
1972-04-28,1972,"April",28
1972-05-01,1972,"May",5
1972-05-12,1972,"May",12
1972-05-19,1972,"May",19
1972-05-26,1972,"May",26
1972-06-01,1972,"June",2
1972-06-09,1972,"June",9
1972-06-16,1972,"June",16
1972-06-23,1972,"June",23
1972-06-30,1972,"June",30
1972-07-01,1972,"July",7
1972-07-14,1972,"July",14
1972-07-21,1972,"July",21
1972-07-28,1972,"July",28
1972-08-01,1972,"August",4
1972-08-11,1972,"August",11
1972-08-18,1972,"August",18
1972-08-25,1972,"August",25
1972-09-01,1972,"September",1
1972-09-08,1972,"September",8
1972-09-15,1972,"September",15
1972-09-22,1972,"September",22
1972-09-29,1972,"September",29
1972-10-01,1972,"October",6
1972-10-13,1972,"October",13
1972-10-20,1972,"October",20
1972-10-27,1972,"October",27
1972-11-01,1972,"November",3
1972-11-10,1972,"November",10
1972-11-17,1972,"November",17
1972-11-24,1972,"November",24
1972-12-01,1972,"December",1
1972-12-08,1972,"December",8
1972-12-15,1972,"December",15
1972-12-22,1972,"December",22
1972-12-29,1972,"December",29
1973-01-01,1973,"January",5
1973-01-12,1973,"January",12
1973-01-19,1973,"January",19
1973-01-26,1973,"January",26
1973-02-01,1973,"February",2
1973-02-09,1973,"February",9
1973-02-16,1973,"February",16
1973-02-23,1973,"February",23
1973-03-01,1973,"March",2
1973-03-09,1973,"March",9
1973-03-16,1973,"March",16
1973-03-23,1973,"March",23
1973-03-30,1973,"March",30
1973-04-01,1973,"April",6
1973-04-13,1973,"April",13
1973-04-20,1973,"April",20
1973-04-27,1973,"April",27
1973-05-01,1973,"May",4
1973-05-11,1973,"May",11
1973-05-18,1973,"May",18
1973-05-25,1973,"May",25
1973-06-01,1973,"June",1
1973-06-08,1973,"June",8
1973-06-15,1973,"June",15
1973-06-22,1973,"June",22
1973-06-29,1973,"June",29
1973-07-01,1973,"July",6
1973-07-13,1973,"July",13
1973-07-20,1973,"July",20
1973-07-27,1973,"July",27
1973-08-01,1973,"August",3
1973-08-10,1973,"August",10
1973-08-17,1973,"August",17
1973-08-24,1973,"August",24
1973-08-31,1973,"August",31
1973-09-01,1973,"September",7
1973-09-14,1973,"September",14
1973-09-21,1973,"September",21
1973-09-28,1973,"September",28
1973-10-01,1973,"October",5
1973-10-12,1973,"October",12
1973-10-19,1973,"October",19
1973-10-26,1973,"October",26
1973-11-01,1973,"November",2
1973-11-09,1973,"November",9
1973-11-16,1973,"November",16
1973-11-23,1973,"November",23
1973-11-30,1973,"November",30
1973-12-01,1973,"December",7
1973-12-14,1973,"December",14
1973-12-21,1973,"December",21
1973-12-28,1973,"December",28
1974-01-01,1974,"January",4
1974-01-11,1974,"January",11
1974-01-18,1974,"January",18
1974-01-25,1974,"January",25
1974-02-01,1974,"February",1
1974-02-08,1974,"February",8
1974-02-15,1974,"February",15
1974-02-22,1974,"February",22
1974-03-01,1974,"March",1
1974-03-08,1974,"March",8
1974-03-15,1974,"March",15
1974-03-22,1974,"March",22
1974-03-29,1974,"March",29
1974-04-01,1974,"April",5
1974-04-12,1974,"April",12
1974-04-19,1974,"April",19
1974-04-26,1974,"April",26
1974-05-01,1974,"May",3
1974-05-10,1974,"May",10
1974-05-17,1974,"May",17
1974-05-24,1974,"May",24
1974-05-31,1974,"May",31
1974-06-01,1974,"June",7
1974-06-14,1974,"June",14
1974-06-21,1974,"June",21
1974-06-28,1974,"June",28
1974-07-01,1974,"July",5
1974-07-12,1974,"July",12
1974-07-19,1974,"July",19
1974-07-26,1974,"July",26
1974-08-01,1974,"August",2
1974-08-09,1974,"August",9
1974-08-16,1974,"August",16
1974-08-23,1974,"August",23
1974-08-30,1974,"August",30
1974-09-01,1974,"September",6
1974-09-13,1974,"September",13
1974-09-20,1974,"September",20
1974-09-27,1974,"September",27
1974-10-01,1974,"October",4
1974-10-11,1974,"October",11
1974-10-18,1974,"October",18
1974-10-25,1974,"October",25
1974-11-01,1974,"November",1
1974-11-08,1974,"November",8
1974-11-15,1974,"November",15
1974-11-22,1974,"November",22
1974-11-29,1974,"November",29
1974-12-01,1974,"December",6
1974-12-13,1974,"December",13
1974-12-20,1974,"December",20
1974-12-27,1974,"December",27
1975-01-01,1975,"January",3
1975-01-10,1975,"January",10
1975-01-17,1975,"January",17
1975-01-24,1975,"January",24
1975-01-31,1975,"January",31
1975-02-01,1975,"February",7
1975-02-14,1975,"February",14
1975-02-21,1975,"February",21
1975-02-28,1975,"February",28
1975-03-01,1975,"March",7
1975-03-14,1975,"March",14
1975-03-21,1975,"March",21
1975-03-28,1975,"March",28
1975-04-01,1975,"April",4
1975-04-11,1975,"April",11
1975-04-18,1975,"April",18
1975-04-25,1975,"April",25
1975-05-01,1975,"May",2
1975-05-09,1975,"May",9
1975-05-16,1975,"May",16
1975-05-23,1975,"May",23
1975-05-30,1975,"May",30
1975-06-01,1975,"June",6
1975-06-13,1975,"June",13
1975-06-20,1975,"June",20
1975-06-27,1975,"June",27
1975-07-01,1975,"July",4
1975-07-11,1975,"July",11
1975-07-18,1975,"July",18
1975-07-25,1975,"July",25
1975-08-01,1975,"August",1
1975-08-08,1975,"August",8
1975-08-15,1975,"August",15
1975-08-22,1975,"August",22
1975-08-29,1975,"August",29
1975-09-01,1975,"September",5
1975-09-12,1975,"September",12
1975-09-19,1975,"September",19
1975-09-26,1975,"September",26
1975-10-01,1975,"October",3
1975-10-10,1975,"October",10
1975-10-17,1975,"October",17
1975-10-24,1975,"October",24
1975-10-31,1975,"October",31
1975-11-01,1975,"November",7
1975-11-14,1975,"November",14
1975-11-21,1975,"November",21
1975-11-28,1975,"November",28
1975-12-01,1975,"December",5
1975-12-12,1975,"December",12
1975-12-19,1975,"December",19
1975-12-26,1975,"December",26
1976-01-01,1976,"January",2
1976-01-09,1976,"January",9
1976-01-16,1976,"January",16
1976-01-23,1976,"January",23
1976-01-30,1976,"January",30
1976-02-01,1976,"February",6
1976-02-13,1976,"February",13
1976-02-20,1976,"February",20
1976-02-27,1976,"February",27
1976-03-01,1976,"March",5
1976-03-12,1976,"March",12
1976-03-19,1976,"March",19
1976-03-26,1976,"March",26
1976-04-01,1976,"April",2
1976-04-09,1976,"April",9
1976-04-16,1976,"April",16
1976-04-23,1976,"April",23
1976-04-30,1976,"April",30
1976-05-01,1976,"May",7
1976-05-14,1976,"May",14
1976-05-21,1976,"May",21
1976-05-28,1976,"May",28
1976-06-01,1976,"June",4
1976-06-11,1976,"June",11
1976-06-18,1976,"June",18
1976-06-25,1976,"June",25
1976-07-01,1976,"July",2
1976-07-09,1976,"July",9
1976-07-16,1976,"July",16
1976-07-23,1976,"July",23
1976-07-30,1976,"July",30
1976-08-01,1976,"August",6
1976-08-13,1976,"August",13
1976-08-20,1976,"August",20
1976-08-27,1976,"August",27
1976-09-01,1976,"September",3
1976-09-10,1976,"September",10
1976-09-17,1976,"September",17
1976-09-24,1976,"September",24
1976-10-01,1976,"October",1
1976-10-08,1976,"October",8
1976-10-15,1976,"October",15
1976-10-22,1976,"October",22
1976-10-29,1976,"October",29
1976-11-01,1976,"November",5
1976-11-12,1976,"November",12
1976-11-19,1976,"November",19
1976-11-26,1976,"November",26
1976-12-01,1976,"December",3
1976-12-10,1976,"December",10
1976-12-17,1976,"December",17
1976-12-24,1976,"December",24
1976-12-31,1976,"December",31
1977-01-01,1977,"January",7
1977-01-14,1977,"January",14
1977-01-21,1977,"January",21
1977-01-28,1977,"January",28
1977-02-01,1977,"February",4
1977-02-11,1977,"February",11
1977-02-18,1977,"February",18
1977-02-25,1977,"February",25
1977-03-01,1977,"March",4
1977-03-11,1977,"March",11
1977-03-18,1977,"March",18
1977-03-25,1977,"March",25
1977-04-01,1977,"April",1
1977-04-08,1977,"April",8
1977-04-15,1977,"April",15
1977-04-22,1977,"April",22
1977-04-29,1977,"April",29
1977-05-01,1977,"May",6
1977-05-13,1977,"May",13
1977-05-20,1977,"May",20
1977-05-27,1977,"May",27
1977-06-01,1977,"June",3
1977-06-10,1977,"June",10
1977-06-17,1977,"June",17
1977-06-24,1977,"June",24
1977-07-01,1977,"July",1
1977-07-08,1977,"July",8
1977-07-15,1977,"July",15
1977-07-22,1977,"July",22
1977-07-29,1977,"July",29
1977-08-01,1977,"August",5
1977-08-12,1977,"August",12
1977-08-19,1977,"August",19
1977-08-26,1977,"August",26
1977-09-01,1977,"September",2
1977-09-09,1977,"September",9
1977-09-16,1977,"September",16
1977-09-23,1977,"September",23
1977-09-30,1977,"September",30
1977-10-01,1977,"October",7
1977-10-14,1977,"October",14
1977-10-21,1977,"October",21
1977-10-28,1977,"October",28
1977-11-01,1977,"November",4
1977-11-11,1977,"November",11
1977-11-18,1977,"November",18
1977-11-25,1977,"November",25
1977-12-01,1977,"December",2
1977-12-09,1977,"December",9
1977-12-16,1977,"December",16
1977-12-23,1977,"December",23
1977-12-30,1977,"December",30
1978-01-01,1978,"January",6
1978-01-13,1978,"January",13
1978-01-20,1978,"January",20
1978-01-27,1978,"January",27
1978-02-01,1978,"February",3
1978-02-10,1978,"February",10
1978-02-17,1978,"February",17
1978-02-24,1978,"February",24
1978-03-01,1978,"March",3
1978-03-10,1978,"March",10
1978-03-17,1978,"March",17
1978-03-24,1978,"March",24
1978-03-31,1978,"March",31
1978-04-01,1978,"April",7
1978-04-14,1978,"April",14
1978-04-21,1978,"April",21
1978-04-28,1978,"April",28
1978-05-01,1978,"May",5
1978-05-12,1978,"May",12
1978-05-19,1978,"May",19
1978-05-26,1978,"May",26
1978-06-01,1978,"June",2
1978-06-09,1978,"June",9
1978-06-16,1978,"June",16
1978-06-23,1978,"June",23
1978-06-30,1978,"June",30
1978-07-01,1978,"July",7
1978-07-14,1978,"July",14
1978-07-21,1978,"July",21
1978-07-28,1978,"July",28
1978-08-01,1978,"August",4
1978-08-11,1978,"August",11
1978-08-18,1978,"August",18
1978-08-25,1978,"August",25
1978-09-01,1978,"September",1
1978-09-08,1978,"September",8
1978-09-15,1978,"September",15
1978-09-22,1978,"September",22
1978-09-29,1978,"September",29
1978-10-01,1978,"October",6
1978-10-13,1978,"October",13
1978-10-20,1978,"October",20
1978-10-27,1978,"October",27
1978-11-01,1978,"November",3
1978-11-10,1978,"November",10
1978-11-17,1978,"November",17
1978-11-24,1978,"November",24
1978-12-01,1978,"December",1
1978-12-08,1978,"December",8
1978-12-15,1978,"December",15
1978-12-22,1978,"December",22
1978-12-29,1978,"December",29
1979-01-01,1979,"January",5
1979-01-12,1979,"January",12
1979-01-19,1979,"January",19
1979-01-26,1979,"January",26
1979-02-01,1979,"February",2
1979-02-09,1979,"February",9
1979-02-16,1979,"February",16
1979-02-23,1979,"February",23
1979-03-01,1979,"March",2
1979-03-09,1979,"March",9
1979-03-16,1979,"March",16
1979-03-23,1979,"March",23
1979-03-30,1979,"March",30
1979-04-01,1979,"April",6
1979-04-13,1979,"April",13
1979-04-20,1979,"April",20
1979-04-27,1979,"April",27
1979-05-01,1979,"May",4
1979-05-11,1979,"May",11
1979-05-18,1979,"May",18
1979-05-25,1979,"May",25
1979-06-01,1979,"June",1
1979-06-08,1979,"June",8
1979-06-15,1979,"June",15
1979-06-22,1979,"June",22
1979-06-29,1979,"June",29
1979-07-01,1979,"July",6
1979-07-13,1979,"July",13
1979-07-20,1979,"July",20
1979-07-27,1979,"July",27
1979-08-01,1979,"August",3
1979-08-10,1979,"August",10
1979-08-17,1979,"August",17
1979-08-24,1979,"August",24
1979-08-31,1979,"August",31
1979-09-01,1979,"September",7
1979-09-14,1979,"September",14
1979-09-21,1979,"September",21
1979-09-28,1979,"September",28
1979-10-01,1979,"October",5
1979-10-12,1979,"October",12
1979-10-19,1979,"October",19
1979-10-26,1979,"October",26
1979-11-01,1979,"November",2
1979-11-09,1979,"November",9
1979-11-16,1979,"November",16
1979-11-23,1979,"November",23
1979-11-30,1979,"November",30
1979-12-01,1979,"December",7
1979-12-14,1979,"December",14
1979-12-21,1979,"December",21
1979-12-28,1979,"December",28
1980-01-01,1980,"January",4
1980-01-11,1980,"January",11
1980-01-18,1980,"January",18
1980-01-25,1980,"January",25
1980-02-01,1980,"February",1
1980-02-08,1980,"February",8
1980-02-15,1980,"February",15
1980-02-22,1980,"February",22
1980-02-29,1980,"February",29
1980-03-01,1980,"March",7
1980-03-14,1980,"March",14
1980-03-21,1980,"March",21
1980-03-28,1980,"March",28
1980-04-01,1980,"April",4
1980-04-11,1980,"April",11
1980-04-18,1980,"April",18
1980-04-25,1980,"April",25
1980-05-01,1980,"May",2
1980-05-09,1980,"May",9
1980-05-16,1980,"May",16
1980-05-23,1980,"May",23
1980-05-30,1980,"May",30
1980-06-01,1980,"June",6
1980-06-13,1980,"June",13
1980-06-20,1980,"June",20
1980-06-27,1980,"June",27
1980-07-01,1980,"July",4
1980-07-11,1980,"July",11
1980-07-18,1980,"July",18
1980-07-25,1980,"July",25
1980-08-01,1980,"August",1
1980-08-08,1980,"August",8
1980-08-15,1980,"August",15
1980-08-22,1980,"August",22
1980-08-29,1980,"August",29
1980-09-01,1980,"September",5
1980-09-12,1980,"September",12
1980-09-19,1980,"September",19
1980-09-26,1980,"September",26
1980-10-01,1980,"October",3
1980-10-10,1980,"October",10
1980-10-17,1980,"October",17
1980-10-24,1980,"October",24
1980-10-31,1980,"October",31
1980-11-01,1980,"November",7
1980-11-14,1980,"November",14
1980-11-21,1980,"November",21
1980-11-28,1980,"November",28
1980-12-01,1980,"December",5
1980-12-12,1980,"December",12
1980-12-19,1980,"December",19
1980-12-26,1980,"December",26
1981-01-01,1981,"January",2
1981-01-09,1981,"January",9
1981-01-16,1981,"January",16
1981-01-23,1981,"January",23
1981-01-30,1981,"January",30
1981-02-01,1981,"February",6
1981-02-13,1981,"February",13
1981-02-20,1981,"February",20
1981-02-27,1981,"February",27
1981-03-01,1981,"March",6
1981-03-13,1981,"March",13
1981-03-20,1981,"March",20
1981-03-27,1981,"March",27
1981-04-01,1981,"April",3
1981-04-10,1981,"April",10
1981-04-17,1981,"April",17
1981-04-24,1981,"April",24
1981-05-01,1981,"May",1
1981-05-08,1981,"May",8
1981-05-15,1981,"May",15
1981-05-22,1981,"May",22
1981-05-29,1981,"May",29
1981-06-01,1981,"June",5
1981-06-12,1981,"June",12
1981-06-19,1981,"June",19
1981-06-26,1981,"June",26
1981-07-01,1981,"July",3
1981-07-10,1981,"July",10
1981-07-17,1981,"July",17
1981-07-24,1981,"July",24
1981-07-31,1981,"July",31
1981-08-01,1981,"August",7
1981-08-14,1981,"August",14
1981-08-21,1981,"August",21
1981-08-28,1981,"August",28
1981-09-01,1981,"September",4
1981-09-11,1981,"September",11
1981-09-18,1981,"September",18
1981-09-25,1981,"September",25
1981-10-01,1981,"October",2
1981-10-09,1981,"October",9
1981-10-16,1981,"October",16
1981-10-23,1981,"October",23
1981-10-30,1981,"October",30
1981-11-01,1981,"November",6
1981-11-13,1981,"November",13
1981-11-20,1981,"November",20
1981-11-27,1981,"November",27
1981-12-01,1981,"December",4
1981-12-11,1981,"December",11
1981-12-18,1981,"December",18
1981-12-25,1981,"December",25
1982-01-01,1982,"January",1
1982-01-08,1982,"January",8
1982-01-15,1982,"January",15
1982-01-22,1982,"January",22
1982-01-29,1982,"January",29
1982-02-01,1982,"February",5
1982-02-12,1982,"February",12
1982-02-19,1982,"February",19
1982-02-26,1982,"February",26
1982-03-01,1982,"March",5
1982-03-12,1982,"March",12
1982-03-19,1982,"March",19
1982-03-26,1982,"March",26
1982-04-01,1982,"April",2
1982-04-09,1982,"April",9
1982-04-16,1982,"April",16
1982-04-23,1982,"April",23
1982-04-30,1982,"April",30
1982-05-01,1982,"May",7
1982-05-14,1982,"May",14
1982-05-21,1982,"May",21
1982-05-28,1982,"May",28
1982-06-01,1982,"June",4
1982-06-11,1982,"June",11
1982-06-18,1982,"June",18
1982-06-25,1982,"June",25
1982-07-01,1982,"July",2
1982-07-09,1982,"July",9
1982-07-16,1982,"July",16
1982-07-23,1982,"July",23
1982-07-30,1982,"July",30
1982-08-01,1982,"August",6
1982-08-13,1982,"August",13
1982-08-20,1982,"August",20
1982-08-27,1982,"August",27
1982-09-01,1982,"September",3
1982-09-10,1982,"September",10
1982-09-17,1982,"September",17
1982-09-24,1982,"September",24
1982-10-01,1982,"October",1
1982-10-08,1982,"October",8
1982-10-15,1982,"October",15
1982-10-22,1982,"October",22
1982-10-29,1982,"October",29
1982-11-01,1982,"November",5
1982-11-12,1982,"November",12
1982-11-19,1982,"November",19
1982-11-26,1982,"November",26
1982-12-01,1982,"December",3
1982-12-10,1982,"December",10
1982-12-17,1982,"December",17
1982-12-24,1982,"December",24
1982-12-31,1982,"December",31
1983-01-01,1983,"January",7
1983-01-14,1983,"January",14
1983-01-21,1983,"January",21
1983-01-28,1983,"January",28
1983-02-01,1983,"February",4
1983-02-11,1983,"February",11
1983-02-18,1983,"February",18
1983-02-25,1983,"February",25
1983-03-01,1983,"March",4
1983-03-11,1983,"March",11
1983-03-18,1983,"March",18
1983-03-25,1983,"March",25
1983-04-01,1983,"April",1
1983-04-08,1983,"April",8
1983-04-15,1983,"April",15
1983-04-22,1983,"April",22
1983-04-29,1983,"April",29
1983-05-01,1983,"May",6
1983-05-13,1983,"May",13
1983-05-20,1983,"May",20
1983-05-27,1983,"May",27
1983-06-01,1983,"June",3
1983-06-10,1983,"June",10
1983-06-17,1983,"June",17
1983-06-24,1983,"June",24
1983-07-01,1983,"July",1
1983-07-08,1983,"July",8
1983-07-15,1983,"July",15
1983-07-22,1983,"July",22
1983-07-29,1983,"July",29
1983-08-01,1983,"August",5
1983-08-12,1983,"August",12
1983-08-19,1983,"August",19
1983-08-26,1983,"August",26
1983-09-01,1983,"September",2
1983-09-09,1983,"September",9
1983-09-16,1983,"September",16
1983-09-23,1983,"September",23
1983-09-30,1983,"September",30
1983-10-01,1983,"October",7
1983-10-14,1983,"October",14
1983-10-21,1983,"October",21
1983-10-28,1983,"October",28
1983-11-01,1983,"November",4
1983-11-11,1983,"November",11
1983-11-18,1983,"November",18
1983-11-25,1983,"November",25
1983-12-01,1983,"December",2
1983-12-09,1983,"December",9
1983-12-16,1983,"December",16
1983-12-23,1983,"December",23
1983-12-30,1983,"December",30
1984-01-01,1984,"January",6
1984-01-13,1984,"January",13
1984-01-20,1984,"January",20
1984-01-27,1984,"January",27
1984-02-01,1984,"February",3
1984-02-10,1984,"February",10
1984-02-17,1984,"February",17
1984-02-24,1984,"February",24
1984-03-01,1984,"March",2
1984-03-09,1984,"March",9
1984-03-16,1984,"March",16
1984-03-23,1984,"March",23
1984-03-30,1984,"March",30
1984-04-01,1984,"April",6
1984-04-13,1984,"April",13
1984-04-20,1984,"April",20
1984-04-27,1984,"April",27
1984-05-01,1984,"May",4
1984-05-11,1984,"May",11
1984-05-18,1984,"May",18
1984-05-25,1984,"May",25
1984-06-01,1984,"June",1
1984-06-08,1984,"June",8
1984-06-15,1984,"June",15
1984-06-22,1984,"June",22
1984-06-29,1984,"June",29
1984-07-01,1984,"July",6
1984-07-13,1984,"July",13
1984-07-20,1984,"July",20
1984-07-27,1984,"July",27
1984-08-01,1984,"August",3
1984-08-10,1984,"August",10
1984-08-17,1984,"August",17
1984-08-24,1984,"August",24
1984-08-31,1984,"August",31
1984-09-01,1984,"September",7
1984-09-14,1984,"September",14
1984-09-21,1984,"September",21
1984-09-28,1984,"September",28
1984-10-01,1984,"October",5
1984-10-12,1984,"October",12
1984-10-19,1984,"October",19
1984-10-26,1984,"October",26
1984-11-01,1984,"November",2
1984-11-09,1984,"November",9
1984-11-16,1984,"November",16
1984-11-23,1984,"November",23
1984-11-30,1984,"November",30
1984-12-01,1984,"December",7
1984-12-14,1984,"December",14
1984-12-21,1984,"December",21
1984-12-28,1984,"December",28
1985-01-01,1985,"January",4
1985-01-11,1985,"January",11
1985-01-18,1985,"January",18
1985-01-25,1985,"January",25
1985-02-01,1985,"February",1
1985-02-08,1985,"February",8
1985-02-15,1985,"February",15
1985-02-22,1985,"February",22
1985-03-01,1985,"March",1
1985-03-08,1985,"March",8
1985-03-15,1985,"March",15
1985-03-22,1985,"March",22
1985-03-29,1985,"March",29
1985-04-01,1985,"April",5
1985-04-12,1985,"April",12
1985-04-19,1985,"April",19
1985-04-26,1985,"April",26
1985-05-01,1985,"May",3
1985-05-10,1985,"May",10
1985-05-17,1985,"May",17
1985-05-24,1985,"May",24
1985-05-31,1985,"May",31
1985-06-01,1985,"June",7
1985-06-14,1985,"June",14
1985-06-21,1985,"June",21
1985-06-28,1985,"June",28
1985-07-01,1985,"July",5
1985-07-12,1985,"July",12
1985-07-19,1985,"July",19
1985-07-26,1985,"July",26
1985-08-01,1985,"August",2
1985-08-09,1985,"August",9
1985-08-16,1985,"August",16
1985-08-23,1985,"August",23
1985-08-30,1985,"August",30
1985-09-01,1985,"September",6
1985-09-13,1985,"September",13
1985-09-20,1985,"September",20
1985-09-27,1985,"September",27
1985-10-01,1985,"October",4
1985-10-11,1985,"October",11
1985-10-18,1985,"October",18
1985-10-25,1985,"October",25
1985-11-01,1985,"November",1
1985-11-08,1985,"November",8
1985-11-15,1985,"November",15
1985-11-22,1985,"November",22
1985-11-29,1985,"November",29
1985-12-01,1985,"December",6
1985-12-13,1985,"December",13
1985-12-20,1985,"December",20
1985-12-27,1985,"December",27
1986-01-01,1986,"January",3
1986-01-10,1986,"January",10
1986-01-17,1986,"January",17
1986-01-24,1986,"January",24
1986-01-31,1986,"January",31
1986-02-01,1986,"February",7
1986-02-14,1986,"February",14
1986-02-21,1986,"February",21
1986-02-28,1986,"February",28
1986-03-01,1986,"March",7
1986-03-14,1986,"March",14
1986-03-21,1986,"March",21
1986-03-28,1986,"March",28
1986-04-01,1986,"April",4
1986-04-11,1986,"April",11
1986-04-18,1986,"April",18
1986-04-25,1986,"April",25
1986-05-01,1986,"May",2
1986-05-09,1986,"May",9
1986-05-16,1986,"May",16
1986-05-23,1986,"May",23
1986-05-30,1986,"May",30
1986-06-01,1986,"June",6
1986-06-13,1986,"June",13
1986-06-20,1986,"June",20
1986-06-27,1986,"June",27
1986-07-01,1986,"July",4
1986-07-11,1986,"July",11
1986-07-18,1986,"July",18
1986-07-25,1986,"July",25
1986-08-01,1986,"August",1
1986-08-08,1986,"August",8
1986-08-15,1986,"August",15
1986-08-22,1986,"August",22
1986-08-29,1986,"August",29
1986-09-01,1986,"September",5
1986-09-12,1986,"September",12
1986-09-19,1986,"September",19
1986-09-26,1986,"September",26
1986-10-01,1986,"October",3
1986-10-10,1986,"October",10
1986-10-17,1986,"October",17
1986-10-24,1986,"October",24
1986-10-31,1986,"October",31
1986-11-01,1986,"November",7
1986-11-14,1986,"November",14
1986-11-21,1986,"November",21
1986-11-28,1986,"November",28
1986-12-01,1986,"December",5
1986-12-12,1986,"December",12
1986-12-19,1986,"December",19
1986-12-26,1986,"December",26
1987-01-01,1987,"January",2
1987-01-09,1987,"January",9
1987-01-16,1987,"January",16
1987-01-23,1987,"January",23
1987-01-30,1987,"January",30
1987-02-01,1987,"February",6
1987-02-13,1987,"February",13
1987-02-20,1987,"February",20
1987-02-27,1987,"February",27
1987-03-01,1987,"March",6
1987-03-13,1987,"March",13
1987-03-20,1987,"March",20
1987-03-27,1987,"March",27
1987-04-01,1987,"April",3
1987-04-10,1987,"April",10
1987-04-17,1987,"April",17
1987-04-24,1987,"April",24
1987-05-01,1987,"May",1
1987-05-08,1987,"May",8
1987-05-15,1987,"May",15
1987-05-22,1987,"May",22
1987-05-29,1987,"May",29
1987-06-01,1987,"June",5
1987-06-12,1987,"June",12
1987-06-19,1987,"June",19
1987-06-26,1987,"June",26
1987-07-01,1987,"July",3
1987-07-10,1987,"July",10
1987-07-17,1987,"July",17
1987-07-24,1987,"July",24
1987-07-31,1987,"July",31
1987-08-01,1987,"August",7
1987-08-14,1987,"August",14
1987-08-21,1987,"August",21
1987-08-28,1987,"August",28
1987-09-01,1987,"September",4
1987-09-11,1987,"September",11
1987-09-18,1987,"September",18
1987-09-25,1987,"September",25
1987-10-01,1987,"October",2
1987-10-09,1987,"October",9
1987-10-16,1987,"October",16
1987-10-23,1987,"October",23
1987-10-30,1987,"October",30
1987-11-01,1987,"November",6
1987-11-13,1987,"November",13
1987-11-20,1987,"November",20
1987-11-27,1987,"November",27
1987-12-01,1987,"December",4
1987-12-11,1987,"December",11
1987-12-18,1987,"December",18
1987-12-25,1987,"December",25
1988-01-01,1988,"January",1
1988-01-08,1988,"January",8
1988-01-15,1988,"January",15
1988-01-22,1988,"January",22
1988-01-29,1988,"January",29
1988-02-01,1988,"February",5
1988-02-12,1988,"February",12
1988-02-19,1988,"February",19
1988-02-26,1988,"February",26
1988-03-01,1988,"March",4
1988-03-11,1988,"March",11
1988-03-18,1988,"March",18
1988-03-25,1988,"March",25
1988-04-01,1988,"April",1
1988-04-08,1988,"April",8
1988-04-15,1988,"April",15
1988-04-22,1988,"April",22
1988-04-29,1988,"April",29
1988-05-01,1988,"May",6
1988-05-13,1988,"May",13
1988-05-20,1988,"May",20
1988-05-27,1988,"May",27
1988-06-01,1988,"June",3
1988-06-10,1988,"June",10
1988-06-17,1988,"June",17
1988-06-24,1988,"June",24
1988-07-01,1988,"July",1
1988-07-08,1988,"July",8
1988-07-15,1988,"July",15
1988-07-22,1988,"July",22
1988-07-29,1988,"July",29
1988-08-01,1988,"August",5
1988-08-12,1988,"August",12
1988-08-19,1988,"August",19
1988-08-26,1988,"August",26
1988-09-01,1988,"September",2
1988-09-09,1988,"September",9
1988-09-16,1988,"September",16
1988-09-23,1988,"September",23
1988-09-30,1988,"September",30
1988-10-01,1988,"October",7
1988-10-14,1988,"October",14
1988-10-21,1988,"October",21
1988-10-28,1988,"October",28
1988-11-01,1988,"November",4
1988-11-11,1988,"November",11
1988-11-18,1988,"November",18
1988-11-25,1988,"November",25
1988-12-01,1988,"December",2
1988-12-09,1988,"December",9
1988-12-16,1988,"December",16
1988-12-23,1988,"December",23
1988-12-30,1988,"December",30
1989-01-01,1989,"January",6
1989-01-13,1989,"January",13
1989-01-20,1989,"January",20
1989-01-27,1989,"January",27
1989-02-01,1989,"February",3
1989-02-10,1989,"February",10
1989-02-17,1989,"February",17
1989-02-24,1989,"February",24
1989-03-01,1989,"March",3
1989-03-10,1989,"March",10
1989-03-17,1989,"March",17
1989-03-24,1989,"March",24
1989-03-31,1989,"March",31
1989-04-01,1989,"April",7
1989-04-14,1989,"April",14
1989-04-21,1989,"April",21
1989-04-28,1989,"April",28
1989-05-01,1989,"May",5
1989-05-12,1989,"May",12
1989-05-19,1989,"May",19
1989-05-26,1989,"May",26
1989-06-01,1989,"June",2
1989-06-09,1989,"June",9
1989-06-16,1989,"June",16
1989-06-23,1989,"June",23
1989-06-30,1989,"June",30
1989-07-01,1989,"July",7
1989-07-14,1989,"July",14
1989-07-21,1989,"July",21
1989-07-28,1989,"July",28
1989-08-01,1989,"August",4
1989-08-11,1989,"August",11
1989-08-18,1989,"August",18
1989-08-25,1989,"August",25
1989-09-01,1989,"September",1
1989-09-08,1989,"September",8
1989-09-15,1989,"September",15
1989-09-22,1989,"September",22
1989-09-29,1989,"September",29
1989-10-01,1989,"October",6
1989-10-13,1989,"October",13
1989-10-20,1989,"October",20
1989-10-27,1989,"October",27
1989-11-01,1989,"November",3
1989-11-10,1989,"November",10
1989-11-17,1989,"November",17
1989-11-24,1989,"November",24
1989-12-01,1989,"December",1
1989-12-08,1989,"December",8
1989-12-15,1989,"December",15
1989-12-22,1989,"December",22
1989-12-29,1989,"December",29
1990-01-01,1990,"January",5
1990-01-12,1990,"January",12
1990-01-19,1990,"January",19
1990-01-26,1990,"January",26
1990-02-01,1990,"February",2
1990-02-09,1990,"February",9
1990-02-16,1990,"February",16
1990-02-23,1990,"February",23
1990-03-01,1990,"March",2
1990-03-09,1990,"March",9
1990-03-16,1990,"March",16
1990-03-23,1990,"March",23
1990-03-30,1990,"March",30
1990-04-01,1990,"April",6
1990-04-13,1990,"April",13
1990-04-20,1990,"April",20
1990-04-27,1990,"April",27
1990-05-01,1990,"May",4
1990-05-11,1990,"May",11
1990-05-18,1990,"May",18
1990-05-25,1990,"May",25
1990-06-01,1990,"June",1
1990-06-08,1990,"June",8
1990-06-15,1990,"June",15
1990-06-22,1990,"June",22
1990-06-29,1990,"June",29
1990-07-01,1990,"July",6
1990-07-13,1990,"July",13
1990-07-20,1990,"July",20
1990-07-27,1990,"July",27
1990-08-01,1990,"August",3
1990-08-10,1990,"August",10
1990-08-17,1990,"August",17
1990-08-24,1990,"August",24
1990-08-31,1990,"August",31
1990-09-01,1990,"September",7
1990-09-14,1990,"September",14
1990-09-21,1990,"September",21
1990-09-28,1990,"September",28
1990-10-01,1990,"October",5
1990-10-12,1990,"October",12
1990-10-19,1990,"October",19
1990-10-26,1990,"October",26
1990-11-01,1990,"November",2
1990-11-09,1990,"November",9
1990-11-16,1990,"November",16
1990-11-23,1990,"November",23
1990-11-30,1990,"November",30
1990-12-01,1990,"December",7
1990-12-14,1990,"December",14
1990-12-21,1990,"December",21
1990-12-28,1990,"December",28
1991-01-01,1991,"January",4
1991-01-11,1991,"January",11
1991-01-18,1991,"January",18
1991-01-25,1991,"January",25
1991-02-01,1991,"February",1
1991-02-08,1991,"February",8
1991-02-15,1991,"February",15
1991-02-22,1991,"February",22
1991-03-01,1991,"March",1
1991-03-08,1991,"March",8
1991-03-15,1991,"March",15
1991-03-22,1991,"March",22
1991-03-29,1991,"March",29
1991-04-01,1991,"April",5
1991-04-12,1991,"April",12
1991-04-19,1991,"April",19
1991-04-26,1991,"April",26
1991-05-01,1991,"May",3
1991-05-10,1991,"May",10
1991-05-17,1991,"May",17
1991-05-24,1991,"May",24
1991-05-31,1991,"May",31
1991-06-01,1991,"June",7
1991-06-14,1991,"June",14
1991-06-21,1991,"June",21
1991-06-28,1991,"June",28
1991-07-01,1991,"July",5
1991-07-12,1991,"July",12
1991-07-19,1991,"July",19
1991-07-26,1991,"July",26
1991-08-01,1991,"August",2
1991-08-09,1991,"August",9
1991-08-16,1991,"August",16
1991-08-23,1991,"August",23
1991-08-30,1991,"August",30
1991-09-01,1991,"September",6
1991-09-13,1991,"September",13
1991-09-20,1991,"September",20
1991-09-27,1991,"September",27
1991-10-01,1991,"October",4
1991-10-11,1991,"October",11
1991-10-18,1991,"October",18
1991-10-25,1991,"October",25
1991-11-01,1991,"November",1
1991-11-08,1991,"November",8
1991-11-15,1991,"November",15
1991-11-22,1991,"November",22
1991-11-29,1991,"November",29
1991-12-01,1991,"December",6
1991-12-13,1991,"December",13
1991-12-20,1991,"December",20
1991-12-27,1991,"December",27
1992-01-01,1992,"January",3
1992-01-10,1992,"January",10
1992-01-17,1992,"January",17
1992-01-24,1992,"January",24
1992-01-31,1992,"January",31
1992-02-01,1992,"February",7
1992-02-14,1992,"February",14
1992-02-21,1992,"February",21
1992-02-28,1992,"February",28
1992-03-01,1992,"March",6
1992-03-13,1992,"March",13
1992-03-20,1992,"March",20
1992-03-27,1992,"March",27
1992-04-01,1992,"April",3
1992-04-10,1992,"April",10
1992-04-17,1992,"April",17
1992-04-24,1992,"April",24
1992-05-01,1992,"May",1
1992-05-08,1992,"May",8
1992-05-15,1992,"May",15
1992-05-22,1992,"May",22
1992-05-29,1992,"May",29
1992-06-01,1992,"June",5
1992-06-12,1992,"June",12
1992-06-19,1992,"June",19
1992-06-26,1992,"June",26
1992-07-01,1992,"July",3
1992-07-10,1992,"July",10
1992-07-17,1992,"July",17
1992-07-24,1992,"July",24
1992-07-31,1992,"July",31
1992-08-01,1992,"August",7
1992-08-14,1992,"August",14
1992-08-21,1992,"August",21
1992-08-28,1992,"August",28
1992-09-01,1992,"September",4
1992-09-11,1992,"September",11
1992-09-18,1992,"September",18
1992-09-25,1992,"September",25
1992-10-01,1992,"October",2
1992-10-09,1992,"October",9
1992-10-16,1992,"October",16
1992-10-23,1992,"October",23
1992-10-30,1992,"October",30
1992-11-01,1992,"November",6
1992-11-13,1992,"November",13
1992-11-20,1992,"November",20
1992-11-27,1992,"November",27
1992-12-01,1992,"December",4
1992-12-11,1992,"December",11
1992-12-18,1992,"December",18
1992-12-25,1992,"December",25
1993-01-01,1993,"January",1
1993-01-08,1993,"January",8
1993-01-15,1993,"January",15
1993-01-22,1993,"January",22
1993-01-29,1993,"January",29
1993-02-01,1993,"February",5
1993-02-12,1993,"February",12
1993-02-19,1993,"February",19
1993-02-26,1993,"February",26
1993-03-01,1993,"March",5
1993-03-12,1993,"March",12
1993-03-19,1993,"March",19
1993-03-26,1993,"March",26
1993-04-01,1993,"April",2
1993-04-09,1993,"April",9
1993-04-16,1993,"April",16
1993-04-23,1993,"April",23
1993-04-30,1993,"April",30
1993-05-01,1993,"May",7
1993-05-14,1993,"May",14
1993-05-21,1993,"May",21
1993-05-28,1993,"May",28
1993-06-01,1993,"June",4
1993-06-11,1993,"June",11
1993-06-18,1993,"June",18
1993-06-25,1993,"June",25
1993-07-01,1993,"July",2
1993-07-09,1993,"July",9
1993-07-16,1993,"July",16
1993-07-23,1993,"July",23
1993-07-30,1993,"July",30
1993-08-01,1993,"August",6
1993-08-13,1993,"August",13
1993-08-20,1993,"August",20
1993-08-27,1993,"August",27
1993-09-01,1993,"September",3
1993-09-10,1993,"September",10
1993-09-17,1993,"September",17
1993-09-24,1993,"September",24
1993-10-01,1993,"October",1
1993-10-08,1993,"October",8
1993-10-15,1993,"October",15
1993-10-22,1993,"October",22
1993-10-29,1993,"October",29
1993-11-01,1993,"November",5
1993-11-12,1993,"November",12
1993-11-19,1993,"November",19
1993-11-26,1993,"November",26
1993-12-01,1993,"December",3
1993-12-10,1993,"December",10
1993-12-17,1993,"December",17
1993-12-24,1993,"December",24
1993-12-31,1993,"December",31
1994-01-01,1994,"January",7
1994-01-14,1994,"January",14
1994-01-21,1994,"January",21
1994-01-28,1994,"January",28
1994-02-01,1994,"February",4
1994-02-11,1994,"February",11
1994-02-18,1994,"February",18
1994-02-25,1994,"February",25
1994-03-01,1994,"March",4
1994-03-11,1994,"March",11
1994-03-18,1994,"March",18
1994-03-25,1994,"March",25
1994-04-01,1994,"April",1
1994-04-08,1994,"April",8
1994-04-15,1994,"April",15
1994-04-22,1994,"April",22
1994-04-29,1994,"April",29
1994-05-01,1994,"May",6
1994-05-13,1994,"May",13
1994-05-20,1994,"May",20
1994-05-27,1994,"May",27
1994-06-01,1994,"June",3
1994-06-10,1994,"June",10
1994-06-17,1994,"June",17
1994-06-24,1994,"June",24
1994-07-01,1994,"July",1
1994-07-08,1994,"July",8
1994-07-15,1994,"July",15
1994-07-22,1994,"July",22
1994-07-29,1994,"July",29
1994-08-01,1994,"August",5
1994-08-12,1994,"August",12
1994-08-19,1994,"August",19
1994-08-26,1994,"August",26
1994-09-01,1994,"September",2
1994-09-09,1994,"September",9
1994-09-16,1994,"September",16
1994-09-23,1994,"September",23
1994-09-30,1994,"September",30
1994-10-01,1994,"October",7
1994-10-14,1994,"October",14
1994-10-21,1994,"October",21
1994-10-28,1994,"October",28
1994-11-01,1994,"November",4
1994-11-11,1994,"November",11
1994-11-18,1994,"November",18
1994-11-25,1994,"November",25
1994-12-01,1994,"December",2
1994-12-09,1994,"December",9
1994-12-16,1994,"December",16
1994-12-23,1994,"December",23
1994-12-30,1994,"December",30
1995-01-01,1995,"January",6
1995-01-13,1995,"January",13
1995-01-20,1995,"January",20
1995-01-27,1995,"January",27
1995-02-01,1995,"February",3
1995-02-10,1995,"February",10
1995-02-17,1995,"February",17
1995-02-24,1995,"February",24
1995-03-01,1995,"March",3
1995-03-10,1995,"March",10
1995-03-17,1995,"March",17
1995-03-24,1995,"March",24
1995-03-31,1995,"March",31
1995-04-01,1995,"April",7
1995-04-14,1995,"April",14
1995-04-21,1995,"April",21
1995-04-28,1995,"April",28
1995-05-01,1995,"May",5
1995-05-12,1995,"May",12
1995-05-19,1995,"May",19
1995-05-26,1995,"May",26
1995-06-01,1995,"June",2
1995-06-09,1995,"June",9
1995-06-16,1995,"June",16
1995-06-23,1995,"June",23
1995-06-30,1995,"June",30
1995-07-01,1995,"July",7
1995-07-14,1995,"July",14
1995-07-21,1995,"July",21
1995-07-28,1995,"July",28
1995-08-01,1995,"August",4
1995-08-11,1995,"August",11
1995-08-18,1995,"August",18
1995-08-25,1995,"August",25
1995-09-01,1995,"September",1
1995-09-08,1995,"September",8
1995-09-15,1995,"September",15
1995-09-22,1995,"September",22
1995-09-29,1995,"September",29
1995-10-01,1995,"October",6
1995-10-13,1995,"October",13
1995-10-20,1995,"October",20
1995-10-27,1995,"October",27
1995-11-01,1995,"November",3
1995-11-10,1995,"November",10
1995-11-17,1995,"November",17
1995-11-24,1995,"November",24
1995-12-01,1995,"December",1
1995-12-08,1995,"December",8
1995-12-15,1995,"December",15
1995-12-22,1995,"December",22
1995-12-29,1995,"December",29
1996-01-01,1996,"January",5
1996-01-12,1996,"January",12
1996-01-19,1996,"January",19
1996-01-26,1996,"January",26
1996-02-01,1996,"February",2
1996-02-09,1996,"February",9
1996-02-16,1996,"February",16
1996-02-23,1996,"February",23
1996-03-01,1996,"March",1
1996-03-08,1996,"March",8
1996-03-15,1996,"March",15
1996-03-22,1996,"March",22
1996-03-29,1996,"March",29
1996-04-01,1996,"April",5
1996-04-12,1996,"April",12
1996-04-19,1996,"April",19
1996-04-26,1996,"April",26
1996-05-01,1996,"May",3
1996-05-10,1996,"May",10
1996-05-17,1996,"May",17
1996-05-24,1996,"May",24
1996-05-31,1996,"May",31
1996-06-01,1996,"June",7
1996-06-14,1996,"June",14
1996-06-21,1996,"June",21
1996-06-28,1996,"June",28
1996-07-01,1996,"July",5
1996-07-12,1996,"July",12
1996-07-19,1996,"July",19
1996-07-26,1996,"July",26
1996-08-01,1996,"August",2
1996-08-09,1996,"August",9
1996-08-16,1996,"August",16
1996-08-23,1996,"August",23
1996-08-30,1996,"August",30
1996-09-01,1996,"September",6
1996-09-13,1996,"September",13
1996-09-20,1996,"September",20
1996-09-27,1996,"September",27
1996-10-01,1996,"October",4
1996-10-11,1996,"October",11
1996-10-18,1996,"October",18
1996-10-25,1996,"October",25
1996-11-01,1996,"November",1
1996-11-08,1996,"November",8
1996-11-15,1996,"November",15
1996-11-22,1996,"November",22
1996-11-29,1996,"November",29
1996-12-01,1996,"December",6
1996-12-13,1996,"December",13
1996-12-20,1996,"December",20
1996-12-27,1996,"December",27
1997-01-01,1997,"January",3
1997-01-10,1997,"January",10
1997-01-17,1997,"January",17
1997-01-24,1997,"January",24
1997-01-31,1997,"January",31
1997-02-01,1997,"February",7
1997-02-14,1997,"February",14
1997-02-21,1997,"February",21
1997-02-28,1997,"February",28
1997-03-01,1997,"March",7
1997-03-14,1997,"March",14
1997-03-21,1997,"March",21
1997-03-28,1997,"March",28
1997-04-01,1997,"April",4
1997-04-11,1997,"April",11
1997-04-18,1997,"April",18
1997-04-25,1997,"April",25
1997-05-01,1997,"May",2
1997-05-09,1997,"May",9
1997-05-16,1997,"May",16
1997-05-23,1997,"May",23
1997-05-30,1997,"May",30
1997-06-01,1997,"June",6
1997-06-13,1997,"June",13
1997-06-20,1997,"June",20
1997-06-27,1997,"June",27
1997-07-01,1997,"July",4
1997-07-11,1997,"July",11
1997-07-18,1997,"July",18
1997-07-25,1997,"July",25
1997-08-01,1997,"August",1
1997-08-08,1997,"August",8
1997-08-15,1997,"August",15
1997-08-22,1997,"August",22
1997-08-29,1997,"August",29
1997-09-01,1997,"September",5
1997-09-12,1997,"September",12
1997-09-19,1997,"September",19
1997-09-26,1997,"September",26
1997-10-01,1997,"October",3
1997-10-10,1997,"October",10
1997-10-17,1997,"October",17
1997-10-24,1997,"October",24
1997-10-31,1997,"October",31
1997-11-01,1997,"November",7
1997-11-14,1997,"November",14
1997-11-21,1997,"November",21
1997-11-28,1997,"November",28
1997-12-01,1997,"December",5
1997-12-12,1997,"December",12
1997-12-19,1997,"December",19
1997-12-26,1997,"December",26
1998-01-01,1998,"January",2
1998-01-09,1998,"January",9
1998-01-16,1998,"January",16
1998-01-23,1998,"January",23
1998-01-30,1998,"January",30
1998-02-01,1998,"February",6
1998-02-13,1998,"February",13
1998-02-20,1998,"February",20
1998-02-27,1998,"February",27
1998-03-01,1998,"March",6
1998-03-13,1998,"March",13
1998-03-20,1998,"March",20
1998-03-27,1998,"March",27
1998-04-01,1998,"April",3
1998-04-10,1998,"April",10
1998-04-17,1998,"April",17
1998-04-24,1998,"April",24
1998-05-01,1998,"May",1
1998-05-08,1998,"May",8
1998-05-15,1998,"May",15
1998-05-22,1998,"May",22
1998-05-29,1998,"May",29
1998-06-01,1998,"June",5
1998-06-12,1998,"June",12
1998-06-19,1998,"June",19
1998-06-26,1998,"June",26
1998-07-01,1998,"July",3
1998-07-10,1998,"July",10
1998-07-17,1998,"July",17
1998-07-24,1998,"July",24
1998-07-31,1998,"July",31
1998-08-01,1998,"August",7
1998-08-14,1998,"August",14
1998-08-21,1998,"August",21
1998-08-28,1998,"August",28
1998-09-01,1998,"September",4
1998-09-11,1998,"September",11
1998-09-18,1998,"September",18
1998-09-25,1998,"September",25
1998-10-01,1998,"October",2
1998-10-09,1998,"October",9
1998-10-16,1998,"October",16
1998-10-23,1998,"October",23
1998-10-30,1998,"October",30
1998-11-01,1998,"November",6
1998-11-13,1998,"November",13
1998-11-20,1998,"November",20
1998-11-27,1998,"November",27
1998-12-01,1998,"December",4
1998-12-11,1998,"December",11
1998-12-18,1998,"December",18
1998-12-25,1998,"December",25
1999-01-01,1999,"January",1
1999-01-08,1999,"January",8
1999-01-15,1999,"January",15
1999-01-22,1999,"January",22
1999-01-29,1999,"January",29
1999-02-01,1999,"February",5
1999-02-12,1999,"February",12
1999-02-19,1999,"February",19
1999-02-26,1999,"February",26
1999-03-01,1999,"March",5
1999-03-12,1999,"March",12
1999-03-19,1999,"March",19
1999-03-26,1999,"March",26
1999-04-01,1999,"April",2
1999-04-09,1999,"April",9
1999-04-16,1999,"April",16
1999-04-23,1999,"April",23
1999-04-30,1999,"April",30
1999-05-01,1999,"May",7
1999-05-14,1999,"May",14
1999-05-21,1999,"May",21
1999-05-28,1999,"May",28
1999-06-01,1999,"June",4
1999-06-11,1999,"June",11
1999-06-18,1999,"June",18
1999-06-25,1999,"June",25
1999-07-01,1999,"July",2
1999-07-09,1999,"July",9
1999-07-16,1999,"July",16
1999-07-23,1999,"July",23
1999-07-30,1999,"July",30
1999-08-01,1999,"August",6
1999-08-13,1999,"August",13
1999-08-20,1999,"August",20
1999-08-27,1999,"August",27
1999-09-01,1999,"September",3
1999-09-10,1999,"September",10
1999-09-17,1999,"September",17
1999-09-24,1999,"September",24
1999-10-01,1999,"October",1
1999-10-08,1999,"October",8
1999-10-15,1999,"October",15
1999-10-22,1999,"October",22
1999-10-29,1999,"October",29
1999-11-01,1999,"November",5
1999-11-12,1999,"November",12
1999-11-19,1999,"November",19
1999-11-26,1999,"November",26
1999-12-01,1999,"December",3
1999-12-10,1999,"December",10
1999-12-17,1999,"December",17
1999-12-24,1999,"December",24
1999-12-31,1999,"December",31
2000-01-01,2000,"January",7
2000-01-14,2000,"January",14
2000-01-21,2000,"January",21
2000-01-28,2000,"January",28
2000-02-01,2000,"February",4
2000-02-11,2000,"February",11
2000-02-18,2000,"February",18
2000-02-25,2000,"February",25
2000-03-01,2000,"March",3
2000-03-10,2000,"March",10
2000-03-17,2000,"March",17
2000-03-24,2000,"March",24
2000-03-31,2000,"March",31
2000-04-01,2000,"April",7
2000-04-14,2000,"April",14
2000-04-21,2000,"April",21
2000-04-28,2000,"April",28
2000-05-01,2000,"May",5
2000-05-12,2000,"May",12
2000-05-19,2000,"May",19
2000-05-26,2000,"May",26
2000-06-01,2000,"June",2
2000-06-09,2000,"June",9
2000-06-16,2000,"June",16
2000-06-23,2000,"June",23
2000-06-30,2000,"June",30
2000-07-01,2000,"July",7
2000-07-14,2000,"July",14
2000-07-21,2000,"July",21
2000-07-28,2000,"July",28
2000-08-01,2000,"August",4
2000-08-11,2000,"August",11
2000-08-18,2000,"August",18
2000-08-25,2000,"August",25
2000-09-01,2000,"September",1
2000-09-08,2000,"September",8
2000-09-15,2000,"September",15
2000-09-22,2000,"September",22
2000-09-29,2000,"September",29
2000-10-01,2000,"October",6
2000-10-13,2000,"October",13
2000-10-20,2000,"October",20
2000-10-27,2000,"October",27
2000-11-01,2000,"November",3
2000-11-10,2000,"November",10
2000-11-17,2000,"November",17
2000-11-24,2000,"November",24
2000-12-01,2000,"December",1
2000-12-08,2000,"December",8
2000-12-15,2000,"December",15
2000-12-22,2000,"December",22
2000-12-29,2000,"December",29
2001-01-01,2001,"January",5
2001-01-12,2001,"January",12
2001-01-19,2001,"January",19
2001-01-26,2001,"January",26
2001-02-01,2001,"February",2
2001-02-09,2001,"February",9
2001-02-16,2001,"February",16
2001-02-23,2001,"February",23
2001-03-01,2001,"March",2
2001-03-09,2001,"March",9
2001-03-16,2001,"March",16
2001-03-23,2001,"March",23
2001-03-30,2001,"March",30
2001-04-01,2001,"April",6
2001-04-13,2001,"April",13
2001-04-20,2001,"April",20
2001-04-27,2001,"April",27
2001-05-01,2001,"May",4
2001-05-11,2001,"May",11
2001-05-18,2001,"May",18
2001-05-25,2001,"May",25
2001-06-01,2001,"June",1
2001-06-08,2001,"June",8
2001-06-15,2001,"June",15
2001-06-22,2001,"June",22
2001-06-29,2001,"June",29
2001-07-01,2001,"July",6
2001-07-13,2001,"July",13
2001-07-20,2001,"July",20
2001-07-27,2001,"July",27
2001-08-01,2001,"August",3
2001-08-10,2001,"August",10
2001-08-17,2001,"August",17
2001-08-24,2001,"August",24
2001-08-31,2001,"August",31
2001-09-01,2001,"September",7
2001-09-14,2001,"September",14
2001-09-21,2001,"September",21
2001-09-28,2001,"September",28
2001-10-01,2001,"October",5
2001-10-12,2001,"October",12
2001-10-19,2001,"October",19
2001-10-26,2001,"October",26
2001-11-01,2001,"November",2
2001-11-09,2001,"November",9
2001-11-16,2001,"November",16
2001-11-23,2001,"November",23
2001-11-30,2001,"November",30
2001-12-01,2001,"December",7
2001-12-14,2001,"December",14
2001-12-21,2001,"December",21
2001-12-28,2001,"December",28
2002-01-01,2002,"January",4
2002-01-11,2002,"January",11
2002-01-18,2002,"January",18
2002-01-25,2002,"January",25
2002-02-01,2002,"February",1
2002-02-08,2002,"February",8
2002-02-15,2002,"February",15
2002-02-22,2002,"February",22
2002-03-01,2002,"March",1
2002-03-08,2002,"March",8
2002-03-15,2002,"March",15
2002-03-22,2002,"March",22
2002-03-29,2002,"March",29
2002-04-01,2002,"April",5
2002-04-12,2002,"April",12
2002-04-19,2002,"April",19
2002-04-26,2002,"April",26
2002-05-01,2002,"May",3
2002-05-10,2002,"May",10
2002-05-17,2002,"May",17
2002-05-24,2002,"May",24
2002-05-31,2002,"May",31
2002-06-01,2002,"June",7
2002-06-14,2002,"June",14
2002-06-21,2002,"June",21
2002-06-28,2002,"June",28
2002-07-01,2002,"July",5
2002-07-12,2002,"July",12
2002-07-19,2002,"July",19
2002-07-26,2002,"July",26
2002-08-01,2002,"August",2
2002-08-09,2002,"August",9
2002-08-16,2002,"August",16
2002-08-23,2002,"August",23
2002-08-30,2002,"August",30
2002-09-01,2002,"September",6
2002-09-13,2002,"September",13
2002-09-20,2002,"September",20
2002-09-27,2002,"September",27
2002-10-01,2002,"October",4
2002-10-11,2002,"October",11
2002-10-18,2002,"October",18
2002-10-25,2002,"October",25
2002-11-01,2002,"November",1
2002-11-08,2002,"November",8
2002-11-15,2002,"November",15
2002-11-22,2002,"November",22
2002-11-29,2002,"November",29
2002-12-01,2002,"December",6
2002-12-13,2002,"December",13
2002-12-20,2002,"December",20
2002-12-27,2002,"December",27
2003-01-01,2003,"January",3
2003-01-10,2003,"January",10
2003-01-17,2003,"January",17
2003-01-24,2003,"January",24
2003-01-31,2003,"January",31
2003-02-01,2003,"February",7
2003-02-14,2003,"February",14
2003-02-21,2003,"February",21
2003-02-28,2003,"February",28
2003-03-01,2003,"March",7
2003-03-14,2003,"March",14
2003-03-21,2003,"March",21
2003-03-28,2003,"March",28
2003-04-01,2003,"April",4
2003-04-11,2003,"April",11
2003-04-18,2003,"April",18
2003-04-25,2003,"April",25
2003-05-01,2003,"May",2
2003-05-09,2003,"May",9
2003-05-16,2003,"May",16
2003-05-23,2003,"May",23
2003-05-30,2003,"May",30
2003-06-01,2003,"June",6
2003-06-13,2003,"June",13
2003-06-20,2003,"June",20
2003-06-27,2003,"June",27
2003-07-01,2003,"July",4
2003-07-11,2003,"July",11
2003-07-18,2003,"July",18
2003-07-25,2003,"July",25
2003-08-01,2003,"August",1
2003-08-08,2003,"August",8
2003-08-15,2003,"August",15
2003-08-22,2003,"August",22
2003-08-29,2003,"August",29
2003-09-01,2003,"September",5
2003-09-12,2003,"September",12
2003-09-19,2003,"September",19
2003-09-26,2003,"September",26
2003-10-01,2003,"October",3
2003-10-10,2003,"October",10
2003-10-17,2003,"October",17
2003-10-24,2003,"October",24
2003-10-31,2003,"October",31
2003-11-01,2003,"November",7
2003-11-14,2003,"November",14
2003-11-21,2003,"November",21
2003-11-28,2003,"November",28
2003-12-01,2003,"December",5
2003-12-12,2003,"December",12
2003-12-19,2003,"December",19
2003-12-26,2003,"December",26
2004-01-01,2004,"January",2
2004-01-09,2004,"January",9
2004-01-16,2004,"January",16
2004-01-23,2004,"January",23
2004-01-30,2004,"January",30
2004-02-01,2004,"February",6
2004-02-13,2004,"February",13
2004-02-20,2004,"February",20
2004-02-27,2004,"February",27
2004-03-01,2004,"March",5
2004-03-12,2004,"March",12
2004-03-19,2004,"March",19
2004-03-26,2004,"March",26
2004-04-01,2004,"April",2
2004-04-09,2004,"April",9
2004-04-16,2004,"April",16
2004-04-23,2004,"April",23
2004-04-30,2004,"April",30
2004-05-01,2004,"May",7
2004-05-14,2004,"May",14
2004-05-21,2004,"May",21
2004-05-28,2004,"May",28
2004-06-01,2004,"June",4
2004-06-11,2004,"June",11
2004-06-18,2004,"June",18
2004-06-25,2004,"June",25
2004-07-01,2004,"July",2
2004-07-09,2004,"July",9
2004-07-16,2004,"July",16
2004-07-23,2004,"July",23
2004-07-30,2004,"July",30
2004-08-01,2004,"August",6
2004-08-13,2004,"August",13
2004-08-20,2004,"August",20
2004-08-27,2004,"August",27
2004-09-01,2004,"September",3
2004-09-10,2004,"September",10
2004-09-17,2004,"September",17
2004-09-24,2004,"September",24
2004-10-01,2004,"October",1
2004-10-08,2004,"October",8
2004-10-15,2004,"October",15
2004-10-22,2004,"October",22
2004-10-29,2004,"October",29
2004-11-01,2004,"November",5
2004-11-12,2004,"November",12
2004-11-19,2004,"November",19
2004-11-26,2004,"November",26
2004-12-01,2004,"December",3
2004-12-10,2004,"December",10
2004-12-17,2004,"December",17
2004-12-24,2004,"December",24
2004-12-31,2004,"December",31
2005-01-01,2005,"January",7
2005-01-14,2005,"January",14
2005-01-21,2005,"January",21
2005-01-28,2005,"January",28
2005-02-01,2005,"February",4
2005-02-11,2005,"February",11
2005-02-18,2005,"February",18
2005-02-25,2005,"February",25
2005-03-01,2005,"March",4
2005-03-11,2005,"March",11
2005-03-18,2005,"March",18
2005-03-25,2005,"March",25
2005-04-01,2005,"April",1
2005-04-08,2005,"April",8
2005-04-15,2005,"April",15
2005-04-22,2005,"April",22
2005-04-29,2005,"April",29
2005-05-01,2005,"May",6
2005-05-13,2005,"May",13
2005-05-20,2005,"May",20
2005-05-27,2005,"May",27
2005-06-01,2005,"June",3
2005-06-10,2005,"June",10
2005-06-17,2005,"June",17
2005-06-24,2005,"June",24
2005-07-01,2005,"July",1
2005-07-08,2005,"July",8
2005-07-15,2005,"July",15
2005-07-22,2005,"July",22
2005-07-29,2005,"July",29
2005-08-01,2005,"August",5
2005-08-12,2005,"August",12
2005-08-19,2005,"August",19
2005-08-26,2005,"August",26
2005-09-01,2005,"September",2
2005-09-09,2005,"September",9
2005-09-16,2005,"September",16
2005-09-23,2005,"September",23
2005-09-30,2005,"September",30
2005-10-01,2005,"October",7
2005-10-14,2005,"October",14
2005-10-21,2005,"October",21
2005-10-28,2005,"October",28
2005-11-01,2005,"November",4
2005-11-11,2005,"November",11
2005-11-18,2005,"November",18
2005-11-25,2005,"November",25
2005-12-01,2005,"December",2
2005-12-09,2005,"December",9
2005-12-16,2005,"December",16
2005-12-23,2005,"December",23
2005-12-30,2005,"December",30
2006-01-01,2006,"January",6
2006-01-13,2006,"January",13
2006-01-20,2006,"January",20
2006-01-27,2006,"January",27
2006-02-01,2006,"February",3
2006-02-10,2006,"February",10
2006-02-17,2006,"February",17
2006-02-24,2006,"February",24
2006-03-01,2006,"March",3
2006-03-10,2006,"March",10
2006-03-17,2006,"March",17
2006-03-24,2006,"March",24
2006-03-31,2006,"March",31
2006-04-01,2006,"April",7
2006-04-14,2006,"April",14
2006-04-21,2006,"April",21
2006-04-28,2006,"April",28
2006-05-01,2006,"May",5
2006-05-12,2006,"May",12
2006-05-19,2006,"May",19
2006-05-26,2006,"May",26
2006-06-01,2006,"June",2
2006-06-09,2006,"June",9
2006-06-16,2006,"June",16
2006-06-23,2006,"June",23
2006-06-30,2006,"June",30
2006-07-01,2006,"July",7
2006-07-14,2006,"July",14
2006-07-21,2006,"July",21
2006-07-28,2006,"July",28
2006-08-01,2006,"August",4
2006-08-11,2006,"August",11
2006-08-18,2006,"August",18
2006-08-25,2006,"August",25
2006-09-01,2006,"September",1
2006-09-08,2006,"September",8
2006-09-15,2006,"September",15
2006-09-22,2006,"September",22
2006-09-29,2006,"September",29
2006-10-01,2006,"October",6
2006-10-13,2006,"October",13
2006-10-20,2006,"October",20
2006-10-27,2006,"October",27
2006-11-01,2006,"November",3
2006-11-10,2006,"November",10
2006-11-17,2006,"November",17
2006-11-24,2006,"November",24
2006-12-01,2006,"December",1
2006-12-08,2006,"December",8
2006-12-15,2006,"December",15
2006-12-22,2006,"December",22
2006-12-29,2006,"December",29
2007-01-01,2007,"January",5
2007-01-12,2007,"January",12
2007-01-19,2007,"January",19
2007-01-26,2007,"January",26
2007-02-01,2007,"February",2
2007-02-09,2007,"February",9
2007-02-16,2007,"February",16
2007-02-23,2007,"February",23
2007-03-01,2007,"March",2
2007-03-09,2007,"March",9
2007-03-16,2007,"March",16
2007-03-23,2007,"March",23
2007-03-30,2007,"March",30
2007-04-01,2007,"April",6
2007-04-13,2007,"April",13
2007-04-20,2007,"April",20
2007-04-27,2007,"April",27
2007-05-01,2007,"May",4
2007-05-11,2007,"May",11
2007-05-18,2007,"May",18
2007-05-25,2007,"May",25
2007-06-01,2007,"June",1
2007-06-08,2007,"June",8
2007-06-15,2007,"June",15
2007-06-22,2007,"June",22
2007-06-29,2007,"June",29
2007-07-01,2007,"July",6
2007-07-13,2007,"July",13
2007-07-20,2007,"July",20
2007-07-27,2007,"July",27
2007-08-01,2007,"August",3
2007-08-10,2007,"August",10
2007-08-17,2007,"August",17
2007-08-24,2007,"August",24
2007-08-31,2007,"August",31
2007-09-01,2007,"September",7
2007-09-14,2007,"September",14
2007-09-21,2007,"September",21
2007-09-28,2007,"September",28
2007-10-01,2007,"October",5
2007-10-12,2007,"October",12
2007-10-19,2007,"October",19
2007-10-26,2007,"October",26
2007-11-01,2007,"November",2
2007-11-09,2007,"November",9
2007-11-16,2007,"November",16
2007-11-23,2007,"November",23
2007-11-30,2007,"November",30
2007-12-01,2007,"December",7
2007-12-14,2007,"December",14
2007-12-21,2007,"December",21
2007-12-28,2007,"December",28
2008-01-01,2008,"January",4
2008-01-11,2008,"January",11
2008-01-18,2008,"January",18
2008-01-25,2008,"January",25
2008-02-01,2008,"February",1
2008-02-08,2008,"February",8
2008-02-15,2008,"February",15
2008-02-22,2008,"February",22
2008-02-29,2008,"February",29
2008-03-01,2008,"March",7
2008-03-14,2008,"March",14
2008-03-21,2008,"March",21
2008-03-28,2008,"March",28
2008-04-01,2008,"April",4
2008-04-11,2008,"April",11
2008-04-18,2008,"April",18
2008-04-25,2008,"April",25
2008-05-01,2008,"May",2
2008-05-09,2008,"May",9
2008-05-16,2008,"May",16
2008-05-23,2008,"May",23
2008-05-30,2008,"May",30
2008-06-01,2008,"June",6
2008-06-13,2008,"June",13
2008-06-20,2008,"June",20
2008-06-27,2008,"June",27
2008-07-01,2008,"July",4
2008-07-11,2008,"July",11
2008-07-18,2008,"July",18
2008-07-25,2008,"July",25
2008-08-01,2008,"August",1
2008-08-08,2008,"August",8
2008-08-15,2008,"August",15
2008-08-22,2008,"August",22
2008-08-29,2008,"August",29
2008-09-01,2008,"September",5
2008-09-12,2008,"September",12
2008-09-19,2008,"September",19
2008-09-26,2008,"September",26
2008-10-01,2008,"October",3
2008-10-10,2008,"October",10
2008-10-17,2008,"October",17
2008-10-24,2008,"October",24
2008-10-31,2008,"October",31
2008-11-01,2008,"November",7
2008-11-14,2008,"November",14
2008-11-21,2008,"November",21
2008-11-28,2008,"November",28
2008-12-01,2008,"December",5
2008-12-12,2008,"December",12
2008-12-19,2008,"December",19
2008-12-26,2008,"December",26
2009-01-01,2009,"January",2
2009-01-09,2009,"January",9
2009-01-16,2009,"January",16
2009-01-23,2009,"January",23
2009-01-30,2009,"January",30
2009-02-01,2009,"February",6
2009-02-13,2009,"February",13
2009-02-20,2009,"February",20
2009-02-27,2009,"February",27
2009-03-01,2009,"March",6
2009-03-13,2009,"March",13
2009-03-20,2009,"March",20
2009-03-27,2009,"March",27
2009-04-01,2009,"April",3
2009-04-10,2009,"April",10
2009-04-17,2009,"April",17
2009-04-24,2009,"April",24
2009-05-01,2009,"May",1
2009-05-08,2009,"May",8
2009-05-15,2009,"May",15
2009-05-22,2009,"May",22
2009-05-29,2009,"May",29
2009-06-01,2009,"June",5
2009-06-12,2009,"June",12
2009-06-19,2009,"June",19
2009-06-26,2009,"June",26
2009-07-01,2009,"July",3
2009-07-10,2009,"July",10
2009-07-17,2009,"July",17
2009-07-24,2009,"July",24
2009-07-31,2009,"July",31
2009-08-01,2009,"August",7
2009-08-14,2009,"August",14
2009-08-21,2009,"August",21
2009-08-28,2009,"August",28
2009-09-01,2009,"September",4
2009-09-11,2009,"September",11
2009-09-18,2009,"September",18
2009-09-25,2009,"September",25
2009-10-01,2009,"October",2
2009-10-09,2009,"October",9
2009-10-16,2009,"October",16
2009-10-23,2009,"October",23
2009-10-30,2009,"October",30
2009-11-01,2009,"November",6
2009-11-13,2009,"November",13
2009-11-20,2009,"November",20
2009-11-27,2009,"November",27
2009-12-01,2009,"December",4
2009-12-11,2009,"December",11
2009-12-18,2009,"December",18
2009-12-25,2009,"December",25
2010-01-01,2010,"January",1
2010-01-08,2010,"January",8
2010-01-15,2010,"January",15
2010-01-22,2010,"January",22
2010-01-29,2010,"January",29
2010-02-01,2010,"February",5
2010-02-12,2010,"February",12
2010-02-19,2010,"February",19
2010-02-26,2010,"February",26
2010-03-01,2010,"March",5
2010-03-12,2010,"March",12
2010-03-19,2010,"March",19
2010-03-26,2010,"March",26
2010-04-01,2010,"April",2
2010-04-09,2010,"April",9
2010-04-16,2010,"April",16
2010-04-23,2010,"April",23
2010-04-30,2010,"April",30
2010-05-01,2010,"May",7
2010-05-14,2010,"May",14
2010-05-21,2010,"May",21
2010-05-28,2010,"May",28
2010-06-01,2010,"June",4
2010-06-11,2010,"June",11
2010-06-18,2010,"June",18
2010-06-25,2010,"June",25
2010-07-01,2010,"July",2
2010-07-09,2010,"July",9
2010-07-16,2010,"July",16
2010-07-23,2010,"July",23
2010-07-30,2010,"July",30
2010-08-01,2010,"August",6
2010-08-13,2010,"August",13
2010-08-20,2010,"August",20
2010-08-27,2010,"August",27
2010-09-01,2010,"September",3
2010-09-10,2010,"September",10
2010-09-17,2010,"September",17
2010-09-24,2010,"September",24
2010-10-01,2010,"October",1
2010-10-08,2010,"October",8
2010-10-15,2010,"October",15
2010-10-22,2010,"October",22
2010-10-29,2010,"October",29
2010-11-01,2010,"November",5
2010-11-12,2010,"November",12
2010-11-19,2010,"November",19
2010-11-26,2010,"November",26
2010-12-01,2010,"December",3
2010-12-10,2010,"December",10
2010-12-17,2010,"December",17
2010-12-24,2010,"December",24
2010-12-31,2010,"December",31
