new_time,year,month,day,time
1741-01-01,1741,January,1,1741-01-01
1741-01-08,1741,January,8,1741-01-08
1741-01-15,1741,January,15,1741-01-15
1741-01-22,1741,January,22,1741-01-22
1741-01-29,1741,January,29,1741-01-29
1741-02-05,1741,February,5,1741-02-01
1741-02-12,1741,February,12,1741-02-12
1741-02-19,1741,February,19,1741-02-19
1741-02-26,1741,February,26,1741-02-26
1741-03-05,1741,March,5,1741-03-01
1741-03-12,1741,March,12,1741-03-12
1741-03-19,1741,March,19,1741-03-19
1741-03-26,1741,March,26,1741-03-26
1741-04-02,1741,April,2,1741-04-01
1741-04-09,1741,April,9,1741-04-09
1741-04-16,1741,April,16,1741-04-16
1741-04-23,1741,April,23,1741-04-23
1741-04-30,1741,April,30,1741-04-30
1741-05-07,1741,May,7,1741-05-01
1741-05-14,1741,May,14,1741-05-14
1741-05-21,1741,May,21,1741-05-21
1741-05-28,1741,May,28,1741-05-28
1741-06-04,1741,June,4,1741-06-01
1741-06-11,1741,June,11,1741-06-11
1741-06-18,1741,June,18,1741-06-18
1741-06-25,1741,June,25,1741-06-25
1741-07-02,1741,July,2,1741-07-01
1741-07-09,1741,July,9,1741-07-09
1741-07-16,1741,July,16,1741-07-16
1741-07-23,1741,July,23,1741-07-23
1741-07-30,1741,July,30,1741-07-30
1741-08-06,1741,August,6,1741-08-01
1741-08-13,1741,August,13,1741-08-13
1741-08-20,1741,August,20,1741-08-20
1741-08-27,1741,August,27,1741-08-27
1741-09-03,1741,September,3,1741-09-01
1741-09-10,1741,September,10,1741-09-10
1741-09-17,1741,September,17,1741-09-17
1741-09-24,1741,September,24,1741-09-24
1741-10-01,1741,October,1,1741-10-01
1741-10-08,1741,October,8,1741-10-08
1741-10-15,1741,October,15,1741-10-15
1741-10-22,1741,October,22,1741-10-22
1741-10-29,1741,October,29,1741-10-29
1741-11-05,1741,November,5,1741-11-01
1741-11-12,1741,November,12,1741-11-12
1741-11-19,1741,November,19,1741-11-19
1741-11-26,1741,November,26,1741-11-26
1741-12-03,1741,December,3,1741-12-01
1741-12-10,1741,December,10,1741-12-10
1741-12-17,1741,December,17,1741-12-17
1741-12-24,1741,December,24,1741-12-24
1741-12-31,1741,December,31,1741-12-31
1742-01-07,1742,January,7,1742-01-01
1742-01-14,1742,January,14,1742-01-14
1742-01-21,1742,January,21,1742-01-21
1742-01-28,1742,January,28,1742-01-28
1742-02-04,1742,February,4,1742-02-01
1742-02-11,1742,February,11,1742-02-11
1742-02-18,1742,February,18,1742-02-18
1742-02-25,1742,February,25,1742-02-25
1742-03-04,1742,March,4,1742-03-01
1742-03-11,1742,March,11,1742-03-11
1742-03-18,1742,March,18,1742-03-18
1742-03-25,1742,March,25,1742-03-25
1742-04-01,1742,April,1,1742-04-01
1742-04-08,1742,April,8,1742-04-08
1742-04-15,1742,April,15,1742-04-15
1742-04-22,1742,April,22,1742-04-22
1742-04-29,1742,April,29,1742-04-29
1742-05-06,1742,May,6,1742-05-01
1742-05-13,1742,May,13,1742-05-13
1742-05-20,1742,May,20,1742-05-20
1742-05-27,1742,May,27,1742-05-27
1742-06-03,1742,June,3,1742-06-01
1742-06-10,1742,June,10,1742-06-10
1742-06-17,1742,June,17,1742-06-17
1742-06-24,1742,June,24,1742-06-24
1742-07-01,1742,July,1,1742-07-01
1742-07-08,1742,July,8,1742-07-08
1742-07-15,1742,July,15,1742-07-15
1742-07-22,1742,July,22,1742-07-22
1742-07-29,1742,July,29,1742-07-29
1742-08-05,1742,August,5,1742-08-01
1742-08-12,1742,August,12,1742-08-12
1742-08-19,1742,August,19,1742-08-19
1742-08-26,1742,August,26,1742-08-26
1742-09-02,1742,September,2,1742-09-01
1742-09-09,1742,September,9,1742-09-09
1742-09-16,1742,September,16,1742-09-16
1742-09-23,1742,September,23,1742-09-23
1742-09-30,1742,September,30,1742-09-30
1742-10-07,1742,October,7,1742-10-01
1742-10-14,1742,October,14,1742-10-14
1742-10-21,1742,October,21,1742-10-21
1742-10-28,1742,October,28,1742-10-28
1742-11-04,1742,November,4,1742-11-01
1742-11-11,1742,November,11,1742-11-11
1742-11-18,1742,November,18,1742-11-18
1742-11-25,1742,November,25,1742-11-25
1742-12-02,1742,December,2,1742-12-01
1742-12-09,1742,December,9,1742-12-09
1742-12-16,1742,December,16,1742-12-16
1742-12-23,1742,December,23,1742-12-23
1742-12-30,1742,December,30,1742-12-30
1743-01-06,1743,January,6,1743-01-01
1743-01-13,1743,January,13,1743-01-13
1743-01-20,1743,January,20,1743-01-20
1743-01-27,1743,January,27,1743-01-27
1743-02-03,1743,February,3,1743-02-01
1743-02-10,1743,February,10,1743-02-10
1743-02-17,1743,February,17,1743-02-17
1743-02-24,1743,February,24,1743-02-24
1743-03-03,1743,March,3,1743-03-01
1743-03-10,1743,March,10,1743-03-10
1743-03-17,1743,March,17,1743-03-17
1743-03-24,1743,March,24,1743-03-24
1743-03-31,1743,March,31,1743-03-31
1743-04-07,1743,April,7,1743-04-01
1743-04-14,1743,April,14,1743-04-14
1743-04-21,1743,April,21,1743-04-21
1743-04-28,1743,April,28,1743-04-28
1743-05-05,1743,May,5,1743-05-01
1743-05-12,1743,May,12,1743-05-12
1743-05-19,1743,May,19,1743-05-19
1743-05-26,1743,May,26,1743-05-26
1743-06-02,1743,June,2,1743-06-01
1743-06-09,1743,June,9,1743-06-09
1743-06-16,1743,June,16,1743-06-16
1743-06-23,1743,June,23,1743-06-23
1743-06-30,1743,June,30,1743-06-30
1743-07-07,1743,July,7,1743-07-01
1743-07-14,1743,July,14,1743-07-14
1743-07-21,1743,July,21,1743-07-21
1743-07-28,1743,July,28,1743-07-28
1743-08-04,1743,August,4,1743-08-01
1743-08-11,1743,August,11,1743-08-11
1743-08-18,1743,August,18,1743-08-18
1743-08-25,1743,August,25,1743-08-25
1743-09-01,1743,September,1,1743-09-01
1743-09-08,1743,September,8,1743-09-08
1743-09-15,1743,September,15,1743-09-15
1743-09-22,1743,September,22,1743-09-22
1743-09-29,1743,September,29,1743-09-29
1743-10-06,1743,October,6,1743-10-01
1743-10-13,1743,October,13,1743-10-13
1743-10-20,1743,October,20,1743-10-20
1743-10-27,1743,October,27,1743-10-27
1743-11-03,1743,November,3,1743-11-01
1743-11-10,1743,November,10,1743-11-10
1743-11-17,1743,November,17,1743-11-17
1743-11-24,1743,November,24,1743-11-24
1743-12-01,1743,December,1,1743-12-01
1743-12-08,1743,December,8,1743-12-08
1743-12-15,1743,December,15,1743-12-15
1743-12-22,1743,December,22,1743-12-22
1743-12-29,1743,December,29,1743-12-29
1744-01-05,1744,January,5,1744-01-01
1744-01-12,1744,January,12,1744-01-12
1744-01-19,1744,January,19,1744-01-19
1744-01-26,1744,January,26,1744-01-26
1744-02-02,1744,February,2,1744-02-01
1744-02-09,1744,February,9,1744-02-09
1744-02-16,1744,February,16,1744-02-16
1744-02-23,1744,February,23,1744-02-23
1744-03-01,1744,March,1,1744-03-01
1744-03-08,1744,March,8,1744-03-08
1744-03-15,1744,March,15,1744-03-15
1744-03-22,1744,March,22,1744-03-22
1744-03-29,1744,March,29,1744-03-29
1744-04-05,1744,April,5,1744-04-01
1744-04-12,1744,April,12,1744-04-12
1744-04-19,1744,April,19,1744-04-19
1744-04-26,1744,April,26,1744-04-26
1744-05-03,1744,May,3,1744-05-01
1744-05-10,1744,May,10,1744-05-10
1744-05-17,1744,May,17,1744-05-17
1744-05-24,1744,May,24,1744-05-24
1744-05-31,1744,May,31,1744-05-31
1744-06-07,1744,June,7,1744-06-01
1744-06-14,1744,June,14,1744-06-14
1744-06-21,1744,June,21,1744-06-21
1744-06-28,1744,June,28,1744-06-28
1744-07-05,1744,July,5,1744-07-01
1744-07-12,1744,July,12,1744-07-12
1744-07-19,1744,July,19,1744-07-19
1744-07-26,1744,July,26,1744-07-26
1744-08-02,1744,August,2,1744-08-01
1744-08-09,1744,August,9,1744-08-09
1744-08-16,1744,August,16,1744-08-16
1744-08-23,1744,August,23,1744-08-23
1744-08-30,1744,August,30,1744-08-30
1744-09-06,1744,September,6,1744-09-01
1744-09-13,1744,September,13,1744-09-13
1744-09-20,1744,September,20,1744-09-20
1744-09-27,1744,September,27,1744-09-27
1744-10-04,1744,October,4,1744-10-01
1744-10-11,1744,October,11,1744-10-11
1744-10-18,1744,October,18,1744-10-18
1744-10-25,1744,October,25,1744-10-25
1744-11-01,1744,November,1,1744-11-01
1744-11-08,1744,November,8,1744-11-08
1744-11-15,1744,November,15,1744-11-15
1744-11-22,1744,November,22,1744-11-22
1744-11-29,1744,November,29,1744-11-29
1744-12-06,1744,December,6,1744-12-01
1744-12-13,1744,December,13,1744-12-13
1744-12-20,1744,December,20,1744-12-20
1744-12-27,1744,December,27,1744-12-27
1745-01-03,1745,January,3,1745-01-01
1745-01-10,1745,January,10,1745-01-10
1745-01-17,1745,January,17,1745-01-17
1745-01-24,1745,January,24,1745-01-24
1745-01-31,1745,January,31,1745-01-31
1745-02-07,1745,February,7,1745-02-01
1745-02-14,1745,February,14,1745-02-14
1745-02-21,1745,February,21,1745-02-21
1745-02-28,1745,February,28,1745-02-28
1745-03-07,1745,March,7,1745-03-01
1745-03-14,1745,March,14,1745-03-14
1745-03-21,1745,March,21,1745-03-21
1745-03-28,1745,March,28,1745-03-28
1745-04-04,1745,April,4,1745-04-01
1745-04-11,1745,April,11,1745-04-11
1745-04-18,1745,April,18,1745-04-18
1745-04-25,1745,April,25,1745-04-25
1745-05-02,1745,May,2,1745-05-01
1745-05-09,1745,May,9,1745-05-09
1745-05-16,1745,May,16,1745-05-16
1745-05-23,1745,May,23,1745-05-23
1745-05-30,1745,May,30,1745-05-30
1745-06-06,1745,June,6,1745-06-01
1745-06-13,1745,June,13,1745-06-13
1745-06-20,1745,June,20,1745-06-20
1745-06-27,1745,June,27,1745-06-27
1745-07-04,1745,July,4,1745-07-01
1745-07-11,1745,July,11,1745-07-11
1745-07-18,1745,July,18,1745-07-18
1745-07-25,1745,July,25,1745-07-25
1745-08-01,1745,August,1,1745-08-01
1745-08-08,1745,August,8,1745-08-08
1745-08-15,1745,August,15,1745-08-15
1745-08-22,1745,August,22,1745-08-22
1745-08-29,1745,August,29,1745-08-29
1745-09-05,1745,September,5,1745-09-01
1745-09-12,1745,September,12,1745-09-12
1745-09-19,1745,September,19,1745-09-19
1745-09-26,1745,September,26,1745-09-26
1745-10-03,1745,October,3,1745-10-01
1745-10-10,1745,October,10,1745-10-10
1745-10-17,1745,October,17,1745-10-17
1745-10-24,1745,October,24,1745-10-24
1745-10-31,1745,October,31,1745-10-31
1745-11-07,1745,November,7,1745-11-01
1745-11-14,1745,November,14,1745-11-14
1745-11-21,1745,November,21,1745-11-21
1745-11-28,1745,November,28,1745-11-28
1745-12-05,1745,December,5,1745-12-01
1745-12-12,1745,December,12,1745-12-12
1745-12-19,1745,December,19,1745-12-19
1745-12-26,1745,December,26,1745-12-26
1746-01-02,1746,January,2,1746-01-01
1746-01-09,1746,January,9,1746-01-09
1746-01-16,1746,January,16,1746-01-16
1746-01-23,1746,January,23,1746-01-23
1746-01-30,1746,January,30,1746-01-30
1746-02-06,1746,February,6,1746-02-01
1746-02-13,1746,February,13,1746-02-13
1746-02-20,1746,February,20,1746-02-20
1746-02-27,1746,February,27,1746-02-27
1746-03-06,1746,March,6,1746-03-01
1746-03-13,1746,March,13,1746-03-13
1746-03-20,1746,March,20,1746-03-20
1746-03-27,1746,March,27,1746-03-27
1746-04-03,1746,April,3,1746-04-01
1746-04-10,1746,April,10,1746-04-10
1746-04-17,1746,April,17,1746-04-17
1746-04-24,1746,April,24,1746-04-24
1746-05-01,1746,May,1,1746-05-01
1746-05-08,1746,May,8,1746-05-08
1746-05-15,1746,May,15,1746-05-15
1746-05-22,1746,May,22,1746-05-22
1746-05-29,1746,May,29,1746-05-29
1746-06-05,1746,June,5,1746-06-01
1746-06-12,1746,June,12,1746-06-12
1746-06-19,1746,June,19,1746-06-19
1746-06-26,1746,June,26,1746-06-26
1746-07-03,1746,July,3,1746-07-01
1746-07-10,1746,July,10,1746-07-10
1746-07-17,1746,July,17,1746-07-17
1746-07-24,1746,July,24,1746-07-24
1746-07-31,1746,July,31,1746-07-31
1746-08-07,1746,August,7,1746-08-01
1746-08-14,1746,August,14,1746-08-14
1746-08-21,1746,August,21,1746-08-21
1746-08-28,1746,August,28,1746-08-28
1746-09-04,1746,September,4,1746-09-01
1746-09-11,1746,September,11,1746-09-11
1746-09-18,1746,September,18,1746-09-18
1746-09-25,1746,September,25,1746-09-25
1746-10-02,1746,October,2,1746-10-01
1746-10-09,1746,October,9,1746-10-09
1746-10-16,1746,October,16,1746-10-16
1746-10-23,1746,October,23,1746-10-23
1746-10-30,1746,October,30,1746-10-30
1746-11-06,1746,November,6,1746-11-01
1746-11-13,1746,November,13,1746-11-13
1746-11-20,1746,November,20,1746-11-20
1746-11-27,1746,November,27,1746-11-27
1746-12-04,1746,December,4,1746-12-01
1746-12-11,1746,December,11,1746-12-11
1746-12-18,1746,December,18,1746-12-18
1746-12-25,1746,December,25,1746-12-25
1747-01-01,1747,January,1,1747-01-01
1747-01-08,1747,January,8,1747-01-08
1747-01-15,1747,January,15,1747-01-15
1747-01-22,1747,January,22,1747-01-22
1747-01-29,1747,January,29,1747-01-29
1747-02-05,1747,February,5,1747-02-01
1747-02-12,1747,February,12,1747-02-12
1747-02-19,1747,February,19,1747-02-19
1747-02-26,1747,February,26,1747-02-26
1747-03-05,1747,March,5,1747-03-01
1747-03-12,1747,March,12,1747-03-12
1747-03-19,1747,March,19,1747-03-19
1747-03-26,1747,March,26,1747-03-26
1747-04-02,1747,April,2,1747-04-01
1747-04-09,1747,April,9,1747-04-09
1747-04-16,1747,April,16,1747-04-16
1747-04-23,1747,April,23,1747-04-23
1747-04-30,1747,April,30,1747-04-30
1747-05-07,1747,May,7,1747-05-01
1747-05-14,1747,May,14,1747-05-14
1747-05-21,1747,May,21,1747-05-21
1747-05-28,1747,May,28,1747-05-28
1747-06-04,1747,June,4,1747-06-01
1747-06-11,1747,June,11,1747-06-11
1747-06-18,1747,June,18,1747-06-18
1747-06-25,1747,June,25,1747-06-25
1747-07-02,1747,July,2,1747-07-01
1747-07-09,1747,July,9,1747-07-09
1747-07-16,1747,July,16,1747-07-16
1747-07-23,1747,July,23,1747-07-23
1747-07-30,1747,July,30,1747-07-30
1747-08-06,1747,August,6,1747-08-01
1747-08-13,1747,August,13,1747-08-13
1747-08-20,1747,August,20,1747-08-20
1747-08-27,1747,August,27,1747-08-27
1747-09-03,1747,September,3,1747-09-01
1747-09-10,1747,September,10,1747-09-10
1747-09-17,1747,September,17,1747-09-17
1747-09-24,1747,September,24,1747-09-24
1747-10-01,1747,October,1,1747-10-01
1747-10-08,1747,October,8,1747-10-08
1747-10-15,1747,October,15,1747-10-15
1747-10-22,1747,October,22,1747-10-22
1747-10-29,1747,October,29,1747-10-29
1747-11-05,1747,November,5,1747-11-01
1747-11-12,1747,November,12,1747-11-12
1747-11-19,1747,November,19,1747-11-19
1747-11-26,1747,November,26,1747-11-26
1747-12-03,1747,December,3,1747-12-01
1747-12-10,1747,December,10,1747-12-10
1747-12-17,1747,December,17,1747-12-17
1747-12-24,1747,December,24,1747-12-24
1747-12-31,1747,December,31,1747-12-31
1748-01-07,1748,January,7,1748-01-01
1748-01-14,1748,January,14,1748-01-14
1748-01-21,1748,January,21,1748-01-21
1748-01-28,1748,January,28,1748-01-28
1748-02-04,1748,February,4,1748-02-01
1748-02-11,1748,February,11,1748-02-11
1748-02-18,1748,February,18,1748-02-18
1748-02-25,1748,February,25,1748-02-25
1748-03-03,1748,March,3,1748-03-01
1748-03-10,1748,March,10,1748-03-10
1748-03-17,1748,March,17,1748-03-17
1748-03-24,1748,March,24,1748-03-24
1748-03-31,1748,March,31,1748-03-31
1748-04-07,1748,April,7,1748-04-01
1748-04-14,1748,April,14,1748-04-14
1748-04-21,1748,April,21,1748-04-21
1748-04-28,1748,April,28,1748-04-28
1748-05-05,1748,May,5,1748-05-01
1748-05-12,1748,May,12,1748-05-12
1748-05-19,1748,May,19,1748-05-19
1748-05-26,1748,May,26,1748-05-26
1748-06-02,1748,June,2,1748-06-01
1748-06-09,1748,June,9,1748-06-09
1748-06-16,1748,June,16,1748-06-16
1748-06-23,1748,June,23,1748-06-23
1748-06-30,1748,June,30,1748-06-30
1748-07-07,1748,July,7,1748-07-01
1748-07-14,1748,July,14,1748-07-14
1748-07-21,1748,July,21,1748-07-21
1748-07-28,1748,July,28,1748-07-28
1748-08-04,1748,August,4,1748-08-01
1748-08-11,1748,August,11,1748-08-11
1748-08-18,1748,August,18,1748-08-18
1748-08-25,1748,August,25,1748-08-25
1748-09-01,1748,September,1,1748-09-01
1748-09-08,1748,September,8,1748-09-08
1748-09-15,1748,September,15,1748-09-15
1748-09-22,1748,September,22,1748-09-22
1748-09-29,1748,September,29,1748-09-29
1748-10-06,1748,October,6,1748-10-01
1748-10-13,1748,October,13,1748-10-13
1748-10-20,1748,October,20,1748-10-20
1748-10-27,1748,October,27,1748-10-27
1748-11-03,1748,November,3,1748-11-01
1748-11-10,1748,November,10,1748-11-10
1748-11-17,1748,November,17,1748-11-17
1748-11-24,1748,November,24,1748-11-24
1748-12-01,1748,December,1,1748-12-01
1748-12-08,1748,December,8,1748-12-08
1748-12-15,1748,December,15,1748-12-15
1748-12-22,1748,December,22,1748-12-22
1748-12-29,1748,December,29,1748-12-29
1749-01-05,1749,January,5,1749-01-01
1749-01-12,1749,January,12,1749-01-12
1749-01-19,1749,January,19,1749-01-19
1749-01-26,1749,January,26,1749-01-26
1749-02-02,1749,February,2,1749-02-01
1749-02-09,1749,February,9,1749-02-09
1749-02-16,1749,February,16,1749-02-16
1749-02-23,1749,February,23,1749-02-23
1749-03-02,1749,March,2,1749-03-01
1749-03-09,1749,March,9,1749-03-09
1749-03-16,1749,March,16,1749-03-16
1749-03-23,1749,March,23,1749-03-23
1749-03-30,1749,March,30,1749-03-30
1749-04-06,1749,April,6,1749-04-01
1749-04-13,1749,April,13,1749-04-13
1749-04-20,1749,April,20,1749-04-20
1749-04-27,1749,April,27,1749-04-27
1749-05-04,1749,May,4,1749-05-01
1749-05-11,1749,May,11,1749-05-11
1749-05-18,1749,May,18,1749-05-18
1749-05-25,1749,May,25,1749-05-25
1749-06-01,1749,June,1,1749-06-01
1749-06-08,1749,June,8,1749-06-08
1749-06-15,1749,June,15,1749-06-15
1749-06-22,1749,June,22,1749-06-22
1749-06-29,1749,June,29,1749-06-29
1749-07-06,1749,July,6,1749-07-01
1749-07-13,1749,July,13,1749-07-13
1749-07-20,1749,July,20,1749-07-20
1749-07-27,1749,July,27,1749-07-27
1749-08-03,1749,August,3,1749-08-01
1749-08-10,1749,August,10,1749-08-10
1749-08-17,1749,August,17,1749-08-17
1749-08-24,1749,August,24,1749-08-24
1749-08-31,1749,August,31,1749-08-31
1749-09-07,1749,September,7,1749-09-01
1749-09-14,1749,September,14,1749-09-14
1749-09-21,1749,September,21,1749-09-21
1749-09-28,1749,September,28,1749-09-28
1749-10-05,1749,October,5,1749-10-01
1749-10-12,1749,October,12,1749-10-12
1749-10-19,1749,October,19,1749-10-19
1749-10-26,1749,October,26,1749-10-26
1749-11-02,1749,November,2,1749-11-01
1749-11-09,1749,November,9,1749-11-09
1749-11-16,1749,November,16,1749-11-16
1749-11-23,1749,November,23,1749-11-23
1749-11-30,1749,November,30,1749-11-30
1749-12-07,1749,December,7,1749-12-01
1749-12-14,1749,December,14,1749-12-14
1749-12-21,1749,December,21,1749-12-21
1749-12-28,1749,December,28,1749-12-28
1750-01-04,1750,January,4,1750-01-01
1750-01-11,1750,January,11,1750-01-11
1750-01-18,1750,January,18,1750-01-18
1750-01-25,1750,January,25,1750-01-25
1750-02-01,1750,February,1,1750-02-01
1750-02-08,1750,February,8,1750-02-08
1750-02-15,1750,February,15,1750-02-15
1750-02-22,1750,February,22,1750-02-22
1750-03-01,1750,March,1,1750-03-01
1750-03-08,1750,March,8,1750-03-08
1750-03-15,1750,March,15,1750-03-15
1750-03-22,1750,March,22,1750-03-22
1750-03-29,1750,March,29,1750-03-29
1750-04-05,1750,April,5,1750-04-01
1750-04-12,1750,April,12,1750-04-12
1750-04-19,1750,April,19,1750-04-19
1750-04-26,1750,April,26,1750-04-26
1750-05-03,1750,May,3,1750-05-01
1750-05-10,1750,May,10,1750-05-10
1750-05-17,1750,May,17,1750-05-17
1750-05-24,1750,May,24,1750-05-24
1750-05-31,1750,May,31,1750-05-31
1750-06-07,1750,June,7,1750-06-01
1750-06-14,1750,June,14,1750-06-14
1750-06-21,1750,June,21,1750-06-21
1750-06-28,1750,June,28,1750-06-28
1750-07-05,1750,July,5,1750-07-01
1750-07-12,1750,July,12,1750-07-12
1750-07-19,1750,July,19,1750-07-19
1750-07-26,1750,July,26,1750-07-26
1750-08-02,1750,August,2,1750-08-01
1750-08-09,1750,August,9,1750-08-09
1750-08-16,1750,August,16,1750-08-16
1750-08-23,1750,August,23,1750-08-23
1750-08-30,1750,August,30,1750-08-30
1750-09-06,1750,September,6,1750-09-01
1750-09-13,1750,September,13,1750-09-13
1750-09-20,1750,September,20,1750-09-20
1750-09-27,1750,September,27,1750-09-27
1750-10-04,1750,October,4,1750-10-01
1750-10-11,1750,October,11,1750-10-11
1750-10-18,1750,October,18,1750-10-18
1750-10-25,1750,October,25,1750-10-25
1750-11-01,1750,November,1,1750-11-01
1750-11-08,1750,November,8,1750-11-08
1750-11-15,1750,November,15,1750-11-15
1750-11-22,1750,November,22,1750-11-22
1750-11-29,1750,November,29,1750-11-29
1750-12-06,1750,December,6,1750-12-01
1750-12-13,1750,December,13,1750-12-13
1750-12-20,1750,December,20,1750-12-20
1750-12-27,1750,December,27,1750-12-27
1751-01-03,1751,January,3,1751-01-01
1751-01-10,1751,January,10,1751-01-10
1751-01-17,1751,January,17,1751-01-17
1751-01-24,1751,January,24,1751-01-24
1751-01-31,1751,January,31,1751-01-31
1751-02-07,1751,February,7,1751-02-01
1751-02-14,1751,February,14,1751-02-14
1751-02-21,1751,February,21,1751-02-21
1751-02-28,1751,February,28,1751-02-28
1751-03-07,1751,March,7,1751-03-01
1751-03-14,1751,March,14,1751-03-14
1751-03-21,1751,March,21,1751-03-21
1751-03-28,1751,March,28,1751-03-28
1751-04-04,1751,April,4,1751-04-01
1751-04-11,1751,April,11,1751-04-11
1751-04-18,1751,April,18,1751-04-18
1751-04-25,1751,April,25,1751-04-25
1751-05-02,1751,May,2,1751-05-01
1751-05-09,1751,May,9,1751-05-09
1751-05-16,1751,May,16,1751-05-16
1751-05-23,1751,May,23,1751-05-23
1751-05-30,1751,May,30,1751-05-30
1751-06-06,1751,June,6,1751-06-01
1751-06-13,1751,June,13,1751-06-13
1751-06-20,1751,June,20,1751-06-20
1751-06-27,1751,June,27,1751-06-27
1751-07-04,1751,July,4,1751-07-01
1751-07-11,1751,July,11,1751-07-11
1751-07-18,1751,July,18,1751-07-18
1751-07-25,1751,July,25,1751-07-25
1751-08-01,1751,August,1,1751-08-01
1751-08-08,1751,August,8,1751-08-08
1751-08-15,1751,August,15,1751-08-15
1751-08-22,1751,August,22,1751-08-22
1751-08-29,1751,August,29,1751-08-29
1751-09-05,1751,September,5,1751-09-01
1751-09-12,1751,September,12,1751-09-12
1751-09-19,1751,September,19,1751-09-19
1751-09-26,1751,September,26,1751-09-26
1751-10-03,1751,October,3,1751-10-01
1751-10-10,1751,October,10,1751-10-10
1751-10-17,1751,October,17,1751-10-17
1751-10-24,1751,October,24,1751-10-24
1751-10-31,1751,October,31,1751-10-31
1751-11-07,1751,November,7,1751-11-01
1751-11-14,1751,November,14,1751-11-14
1751-11-21,1751,November,21,1751-11-21
1751-11-28,1751,November,28,1751-11-28
1751-12-05,1751,December,5,1751-12-01
1751-12-12,1751,December,12,1751-12-12
1751-12-19,1751,December,19,1751-12-19
1751-12-26,1751,December,26,1751-12-26
1752-01-02,1752,January,2,1752-01-01
1752-01-09,1752,January,9,1752-01-09
1752-01-16,1752,January,16,1752-01-16
1752-01-23,1752,January,23,1752-01-23
1752-01-30,1752,January,30,1752-01-30
1752-02-06,1752,February,6,1752-02-01
1752-02-13,1752,February,13,1752-02-13
1752-02-20,1752,February,20,1752-02-20
1752-02-27,1752,February,27,1752-02-27
1752-03-05,1752,March,5,1752-03-01
1752-03-12,1752,March,12,1752-03-12
1752-03-19,1752,March,19,1752-03-19
1752-03-26,1752,March,26,1752-03-26
1752-04-02,1752,April,2,1752-04-01
1752-04-09,1752,April,9,1752-04-09
1752-04-16,1752,April,16,1752-04-16
1752-04-23,1752,April,23,1752-04-23
1752-04-30,1752,April,30,1752-04-30
1752-05-07,1752,May,7,1752-05-01
1752-05-14,1752,May,14,1752-05-14
1752-05-21,1752,May,21,1752-05-21
1752-05-28,1752,May,28,1752-05-28
1752-06-04,1752,June,4,1752-06-01
1752-06-11,1752,June,11,1752-06-11
1752-06-18,1752,June,18,1752-06-18
1752-06-25,1752,June,25,1752-06-25
1752-07-02,1752,July,2,1752-07-01
1752-07-09,1752,July,9,1752-07-09
1752-07-16,1752,July,16,1752-07-16
1752-07-23,1752,July,23,1752-07-23
1752-07-30,1752,July,30,1752-07-30
1752-08-06,1752,August,6,1752-08-01
1752-08-13,1752,August,13,1752-08-13
1752-08-20,1752,August,20,1752-08-20
1752-08-27,1752,August,27,1752-08-27
1752-09-03,1752,September,3,1752-09-01
1752-09-10,1752,September,10,1752-09-10
1752-09-17,1752,September,17,1752-09-17
1752-09-24,1752,September,24,1752-09-24
1752-10-01,1752,October,1,1752-10-01
1752-10-08,1752,October,8,1752-10-08
1752-10-15,1752,October,15,1752-10-15
1752-10-22,1752,October,22,1752-10-22
1752-10-29,1752,October,29,1752-10-29
1752-11-05,1752,November,5,1752-11-01
1752-11-12,1752,November,12,1752-11-12
1752-11-19,1752,November,19,1752-11-19
1752-11-26,1752,November,26,1752-11-26
1752-12-03,1752,December,3,1752-12-01
1752-12-10,1752,December,10,1752-12-10
1752-12-17,1752,December,17,1752-12-17
1752-12-24,1752,December,24,1752-12-24
1752-12-31,1752,December,31,1752-12-31
1753-01-07,1753,January,7,1753-01-01
1753-01-14,1753,January,14,1753-01-14
1753-01-21,1753,January,21,1753-01-21
1753-01-28,1753,January,28,1753-01-28
1753-02-04,1753,February,4,1753-02-01
1753-02-11,1753,February,11,1753-02-11
1753-02-18,1753,February,18,1753-02-18
1753-02-25,1753,February,25,1753-02-25
1753-03-04,1753,March,4,1753-03-01
1753-03-11,1753,March,11,1753-03-11
1753-03-18,1753,March,18,1753-03-18
1753-03-25,1753,March,25,1753-03-25
1753-04-01,1753,April,1,1753-04-01
1753-04-08,1753,April,8,1753-04-08
1753-04-15,1753,April,15,1753-04-15
1753-04-22,1753,April,22,1753-04-22
1753-04-29,1753,April,29,1753-04-29
1753-05-06,1753,May,6,1753-05-01
1753-05-13,1753,May,13,1753-05-13
1753-05-20,1753,May,20,1753-05-20
1753-05-27,1753,May,27,1753-05-27
1753-06-03,1753,June,3,1753-06-01
1753-06-10,1753,June,10,1753-06-10
1753-06-17,1753,June,17,1753-06-17
1753-06-24,1753,June,24,1753-06-24
1753-07-01,1753,July,1,1753-07-01
1753-07-08,1753,July,8,1753-07-08
1753-07-15,1753,July,15,1753-07-15
1753-07-22,1753,July,22,1753-07-22
1753-07-29,1753,July,29,1753-07-29
1753-08-05,1753,August,5,1753-08-01
1753-08-12,1753,August,12,1753-08-12
1753-08-19,1753,August,19,1753-08-19
1753-08-26,1753,August,26,1753-08-26
1753-09-02,1753,September,2,1753-09-01
1753-09-09,1753,September,9,1753-09-09
1753-09-16,1753,September,16,1753-09-16
1753-09-23,1753,September,23,1753-09-23
1753-09-30,1753,September,30,1753-09-30
1753-10-07,1753,October,7,1753-10-01
1753-10-14,1753,October,14,1753-10-14
1753-10-21,1753,October,21,1753-10-21
1753-10-28,1753,October,28,1753-10-28
1753-11-04,1753,November,4,1753-11-01
1753-11-11,1753,November,11,1753-11-11
1753-11-18,1753,November,18,1753-11-18
1753-11-25,1753,November,25,1753-11-25
1753-12-02,1753,December,2,1753-12-01
1753-12-09,1753,December,9,1753-12-09
1753-12-16,1753,December,16,1753-12-16
1753-12-23,1753,December,23,1753-12-23
1753-12-30,1753,December,30,1753-12-30
1754-01-06,1754,January,6,1754-01-01
1754-01-13,1754,January,13,1754-01-13
1754-01-20,1754,January,20,1754-01-20
1754-01-27,1754,January,27,1754-01-27
1754-02-03,1754,February,3,1754-02-01
1754-02-10,1754,February,10,1754-02-10
1754-02-17,1754,February,17,1754-02-17
1754-02-24,1754,February,24,1754-02-24
1754-03-03,1754,March,3,1754-03-01
1754-03-10,1754,March,10,1754-03-10
1754-03-17,1754,March,17,1754-03-17
1754-03-24,1754,March,24,1754-03-24
1754-03-31,1754,March,31,1754-03-31
1754-04-07,1754,April,7,1754-04-01
1754-04-14,1754,April,14,1754-04-14
1754-04-21,1754,April,21,1754-04-21
1754-04-28,1754,April,28,1754-04-28
1754-05-05,1754,May,5,1754-05-01
1754-05-12,1754,May,12,1754-05-12
1754-05-19,1754,May,19,1754-05-19
1754-05-26,1754,May,26,1754-05-26
1754-06-02,1754,June,2,1754-06-01
1754-06-09,1754,June,9,1754-06-09
1754-06-16,1754,June,16,1754-06-16
1754-06-23,1754,June,23,1754-06-23
1754-06-30,1754,June,30,1754-06-30
1754-07-07,1754,July,7,1754-07-01
1754-07-14,1754,July,14,1754-07-14
1754-07-21,1754,July,21,1754-07-21
1754-07-28,1754,July,28,1754-07-28
1754-08-04,1754,August,4,1754-08-01
1754-08-11,1754,August,11,1754-08-11
1754-08-18,1754,August,18,1754-08-18
1754-08-25,1754,August,25,1754-08-25
1754-09-01,1754,September,1,1754-09-01
1754-09-08,1754,September,8,1754-09-08
1754-09-15,1754,September,15,1754-09-15
1754-09-22,1754,September,22,1754-09-22
1754-09-29,1754,September,29,1754-09-29
1754-10-06,1754,October,6,1754-10-01
1754-10-13,1754,October,13,1754-10-13
1754-10-20,1754,October,20,1754-10-20
1754-10-27,1754,October,27,1754-10-27
1754-11-03,1754,November,3,1754-11-01
1754-11-10,1754,November,10,1754-11-10
1754-11-17,1754,November,17,1754-11-17
1754-11-24,1754,November,24,1754-11-24
1754-12-01,1754,December,1,1754-12-01
1754-12-08,1754,December,8,1754-12-08
1754-12-15,1754,December,15,1754-12-15
1754-12-22,1754,December,22,1754-12-22
1754-12-29,1754,December,29,1754-12-29
1755-01-05,1755,January,5,1755-01-01
1755-01-12,1755,January,12,1755-01-12
1755-01-19,1755,January,19,1755-01-19
1755-01-26,1755,January,26,1755-01-26
1755-02-02,1755,February,2,1755-02-01
1755-02-09,1755,February,9,1755-02-09
1755-02-16,1755,February,16,1755-02-16
1755-02-23,1755,February,23,1755-02-23
1755-03-02,1755,March,2,1755-03-01
1755-03-09,1755,March,9,1755-03-09
1755-03-16,1755,March,16,1755-03-16
1755-03-23,1755,March,23,1755-03-23
1755-03-30,1755,March,30,1755-03-30
1755-04-06,1755,April,6,1755-04-01
1755-04-13,1755,April,13,1755-04-13
1755-04-20,1755,April,20,1755-04-20
1755-04-27,1755,April,27,1755-04-27
1755-05-04,1755,May,4,1755-05-01
1755-05-11,1755,May,11,1755-05-11
1755-05-18,1755,May,18,1755-05-18
1755-05-25,1755,May,25,1755-05-25
1755-06-01,1755,June,1,1755-06-01
1755-06-08,1755,June,8,1755-06-08
1755-06-15,1755,June,15,1755-06-15
1755-06-22,1755,June,22,1755-06-22
1755-06-29,1755,June,29,1755-06-29
1755-07-06,1755,July,6,1755-07-01
1755-07-13,1755,July,13,1755-07-13
1755-07-20,1755,July,20,1755-07-20
1755-07-27,1755,July,27,1755-07-27
1755-08-03,1755,August,3,1755-08-01
1755-08-10,1755,August,10,1755-08-10
1755-08-17,1755,August,17,1755-08-17
1755-08-24,1755,August,24,1755-08-24
1755-08-31,1755,August,31,1755-08-31
1755-09-07,1755,September,7,1755-09-01
1755-09-14,1755,September,14,1755-09-14
1755-09-21,1755,September,21,1755-09-21
1755-09-28,1755,September,28,1755-09-28
1755-10-05,1755,October,5,1755-10-01
1755-10-12,1755,October,12,1755-10-12
1755-10-19,1755,October,19,1755-10-19
1755-10-26,1755,October,26,1755-10-26
1755-11-02,1755,November,2,1755-11-01
1755-11-09,1755,November,9,1755-11-09
1755-11-16,1755,November,16,1755-11-16
1755-11-23,1755,November,23,1755-11-23
1755-11-30,1755,November,30,1755-11-30
1755-12-07,1755,December,7,1755-12-01
1755-12-14,1755,December,14,1755-12-14
1755-12-21,1755,December,21,1755-12-21
1755-12-28,1755,December,28,1755-12-28
1756-01-04,1756,January,4,1756-01-01
1756-01-11,1756,January,11,1756-01-11
1756-01-18,1756,January,18,1756-01-18
1756-01-25,1756,January,25,1756-01-25
1756-02-01,1756,February,1,1756-02-01
1756-02-08,1756,February,8,1756-02-08
1756-02-15,1756,February,15,1756-02-15
1756-02-22,1756,February,22,1756-02-22
1756-02-29,1756,February,29,1756-02-29
1756-03-07,1756,March,7,1756-03-01
1756-03-14,1756,March,14,1756-03-14
1756-03-21,1756,March,21,1756-03-21
1756-03-28,1756,March,28,1756-03-28
1756-04-04,1756,April,4,1756-04-01
1756-04-11,1756,April,11,1756-04-11
1756-04-18,1756,April,18,1756-04-18
1756-04-25,1756,April,25,1756-04-25
1756-05-02,1756,May,2,1756-05-01
1756-05-09,1756,May,9,1756-05-09
1756-05-16,1756,May,16,1756-05-16
1756-05-23,1756,May,23,1756-05-23
1756-05-30,1756,May,30,1756-05-30
1756-06-06,1756,June,6,1756-06-01
1756-06-13,1756,June,13,1756-06-13
1756-06-20,1756,June,20,1756-06-20
1756-06-27,1756,June,27,1756-06-27
1756-07-04,1756,July,4,1756-07-01
1756-07-11,1756,July,11,1756-07-11
1756-07-18,1756,July,18,1756-07-18
1756-07-25,1756,July,25,1756-07-25
1756-08-01,1756,August,1,1756-08-01
1756-08-08,1756,August,8,1756-08-08
1756-08-15,1756,August,15,1756-08-15
1756-08-22,1756,August,22,1756-08-22
1756-08-29,1756,August,29,1756-08-29
1756-09-05,1756,September,5,1756-09-01
1756-09-12,1756,September,12,1756-09-12
1756-09-19,1756,September,19,1756-09-19
1756-09-26,1756,September,26,1756-09-26
1756-10-03,1756,October,3,1756-10-01
1756-10-10,1756,October,10,1756-10-10
1756-10-17,1756,October,17,1756-10-17
1756-10-24,1756,October,24,1756-10-24
1756-10-31,1756,October,31,1756-10-31
1756-11-07,1756,November,7,1756-11-01
1756-11-14,1756,November,14,1756-11-14
1756-11-21,1756,November,21,1756-11-21
1756-11-28,1756,November,28,1756-11-28
1756-12-05,1756,December,5,1756-12-01
1756-12-12,1756,December,12,1756-12-12
1756-12-19,1756,December,19,1756-12-19
1756-12-26,1756,December,26,1756-12-26
1757-01-02,1757,January,2,1757-01-01
1757-01-09,1757,January,9,1757-01-09
1757-01-16,1757,January,16,1757-01-16
1757-01-23,1757,January,23,1757-01-23
1757-01-30,1757,January,30,1757-01-30
1757-02-06,1757,February,6,1757-02-01
1757-02-13,1757,February,13,1757-02-13
1757-02-20,1757,February,20,1757-02-20
1757-02-27,1757,February,27,1757-02-27
1757-03-06,1757,March,6,1757-03-01
1757-03-13,1757,March,13,1757-03-13
1757-03-20,1757,March,20,1757-03-20
1757-03-27,1757,March,27,1757-03-27
1757-04-03,1757,April,3,1757-04-01
1757-04-10,1757,April,10,1757-04-10
1757-04-17,1757,April,17,1757-04-17
1757-04-24,1757,April,24,1757-04-24
1757-05-01,1757,May,1,1757-05-01
1757-05-08,1757,May,8,1757-05-08
1757-05-15,1757,May,15,1757-05-15
1757-05-22,1757,May,22,1757-05-22
1757-05-29,1757,May,29,1757-05-29
1757-06-05,1757,June,5,1757-06-01
1757-06-12,1757,June,12,1757-06-12
1757-06-19,1757,June,19,1757-06-19
1757-06-26,1757,June,26,1757-06-26
1757-07-03,1757,July,3,1757-07-01
1757-07-10,1757,July,10,1757-07-10
1757-07-17,1757,July,17,1757-07-17
1757-07-24,1757,July,24,1757-07-24
1757-07-31,1757,July,31,1757-07-31
1757-08-07,1757,August,7,1757-08-01
1757-08-14,1757,August,14,1757-08-14
1757-08-21,1757,August,21,1757-08-21
1757-08-28,1757,August,28,1757-08-28
1757-09-04,1757,September,4,1757-09-01
1757-09-11,1757,September,11,1757-09-11
1757-09-18,1757,September,18,1757-09-18
1757-09-25,1757,September,25,1757-09-25
1757-10-02,1757,October,2,1757-10-01
1757-10-09,1757,October,9,1757-10-09
1757-10-16,1757,October,16,1757-10-16
1757-10-23,1757,October,23,1757-10-23
1757-10-30,1757,October,30,1757-10-30
1757-11-06,1757,November,6,1757-11-01
1757-11-13,1757,November,13,1757-11-13
1757-11-20,1757,November,20,1757-11-20
1757-11-27,1757,November,27,1757-11-27
1757-12-04,1757,December,4,1757-12-01
1757-12-11,1757,December,11,1757-12-11
1757-12-18,1757,December,18,1757-12-18
1757-12-25,1757,December,25,1757-12-25
1758-01-01,1758,January,1,1758-01-01
1758-01-08,1758,January,8,1758-01-08
1758-01-15,1758,January,15,1758-01-15
1758-01-22,1758,January,22,1758-01-22
1758-01-29,1758,January,29,1758-01-29
1758-02-05,1758,February,5,1758-02-01
1758-02-12,1758,February,12,1758-02-12
1758-02-19,1758,February,19,1758-02-19
1758-02-26,1758,February,26,1758-02-26
1758-03-05,1758,March,5,1758-03-01
1758-03-12,1758,March,12,1758-03-12
1758-03-19,1758,March,19,1758-03-19
1758-03-26,1758,March,26,1758-03-26
1758-04-02,1758,April,2,1758-04-01
1758-04-09,1758,April,9,1758-04-09
1758-04-16,1758,April,16,1758-04-16
1758-04-23,1758,April,23,1758-04-23
1758-04-30,1758,April,30,1758-04-30
1758-05-07,1758,May,7,1758-05-01
1758-05-14,1758,May,14,1758-05-14
1758-05-21,1758,May,21,1758-05-21
1758-05-28,1758,May,28,1758-05-28
1758-06-04,1758,June,4,1758-06-01
1758-06-11,1758,June,11,1758-06-11
1758-06-18,1758,June,18,1758-06-18
1758-06-25,1758,June,25,1758-06-25
1758-07-02,1758,July,2,1758-07-01
1758-07-09,1758,July,9,1758-07-09
1758-07-16,1758,July,16,1758-07-16
1758-07-23,1758,July,23,1758-07-23
1758-07-30,1758,July,30,1758-07-30
1758-08-06,1758,August,6,1758-08-01
1758-08-13,1758,August,13,1758-08-13
1758-08-20,1758,August,20,1758-08-20
1758-08-27,1758,August,27,1758-08-27
1758-09-03,1758,September,3,1758-09-01
1758-09-10,1758,September,10,1758-09-10
1758-09-17,1758,September,17,1758-09-17
1758-09-24,1758,September,24,1758-09-24
1758-10-01,1758,October,1,1758-10-01
1758-10-08,1758,October,8,1758-10-08
1758-10-15,1758,October,15,1758-10-15
1758-10-22,1758,October,22,1758-10-22
1758-10-29,1758,October,29,1758-10-29
1758-11-05,1758,November,5,1758-11-01
1758-11-12,1758,November,12,1758-11-12
1758-11-19,1758,November,19,1758-11-19
1758-11-26,1758,November,26,1758-11-26
1758-12-03,1758,December,3,1758-12-01
1758-12-10,1758,December,10,1758-12-10
1758-12-17,1758,December,17,1758-12-17
1758-12-24,1758,December,24,1758-12-24
1758-12-31,1758,December,31,1758-12-31
1759-01-07,1759,January,7,1759-01-01
1759-01-14,1759,January,14,1759-01-14
1759-01-21,1759,January,21,1759-01-21
1759-01-28,1759,January,28,1759-01-28
1759-02-04,1759,February,4,1759-02-01
1759-02-11,1759,February,11,1759-02-11
1759-02-18,1759,February,18,1759-02-18
1759-02-25,1759,February,25,1759-02-25
1759-03-04,1759,March,4,1759-03-01
1759-03-11,1759,March,11,1759-03-11
1759-03-18,1759,March,18,1759-03-18
1759-03-25,1759,March,25,1759-03-25
1759-04-01,1759,April,1,1759-04-01
1759-04-08,1759,April,8,1759-04-08
1759-04-15,1759,April,15,1759-04-15
1759-04-22,1759,April,22,1759-04-22
1759-04-29,1759,April,29,1759-04-29
1759-05-06,1759,May,6,1759-05-01
1759-05-13,1759,May,13,1759-05-13
1759-05-20,1759,May,20,1759-05-20
1759-05-27,1759,May,27,1759-05-27
1759-06-03,1759,June,3,1759-06-01
1759-06-10,1759,June,10,1759-06-10
1759-06-17,1759,June,17,1759-06-17
1759-06-24,1759,June,24,1759-06-24
1759-07-01,1759,July,1,1759-07-01
1759-07-08,1759,July,8,1759-07-08
1759-07-15,1759,July,15,1759-07-15
1759-07-22,1759,July,22,1759-07-22
1759-07-29,1759,July,29,1759-07-29
1759-08-05,1759,August,5,1759-08-01
1759-08-12,1759,August,12,1759-08-12
1759-08-19,1759,August,19,1759-08-19
1759-08-26,1759,August,26,1759-08-26
1759-09-02,1759,September,2,1759-09-01
1759-09-09,1759,September,9,1759-09-09
1759-09-16,1759,September,16,1759-09-16
1759-09-23,1759,September,23,1759-09-23
1759-09-30,1759,September,30,1759-09-30
1759-10-07,1759,October,7,1759-10-01
1759-10-14,1759,October,14,1759-10-14
1759-10-21,1759,October,21,1759-10-21
1759-10-28,1759,October,28,1759-10-28
1759-11-04,1759,November,4,1759-11-01
1759-11-11,1759,November,11,1759-11-11
1759-11-18,1759,November,18,1759-11-18
1759-11-25,1759,November,25,1759-11-25
1759-12-02,1759,December,2,1759-12-01
1759-12-09,1759,December,9,1759-12-09
1759-12-16,1759,December,16,1759-12-16
1759-12-23,1759,December,23,1759-12-23
1759-12-30,1759,December,30,1759-12-30
1760-01-06,1760,January,6,1760-01-01
1760-01-13,1760,January,13,1760-01-13
1760-01-20,1760,January,20,1760-01-20
1760-01-27,1760,January,27,1760-01-27
1760-02-03,1760,February,3,1760-02-01
1760-02-10,1760,February,10,1760-02-10
1760-02-17,1760,February,17,1760-02-17
1760-02-24,1760,February,24,1760-02-24
1760-03-02,1760,March,2,1760-03-01
1760-03-09,1760,March,9,1760-03-09
1760-03-16,1760,March,16,1760-03-16
1760-03-23,1760,March,23,1760-03-23
1760-03-30,1760,March,30,1760-03-30
1760-04-06,1760,April,6,1760-04-01
1760-04-13,1760,April,13,1760-04-13
1760-04-20,1760,April,20,1760-04-20
1760-04-27,1760,April,27,1760-04-27
1760-05-04,1760,May,4,1760-05-01
1760-05-11,1760,May,11,1760-05-11
1760-05-18,1760,May,18,1760-05-18
1760-05-25,1760,May,25,1760-05-25
1760-06-01,1760,June,1,1760-06-01
1760-06-08,1760,June,8,1760-06-08
1760-06-15,1760,June,15,1760-06-15
1760-06-22,1760,June,22,1760-06-22
1760-06-29,1760,June,29,1760-06-29
1760-07-06,1760,July,6,1760-07-01
1760-07-13,1760,July,13,1760-07-13
1760-07-20,1760,July,20,1760-07-20
1760-07-27,1760,July,27,1760-07-27
1760-08-03,1760,August,3,1760-08-01
1760-08-10,1760,August,10,1760-08-10
1760-08-17,1760,August,17,1760-08-17
1760-08-24,1760,August,24,1760-08-24
1760-08-31,1760,August,31,1760-08-31
1760-09-07,1760,September,7,1760-09-01
1760-09-14,1760,September,14,1760-09-14
1760-09-21,1760,September,21,1760-09-21
1760-09-28,1760,September,28,1760-09-28
1760-10-05,1760,October,5,1760-10-01
1760-10-12,1760,October,12,1760-10-12
1760-10-19,1760,October,19,1760-10-19
1760-10-26,1760,October,26,1760-10-26
1760-11-02,1760,November,2,1760-11-01
1760-11-09,1760,November,9,1760-11-09
1760-11-16,1760,November,16,1760-11-16
1760-11-23,1760,November,23,1760-11-23
1760-11-30,1760,November,30,1760-11-30
1760-12-07,1760,December,7,1760-12-01
1760-12-14,1760,December,14,1760-12-14
1760-12-21,1760,December,21,1760-12-21
1760-12-28,1760,December,28,1760-12-28
1761-01-04,1761,January,4,1761-01-01
1761-01-11,1761,January,11,1761-01-11
1761-01-18,1761,January,18,1761-01-18
1761-01-25,1761,January,25,1761-01-25
1761-02-01,1761,February,1,1761-02-01
1761-02-08,1761,February,8,1761-02-08
1761-02-15,1761,February,15,1761-02-15
1761-02-22,1761,February,22,1761-02-22
1761-03-01,1761,March,1,1761-03-01
1761-03-08,1761,March,8,1761-03-08
1761-03-15,1761,March,15,1761-03-15
1761-03-22,1761,March,22,1761-03-22
1761-03-29,1761,March,29,1761-03-29
1761-04-05,1761,April,5,1761-04-01
1761-04-12,1761,April,12,1761-04-12
1761-04-19,1761,April,19,1761-04-19
1761-04-26,1761,April,26,1761-04-26
1761-05-03,1761,May,3,1761-05-01
1761-05-10,1761,May,10,1761-05-10
1761-05-17,1761,May,17,1761-05-17
1761-05-24,1761,May,24,1761-05-24
1761-05-31,1761,May,31,1761-05-31
1761-06-07,1761,June,7,1761-06-01
1761-06-14,1761,June,14,1761-06-14
1761-06-21,1761,June,21,1761-06-21
1761-06-28,1761,June,28,1761-06-28
1761-07-05,1761,July,5,1761-07-01
1761-07-12,1761,July,12,1761-07-12
1761-07-19,1761,July,19,1761-07-19
1761-07-26,1761,July,26,1761-07-26
1761-08-02,1761,August,2,1761-08-01
1761-08-09,1761,August,9,1761-08-09
1761-08-16,1761,August,16,1761-08-16
1761-08-23,1761,August,23,1761-08-23
1761-08-30,1761,August,30,1761-08-30
1761-09-06,1761,September,6,1761-09-01
1761-09-13,1761,September,13,1761-09-13
1761-09-20,1761,September,20,1761-09-20
1761-09-27,1761,September,27,1761-09-27
1761-10-04,1761,October,4,1761-10-01
1761-10-11,1761,October,11,1761-10-11
1761-10-18,1761,October,18,1761-10-18
1761-10-25,1761,October,25,1761-10-25
1761-11-01,1761,November,1,1761-11-01
1761-11-08,1761,November,8,1761-11-08
1761-11-15,1761,November,15,1761-11-15
1761-11-22,1761,November,22,1761-11-22
1761-11-29,1761,November,29,1761-11-29
1761-12-06,1761,December,6,1761-12-01
1761-12-13,1761,December,13,1761-12-13
1761-12-20,1761,December,20,1761-12-20
1761-12-27,1761,December,27,1761-12-27
1762-01-03,1762,January,3,1762-01-01
1762-01-10,1762,January,10,1762-01-10
1762-01-17,1762,January,17,1762-01-17
1762-01-24,1762,January,24,1762-01-24
1762-01-31,1762,January,31,1762-01-31
1762-02-07,1762,February,7,1762-02-01
1762-02-14,1762,February,14,1762-02-14
1762-02-21,1762,February,21,1762-02-21
1762-02-28,1762,February,28,1762-02-28
1762-03-07,1762,March,7,1762-03-01
1762-03-14,1762,March,14,1762-03-14
1762-03-21,1762,March,21,1762-03-21
1762-03-28,1762,March,28,1762-03-28
1762-04-04,1762,April,4,1762-04-01
1762-04-11,1762,April,11,1762-04-11
1762-04-18,1762,April,18,1762-04-18
1762-04-25,1762,April,25,1762-04-25
1762-05-02,1762,May,2,1762-05-01
1762-05-09,1762,May,9,1762-05-09
1762-05-16,1762,May,16,1762-05-16
1762-05-23,1762,May,23,1762-05-23
1762-05-30,1762,May,30,1762-05-30
1762-06-06,1762,June,6,1762-06-01
1762-06-13,1762,June,13,1762-06-13
1762-06-20,1762,June,20,1762-06-20
1762-06-27,1762,June,27,1762-06-27
1762-07-04,1762,July,4,1762-07-01
1762-07-11,1762,July,11,1762-07-11
1762-07-18,1762,July,18,1762-07-18
1762-07-25,1762,July,25,1762-07-25
1762-08-01,1762,August,1,1762-08-01
1762-08-08,1762,August,8,1762-08-08
1762-08-15,1762,August,15,1762-08-15
1762-08-22,1762,August,22,1762-08-22
1762-08-29,1762,August,29,1762-08-29
1762-09-05,1762,September,5,1762-09-01
1762-09-12,1762,September,12,1762-09-12
1762-09-19,1762,September,19,1762-09-19
1762-09-26,1762,September,26,1762-09-26
1762-10-03,1762,October,3,1762-10-01
1762-10-10,1762,October,10,1762-10-10
1762-10-17,1762,October,17,1762-10-17
1762-10-24,1762,October,24,1762-10-24
1762-10-31,1762,October,31,1762-10-31
1762-11-07,1762,November,7,1762-11-01
1762-11-14,1762,November,14,1762-11-14
1762-11-21,1762,November,21,1762-11-21
1762-11-28,1762,November,28,1762-11-28
1762-12-05,1762,December,5,1762-12-01
1762-12-12,1762,December,12,1762-12-12
1762-12-19,1762,December,19,1762-12-19
1762-12-26,1762,December,26,1762-12-26
1763-01-02,1763,January,2,1763-01-01
1763-01-09,1763,January,9,1763-01-09
1763-01-16,1763,January,16,1763-01-16
1763-01-23,1763,January,23,1763-01-23
1763-01-30,1763,January,30,1763-01-30
1763-02-06,1763,February,6,1763-02-01
1763-02-13,1763,February,13,1763-02-13
1763-02-20,1763,February,20,1763-02-20
1763-02-27,1763,February,27,1763-02-27
1763-03-06,1763,March,6,1763-03-01
1763-03-13,1763,March,13,1763-03-13
1763-03-20,1763,March,20,1763-03-20
1763-03-27,1763,March,27,1763-03-27
1763-04-03,1763,April,3,1763-04-01
1763-04-10,1763,April,10,1763-04-10
1763-04-17,1763,April,17,1763-04-17
1763-04-24,1763,April,24,1763-04-24
1763-05-01,1763,May,1,1763-05-01
1763-05-08,1763,May,8,1763-05-08
1763-05-15,1763,May,15,1763-05-15
1763-05-22,1763,May,22,1763-05-22
1763-05-29,1763,May,29,1763-05-29
1763-06-05,1763,June,5,1763-06-01
1763-06-12,1763,June,12,1763-06-12
1763-06-19,1763,June,19,1763-06-19
1763-06-26,1763,June,26,1763-06-26
1763-07-03,1763,July,3,1763-07-01
1763-07-10,1763,July,10,1763-07-10
1763-07-17,1763,July,17,1763-07-17
1763-07-24,1763,July,24,1763-07-24
1763-07-31,1763,July,31,1763-07-31
1763-08-07,1763,August,7,1763-08-01
1763-08-14,1763,August,14,1763-08-14
1763-08-21,1763,August,21,1763-08-21
1763-08-28,1763,August,28,1763-08-28
1763-09-04,1763,September,4,1763-09-01
1763-09-11,1763,September,11,1763-09-11
1763-09-18,1763,September,18,1763-09-18
1763-09-25,1763,September,25,1763-09-25
1763-10-02,1763,October,2,1763-10-01
1763-10-09,1763,October,9,1763-10-09
1763-10-16,1763,October,16,1763-10-16
1763-10-23,1763,October,23,1763-10-23
1763-10-30,1763,October,30,1763-10-30
1763-11-06,1763,November,6,1763-11-01
1763-11-13,1763,November,13,1763-11-13
1763-11-20,1763,November,20,1763-11-20
1763-11-27,1763,November,27,1763-11-27
1763-12-04,1763,December,4,1763-12-01
1763-12-11,1763,December,11,1763-12-11
1763-12-18,1763,December,18,1763-12-18
1763-12-25,1763,December,25,1763-12-25
1764-01-01,1764,January,1,1764-01-01
1764-01-08,1764,January,8,1764-01-08
1764-01-15,1764,January,15,1764-01-15
1764-01-22,1764,January,22,1764-01-22
1764-01-29,1764,January,29,1764-01-29
1764-02-05,1764,February,5,1764-02-01
1764-02-12,1764,February,12,1764-02-12
1764-02-19,1764,February,19,1764-02-19
1764-02-26,1764,February,26,1764-02-26
1764-03-04,1764,March,4,1764-03-01
1764-03-11,1764,March,11,1764-03-11
1764-03-18,1764,March,18,1764-03-18
1764-03-25,1764,March,25,1764-03-25
1764-04-01,1764,April,1,1764-04-01
1764-04-08,1764,April,8,1764-04-08
1764-04-15,1764,April,15,1764-04-15
1764-04-22,1764,April,22,1764-04-22
1764-04-29,1764,April,29,1764-04-29
1764-05-06,1764,May,6,1764-05-01
1764-05-13,1764,May,13,1764-05-13
1764-05-20,1764,May,20,1764-05-20
1764-05-27,1764,May,27,1764-05-27
1764-06-03,1764,June,3,1764-06-01
1764-06-10,1764,June,10,1764-06-10
1764-06-17,1764,June,17,1764-06-17
1764-06-24,1764,June,24,1764-06-24
1764-07-01,1764,July,1,1764-07-01
1764-07-08,1764,July,8,1764-07-08
1764-07-15,1764,July,15,1764-07-15
1764-07-22,1764,July,22,1764-07-22
1764-07-29,1764,July,29,1764-07-29
1764-08-05,1764,August,5,1764-08-01
1764-08-12,1764,August,12,1764-08-12
1764-08-19,1764,August,19,1764-08-19
1764-08-26,1764,August,26,1764-08-26
1764-09-02,1764,September,2,1764-09-01
1764-09-09,1764,September,9,1764-09-09
1764-09-16,1764,September,16,1764-09-16
1764-09-23,1764,September,23,1764-09-23
1764-09-30,1764,September,30,1764-09-30
1764-10-07,1764,October,7,1764-10-01
1764-10-14,1764,October,14,1764-10-14
1764-10-21,1764,October,21,1764-10-21
1764-10-28,1764,October,28,1764-10-28
1764-11-04,1764,November,4,1764-11-01
1764-11-11,1764,November,11,1764-11-11
1764-11-18,1764,November,18,1764-11-18
1764-11-25,1764,November,25,1764-11-25
1764-12-02,1764,December,2,1764-12-01
1764-12-09,1764,December,9,1764-12-09
1764-12-16,1764,December,16,1764-12-16
1764-12-23,1764,December,23,1764-12-23
1764-12-30,1764,December,30,1764-12-30
1765-01-06,1765,January,6,1765-01-01
1765-01-13,1765,January,13,1765-01-13
1765-01-20,1765,January,20,1765-01-20
1765-01-27,1765,January,27,1765-01-27
1765-02-03,1765,February,3,1765-02-01
1765-02-10,1765,February,10,1765-02-10
1765-02-17,1765,February,17,1765-02-17
1765-02-24,1765,February,24,1765-02-24
1765-03-03,1765,March,3,1765-03-01
1765-03-10,1765,March,10,1765-03-10
1765-03-17,1765,March,17,1765-03-17
1765-03-24,1765,March,24,1765-03-24
1765-03-31,1765,March,31,1765-03-31
1765-04-07,1765,April,7,1765-04-01
1765-04-14,1765,April,14,1765-04-14
1765-04-21,1765,April,21,1765-04-21
1765-04-28,1765,April,28,1765-04-28
1765-05-05,1765,May,5,1765-05-01
1765-05-12,1765,May,12,1765-05-12
1765-05-19,1765,May,19,1765-05-19
1765-05-26,1765,May,26,1765-05-26
1765-06-02,1765,June,2,1765-06-01
1765-06-09,1765,June,9,1765-06-09
1765-06-16,1765,June,16,1765-06-16
1765-06-23,1765,June,23,1765-06-23
1765-06-30,1765,June,30,1765-06-30
1765-07-07,1765,July,7,1765-07-01
1765-07-14,1765,July,14,1765-07-14
1765-07-21,1765,July,21,1765-07-21
1765-07-28,1765,July,28,1765-07-28
1765-08-04,1765,August,4,1765-08-01
1765-08-11,1765,August,11,1765-08-11
1765-08-18,1765,August,18,1765-08-18
1765-08-25,1765,August,25,1765-08-25
1765-09-01,1765,September,1,1765-09-01
1765-09-08,1765,September,8,1765-09-08
1765-09-15,1765,September,15,1765-09-15
1765-09-22,1765,September,22,1765-09-22
1765-09-29,1765,September,29,1765-09-29
1765-10-06,1765,October,6,1765-10-01
1765-10-13,1765,October,13,1765-10-13
1765-10-20,1765,October,20,1765-10-20
1765-10-27,1765,October,27,1765-10-27
1765-11-03,1765,November,3,1765-11-01
1765-11-10,1765,November,10,1765-11-10
1765-11-17,1765,November,17,1765-11-17
1765-11-24,1765,November,24,1765-11-24
1765-12-01,1765,December,1,1765-12-01
1765-12-08,1765,December,8,1765-12-08
1765-12-15,1765,December,15,1765-12-15
1765-12-22,1765,December,22,1765-12-22
1765-12-29,1765,December,29,1765-12-29
1766-01-05,1766,January,5,1766-01-01
1766-01-12,1766,January,12,1766-01-12
1766-01-19,1766,January,19,1766-01-19
1766-01-26,1766,January,26,1766-01-26
1766-02-02,1766,February,2,1766-02-01
1766-02-09,1766,February,9,1766-02-09
1766-02-16,1766,February,16,1766-02-16
1766-02-23,1766,February,23,1766-02-23
1766-03-02,1766,March,2,1766-03-01
1766-03-09,1766,March,9,1766-03-09
1766-03-16,1766,March,16,1766-03-16
1766-03-23,1766,March,23,1766-03-23
1766-03-30,1766,March,30,1766-03-30
1766-04-06,1766,April,6,1766-04-01
1766-04-13,1766,April,13,1766-04-13
1766-04-20,1766,April,20,1766-04-20
1766-04-27,1766,April,27,1766-04-27
1766-05-04,1766,May,4,1766-05-01
1766-05-11,1766,May,11,1766-05-11
1766-05-18,1766,May,18,1766-05-18
1766-05-25,1766,May,25,1766-05-25
1766-06-01,1766,June,1,1766-06-01
1766-06-08,1766,June,8,1766-06-08
1766-06-15,1766,June,15,1766-06-15
1766-06-22,1766,June,22,1766-06-22
1766-06-29,1766,June,29,1766-06-29
1766-07-06,1766,July,6,1766-07-01
1766-07-13,1766,July,13,1766-07-13
1766-07-20,1766,July,20,1766-07-20
1766-07-27,1766,July,27,1766-07-27
1766-08-03,1766,August,3,1766-08-01
1766-08-10,1766,August,10,1766-08-10
1766-08-17,1766,August,17,1766-08-17
1766-08-24,1766,August,24,1766-08-24
1766-08-31,1766,August,31,1766-08-31
1766-09-07,1766,September,7,1766-09-01
1766-09-14,1766,September,14,1766-09-14
1766-09-21,1766,September,21,1766-09-21
1766-09-28,1766,September,28,1766-09-28
1766-10-05,1766,October,5,1766-10-01
1766-10-12,1766,October,12,1766-10-12
1766-10-19,1766,October,19,1766-10-19
1766-10-26,1766,October,26,1766-10-26
1766-11-02,1766,November,2,1766-11-01
1766-11-09,1766,November,9,1766-11-09
1766-11-16,1766,November,16,1766-11-16
1766-11-23,1766,November,23,1766-11-23
1766-11-30,1766,November,30,1766-11-30
1766-12-07,1766,December,7,1766-12-01
1766-12-14,1766,December,14,1766-12-14
1766-12-21,1766,December,21,1766-12-21
1766-12-28,1766,December,28,1766-12-28
1767-01-04,1767,January,4,1767-01-01
1767-01-11,1767,January,11,1767-01-11
1767-01-18,1767,January,18,1767-01-18
1767-01-25,1767,January,25,1767-01-25
1767-02-01,1767,February,1,1767-02-01
1767-02-08,1767,February,8,1767-02-08
1767-02-15,1767,February,15,1767-02-15
1767-02-22,1767,February,22,1767-02-22
1767-03-01,1767,March,1,1767-03-01
1767-03-08,1767,March,8,1767-03-08
1767-03-15,1767,March,15,1767-03-15
1767-03-22,1767,March,22,1767-03-22
1767-03-29,1767,March,29,1767-03-29
1767-04-05,1767,April,5,1767-04-01
1767-04-12,1767,April,12,1767-04-12
1767-04-19,1767,April,19,1767-04-19
1767-04-26,1767,April,26,1767-04-26
1767-05-03,1767,May,3,1767-05-01
1767-05-10,1767,May,10,1767-05-10
1767-05-17,1767,May,17,1767-05-17
1767-05-24,1767,May,24,1767-05-24
1767-05-31,1767,May,31,1767-05-31
1767-06-07,1767,June,7,1767-06-01
1767-06-14,1767,June,14,1767-06-14
1767-06-21,1767,June,21,1767-06-21
1767-06-28,1767,June,28,1767-06-28
1767-07-05,1767,July,5,1767-07-01
1767-07-12,1767,July,12,1767-07-12
1767-07-19,1767,July,19,1767-07-19
1767-07-26,1767,July,26,1767-07-26
1767-08-02,1767,August,2,1767-08-01
1767-08-09,1767,August,9,1767-08-09
1767-08-16,1767,August,16,1767-08-16
1767-08-23,1767,August,23,1767-08-23
1767-08-30,1767,August,30,1767-08-30
1767-09-06,1767,September,6,1767-09-01
1767-09-13,1767,September,13,1767-09-13
1767-09-20,1767,September,20,1767-09-20
1767-09-27,1767,September,27,1767-09-27
1767-10-04,1767,October,4,1767-10-01
1767-10-11,1767,October,11,1767-10-11
1767-10-18,1767,October,18,1767-10-18
1767-10-25,1767,October,25,1767-10-25
1767-11-01,1767,November,1,1767-11-01
1767-11-08,1767,November,8,1767-11-08
1767-11-15,1767,November,15,1767-11-15
1767-11-22,1767,November,22,1767-11-22
1767-11-29,1767,November,29,1767-11-29
1767-12-06,1767,December,6,1767-12-01
1767-12-13,1767,December,13,1767-12-13
1767-12-20,1767,December,20,1767-12-20
1767-12-27,1767,December,27,1767-12-27
1768-01-03,1768,January,3,1768-01-01
1768-01-10,1768,January,10,1768-01-10
1768-01-17,1768,January,17,1768-01-17
1768-01-24,1768,January,24,1768-01-24
1768-01-31,1768,January,31,1768-01-31
1768-02-07,1768,February,7,1768-02-01
1768-02-14,1768,February,14,1768-02-14
1768-02-21,1768,February,21,1768-02-21
1768-02-28,1768,February,28,1768-02-28
1768-03-06,1768,March,6,1768-03-01
1768-03-13,1768,March,13,1768-03-13
1768-03-20,1768,March,20,1768-03-20
1768-03-27,1768,March,27,1768-03-27
1768-04-03,1768,April,3,1768-04-01
1768-04-10,1768,April,10,1768-04-10
1768-04-17,1768,April,17,1768-04-17
1768-04-24,1768,April,24,1768-04-24
1768-05-01,1768,May,1,1768-05-01
1768-05-08,1768,May,8,1768-05-08
1768-05-15,1768,May,15,1768-05-15
1768-05-22,1768,May,22,1768-05-22
1768-05-29,1768,May,29,1768-05-29
1768-06-05,1768,June,5,1768-06-01
1768-06-12,1768,June,12,1768-06-12
1768-06-19,1768,June,19,1768-06-19
1768-06-26,1768,June,26,1768-06-26
1768-07-03,1768,July,3,1768-07-01
1768-07-10,1768,July,10,1768-07-10
1768-07-17,1768,July,17,1768-07-17
1768-07-24,1768,July,24,1768-07-24
1768-07-31,1768,July,31,1768-07-31
1768-08-07,1768,August,7,1768-08-01
1768-08-14,1768,August,14,1768-08-14
1768-08-21,1768,August,21,1768-08-21
1768-08-28,1768,August,28,1768-08-28
1768-09-04,1768,September,4,1768-09-01
1768-09-11,1768,September,11,1768-09-11
1768-09-18,1768,September,18,1768-09-18
1768-09-25,1768,September,25,1768-09-25
1768-10-02,1768,October,2,1768-10-01
1768-10-09,1768,October,9,1768-10-09
1768-10-16,1768,October,16,1768-10-16
1768-10-23,1768,October,23,1768-10-23
1768-10-30,1768,October,30,1768-10-30
1768-11-06,1768,November,6,1768-11-01
1768-11-13,1768,November,13,1768-11-13
1768-11-20,1768,November,20,1768-11-20
1768-11-27,1768,November,27,1768-11-27
1768-12-04,1768,December,4,1768-12-01
1768-12-11,1768,December,11,1768-12-11
1768-12-18,1768,December,18,1768-12-18
1768-12-25,1768,December,25,1768-12-25
1769-01-01,1769,January,1,1769-01-01
1769-01-08,1769,January,8,1769-01-08
1769-01-15,1769,January,15,1769-01-15
1769-01-22,1769,January,22,1769-01-22
1769-01-29,1769,January,29,1769-01-29
1769-02-05,1769,February,5,1769-02-01
1769-02-12,1769,February,12,1769-02-12
1769-02-19,1769,February,19,1769-02-19
1769-02-26,1769,February,26,1769-02-26
1769-03-05,1769,March,5,1769-03-01
1769-03-12,1769,March,12,1769-03-12
1769-03-19,1769,March,19,1769-03-19
1769-03-26,1769,March,26,1769-03-26
1769-04-02,1769,April,2,1769-04-01
1769-04-09,1769,April,9,1769-04-09
1769-04-16,1769,April,16,1769-04-16
1769-04-23,1769,April,23,1769-04-23
1769-04-30,1769,April,30,1769-04-30
1769-05-07,1769,May,7,1769-05-01
1769-05-14,1769,May,14,1769-05-14
1769-05-21,1769,May,21,1769-05-21
1769-05-28,1769,May,28,1769-05-28
1769-06-04,1769,June,4,1769-06-01
1769-06-11,1769,June,11,1769-06-11
1769-06-18,1769,June,18,1769-06-18
1769-06-25,1769,June,25,1769-06-25
1769-07-02,1769,July,2,1769-07-01
1769-07-09,1769,July,9,1769-07-09
1769-07-16,1769,July,16,1769-07-16
1769-07-23,1769,July,23,1769-07-23
1769-07-30,1769,July,30,1769-07-30
1769-08-06,1769,August,6,1769-08-01
1769-08-13,1769,August,13,1769-08-13
1769-08-20,1769,August,20,1769-08-20
1769-08-27,1769,August,27,1769-08-27
1769-09-03,1769,September,3,1769-09-01
1769-09-10,1769,September,10,1769-09-10
1769-09-17,1769,September,17,1769-09-17
1769-09-24,1769,September,24,1769-09-24
1769-10-01,1769,October,1,1769-10-01
1769-10-08,1769,October,8,1769-10-08
1769-10-15,1769,October,15,1769-10-15
1769-10-22,1769,October,22,1769-10-22
1769-10-29,1769,October,29,1769-10-29
1769-11-05,1769,November,5,1769-11-01
1769-11-12,1769,November,12,1769-11-12
1769-11-19,1769,November,19,1769-11-19
1769-11-26,1769,November,26,1769-11-26
1769-12-03,1769,December,3,1769-12-01
1769-12-10,1769,December,10,1769-12-10
1769-12-17,1769,December,17,1769-12-17
1769-12-24,1769,December,24,1769-12-24
1769-12-31,1769,December,31,1769-12-31
1770-01-07,1770,January,7,1770-01-01
1770-01-14,1770,January,14,1770-01-14
1770-01-21,1770,January,21,1770-01-21
1770-01-28,1770,January,28,1770-01-28
1770-02-04,1770,February,4,1770-02-01
1770-02-11,1770,February,11,1770-02-11
1770-02-18,1770,February,18,1770-02-18
1770-02-25,1770,February,25,1770-02-25
1770-03-04,1770,March,4,1770-03-01
1770-03-11,1770,March,11,1770-03-11
1770-03-18,1770,March,18,1770-03-18
1770-03-25,1770,March,25,1770-03-25
1770-04-01,1770,April,1,1770-04-01
1770-04-08,1770,April,8,1770-04-08
1770-04-15,1770,April,15,1770-04-15
1770-04-22,1770,April,22,1770-04-22
1770-04-29,1770,April,29,1770-04-29
1770-05-06,1770,May,6,1770-05-01
1770-05-13,1770,May,13,1770-05-13
1770-05-20,1770,May,20,1770-05-20
1770-05-27,1770,May,27,1770-05-27
1770-06-03,1770,June,3,1770-06-01
1770-06-10,1770,June,10,1770-06-10
1770-06-17,1770,June,17,1770-06-17
1770-06-24,1770,June,24,1770-06-24
1770-07-01,1770,July,1,1770-07-01
1770-07-08,1770,July,8,1770-07-08
1770-07-15,1770,July,15,1770-07-15
1770-07-22,1770,July,22,1770-07-22
1770-07-29,1770,July,29,1770-07-29
1770-08-05,1770,August,5,1770-08-01
1770-08-12,1770,August,12,1770-08-12
1770-08-19,1770,August,19,1770-08-19
1770-08-26,1770,August,26,1770-08-26
1770-09-02,1770,September,2,1770-09-01
1770-09-09,1770,September,9,1770-09-09
1770-09-16,1770,September,16,1770-09-16
1770-09-23,1770,September,23,1770-09-23
1770-09-30,1770,September,30,1770-09-30
1770-10-07,1770,October,7,1770-10-01
1770-10-14,1770,October,14,1770-10-14
1770-10-21,1770,October,21,1770-10-21
1770-10-28,1770,October,28,1770-10-28
1770-11-04,1770,November,4,1770-11-01
1770-11-11,1770,November,11,1770-11-11
1770-11-18,1770,November,18,1770-11-18
1770-11-25,1770,November,25,1770-11-25
1770-12-02,1770,December,2,1770-12-01
1770-12-09,1770,December,9,1770-12-09
1770-12-16,1770,December,16,1770-12-16
1770-12-23,1770,December,23,1770-12-23
1770-12-30,1770,December,30,1770-12-30
1771-01-06,1771,January,6,1771-01-01
1771-01-13,1771,January,13,1771-01-13
1771-01-20,1771,January,20,1771-01-20
1771-01-27,1771,January,27,1771-01-27
1771-02-03,1771,February,3,1771-02-01
1771-02-10,1771,February,10,1771-02-10
1771-02-17,1771,February,17,1771-02-17
1771-02-24,1771,February,24,1771-02-24
1771-03-03,1771,March,3,1771-03-01
1771-03-10,1771,March,10,1771-03-10
1771-03-17,1771,March,17,1771-03-17
1771-03-24,1771,March,24,1771-03-24
1771-03-31,1771,March,31,1771-03-31
1771-04-07,1771,April,7,1771-04-01
1771-04-14,1771,April,14,1771-04-14
1771-04-21,1771,April,21,1771-04-21
1771-04-28,1771,April,28,1771-04-28
1771-05-05,1771,May,5,1771-05-01
1771-05-12,1771,May,12,1771-05-12
1771-05-19,1771,May,19,1771-05-19
1771-05-26,1771,May,26,1771-05-26
1771-06-02,1771,June,2,1771-06-01
1771-06-09,1771,June,9,1771-06-09
1771-06-16,1771,June,16,1771-06-16
1771-06-23,1771,June,23,1771-06-23
1771-06-30,1771,June,30,1771-06-30
1771-07-07,1771,July,7,1771-07-01
1771-07-14,1771,July,14,1771-07-14
1771-07-21,1771,July,21,1771-07-21
1771-07-28,1771,July,28,1771-07-28
1771-08-04,1771,August,4,1771-08-01
1771-08-11,1771,August,11,1771-08-11
1771-08-18,1771,August,18,1771-08-18
1771-08-25,1771,August,25,1771-08-25
1771-09-01,1771,September,1,1771-09-01
1771-09-08,1771,September,8,1771-09-08
1771-09-15,1771,September,15,1771-09-15
1771-09-22,1771,September,22,1771-09-22
1771-09-29,1771,September,29,1771-09-29
1771-10-06,1771,October,6,1771-10-01
1771-10-13,1771,October,13,1771-10-13
1771-10-20,1771,October,20,1771-10-20
1771-10-27,1771,October,27,1771-10-27
1771-11-03,1771,November,3,1771-11-01
1771-11-10,1771,November,10,1771-11-10
1771-11-17,1771,November,17,1771-11-17
1771-11-24,1771,November,24,1771-11-24
1771-12-01,1771,December,1,1771-12-01
1771-12-08,1771,December,8,1771-12-08
1771-12-15,1771,December,15,1771-12-15
1771-12-22,1771,December,22,1771-12-22
1771-12-29,1771,December,29,1771-12-29
1772-01-05,1772,January,5,1772-01-01
1772-01-12,1772,January,12,1772-01-12
1772-01-19,1772,January,19,1772-01-19
1772-01-26,1772,January,26,1772-01-26
1772-02-02,1772,February,2,1772-02-01
1772-02-09,1772,February,9,1772-02-09
1772-02-16,1772,February,16,1772-02-16
1772-02-23,1772,February,23,1772-02-23
1772-03-01,1772,March,1,1772-03-01
1772-03-08,1772,March,8,1772-03-08
1772-03-15,1772,March,15,1772-03-15
1772-03-22,1772,March,22,1772-03-22
1772-03-29,1772,March,29,1772-03-29
1772-04-05,1772,April,5,1772-04-01
1772-04-12,1772,April,12,1772-04-12
1772-04-19,1772,April,19,1772-04-19
1772-04-26,1772,April,26,1772-04-26
1772-05-03,1772,May,3,1772-05-01
1772-05-10,1772,May,10,1772-05-10
1772-05-17,1772,May,17,1772-05-17
1772-05-24,1772,May,24,1772-05-24
1772-05-31,1772,May,31,1772-05-31
1772-06-07,1772,June,7,1772-06-01
1772-06-14,1772,June,14,1772-06-14
1772-06-21,1772,June,21,1772-06-21
1772-06-28,1772,June,28,1772-06-28
1772-07-05,1772,July,5,1772-07-01
1772-07-12,1772,July,12,1772-07-12
1772-07-19,1772,July,19,1772-07-19
1772-07-26,1772,July,26,1772-07-26
1772-08-02,1772,August,2,1772-08-01
1772-08-09,1772,August,9,1772-08-09
1772-08-16,1772,August,16,1772-08-16
1772-08-23,1772,August,23,1772-08-23
1772-08-30,1772,August,30,1772-08-30
1772-09-06,1772,September,6,1772-09-01
1772-09-13,1772,September,13,1772-09-13
1772-09-20,1772,September,20,1772-09-20
1772-09-27,1772,September,27,1772-09-27
1772-10-04,1772,October,4,1772-10-01
1772-10-11,1772,October,11,1772-10-11
1772-10-18,1772,October,18,1772-10-18
1772-10-25,1772,October,25,1772-10-25
1772-11-01,1772,November,1,1772-11-01
1772-11-08,1772,November,8,1772-11-08
1772-11-15,1772,November,15,1772-11-15
1772-11-22,1772,November,22,1772-11-22
1772-11-29,1772,November,29,1772-11-29
1772-12-06,1772,December,6,1772-12-01
1772-12-13,1772,December,13,1772-12-13
1772-12-20,1772,December,20,1772-12-20
1772-12-27,1772,December,27,1772-12-27
1773-01-03,1773,January,3,1773-01-01
1773-01-10,1773,January,10,1773-01-10
1773-01-17,1773,January,17,1773-01-17
1773-01-24,1773,January,24,1773-01-24
1773-01-31,1773,January,31,1773-01-31
1773-02-07,1773,February,7,1773-02-01
1773-02-14,1773,February,14,1773-02-14
1773-02-21,1773,February,21,1773-02-21
1773-02-28,1773,February,28,1773-02-28
1773-03-07,1773,March,7,1773-03-01
1773-03-14,1773,March,14,1773-03-14
1773-03-21,1773,March,21,1773-03-21
1773-03-28,1773,March,28,1773-03-28
1773-04-04,1773,April,4,1773-04-01
1773-04-11,1773,April,11,1773-04-11
1773-04-18,1773,April,18,1773-04-18
1773-04-25,1773,April,25,1773-04-25
1773-05-02,1773,May,2,1773-05-01
1773-05-09,1773,May,9,1773-05-09
1773-05-16,1773,May,16,1773-05-16
1773-05-23,1773,May,23,1773-05-23
1773-05-30,1773,May,30,1773-05-30
1773-06-06,1773,June,6,1773-06-01
1773-06-13,1773,June,13,1773-06-13
1773-06-20,1773,June,20,1773-06-20
1773-06-27,1773,June,27,1773-06-27
1773-07-04,1773,July,4,1773-07-01
1773-07-11,1773,July,11,1773-07-11
1773-07-18,1773,July,18,1773-07-18
1773-07-25,1773,July,25,1773-07-25
1773-08-01,1773,August,1,1773-08-01
1773-08-08,1773,August,8,1773-08-08
1773-08-15,1773,August,15,1773-08-15
1773-08-22,1773,August,22,1773-08-22
1773-08-29,1773,August,29,1773-08-29
1773-09-05,1773,September,5,1773-09-01
1773-09-12,1773,September,12,1773-09-12
1773-09-19,1773,September,19,1773-09-19
1773-09-26,1773,September,26,1773-09-26
1773-10-03,1773,October,3,1773-10-01
1773-10-10,1773,October,10,1773-10-10
1773-10-17,1773,October,17,1773-10-17
1773-10-24,1773,October,24,1773-10-24
1773-10-31,1773,October,31,1773-10-31
1773-11-07,1773,November,7,1773-11-01
1773-11-14,1773,November,14,1773-11-14
1773-11-21,1773,November,21,1773-11-21
1773-11-28,1773,November,28,1773-11-28
1773-12-05,1773,December,5,1773-12-01
1773-12-12,1773,December,12,1773-12-12
1773-12-19,1773,December,19,1773-12-19
1773-12-26,1773,December,26,1773-12-26
1774-01-02,1774,January,2,1774-01-01
1774-01-09,1774,January,9,1774-01-09
1774-01-16,1774,January,16,1774-01-16
1774-01-23,1774,January,23,1774-01-23
1774-01-30,1774,January,30,1774-01-30
1774-02-06,1774,February,6,1774-02-01
1774-02-13,1774,February,13,1774-02-13
1774-02-20,1774,February,20,1774-02-20
1774-02-27,1774,February,27,1774-02-27
1774-03-06,1774,March,6,1774-03-01
1774-03-13,1774,March,13,1774-03-13
1774-03-20,1774,March,20,1774-03-20
1774-03-27,1774,March,27,1774-03-27
1774-04-03,1774,April,3,1774-04-01
1774-04-10,1774,April,10,1774-04-10
1774-04-17,1774,April,17,1774-04-17
1774-04-24,1774,April,24,1774-04-24
1774-05-01,1774,May,1,1774-05-01
1774-05-08,1774,May,8,1774-05-08
1774-05-15,1774,May,15,1774-05-15
1774-05-22,1774,May,22,1774-05-22
1774-05-29,1774,May,29,1774-05-29
1774-06-05,1774,June,5,1774-06-01
1774-06-12,1774,June,12,1774-06-12
1774-06-19,1774,June,19,1774-06-19
1774-06-26,1774,June,26,1774-06-26
1774-07-03,1774,July,3,1774-07-01
1774-07-10,1774,July,10,1774-07-10
1774-07-17,1774,July,17,1774-07-17
1774-07-24,1774,July,24,1774-07-24
1774-07-31,1774,July,31,1774-07-31
1774-08-07,1774,August,7,1774-08-01
1774-08-14,1774,August,14,1774-08-14
1774-08-21,1774,August,21,1774-08-21
1774-08-28,1774,August,28,1774-08-28
1774-09-04,1774,September,4,1774-09-01
1774-09-11,1774,September,11,1774-09-11
1774-09-18,1774,September,18,1774-09-18
1774-09-25,1774,September,25,1774-09-25
1774-10-02,1774,October,2,1774-10-01
1774-10-09,1774,October,9,1774-10-09
1774-10-16,1774,October,16,1774-10-16
1774-10-23,1774,October,23,1774-10-23
1774-10-30,1774,October,30,1774-10-30
1774-11-06,1774,November,6,1774-11-01
1774-11-13,1774,November,13,1774-11-13
1774-11-20,1774,November,20,1774-11-20
1774-11-27,1774,November,27,1774-11-27
1774-12-04,1774,December,4,1774-12-01
1774-12-11,1774,December,11,1774-12-11
1774-12-18,1774,December,18,1774-12-18
1774-12-25,1774,December,25,1774-12-25
1775-01-01,1775,January,1,1775-01-01
1775-01-08,1775,January,8,1775-01-08
1775-01-15,1775,January,15,1775-01-15
1775-01-22,1775,January,22,1775-01-22
1775-01-29,1775,January,29,1775-01-29
1775-02-05,1775,February,5,1775-02-01
1775-02-12,1775,February,12,1775-02-12
1775-02-19,1775,February,19,1775-02-19
1775-02-26,1775,February,26,1775-02-26
1775-03-05,1775,March,5,1775-03-01
1775-03-12,1775,March,12,1775-03-12
1775-03-19,1775,March,19,1775-03-19
1775-03-26,1775,March,26,1775-03-26
1775-04-02,1775,April,2,1775-04-01
1775-04-09,1775,April,9,1775-04-09
1775-04-16,1775,April,16,1775-04-16
1775-04-23,1775,April,23,1775-04-23
1775-04-30,1775,April,30,1775-04-30
1775-05-07,1775,May,7,1775-05-01
1775-05-14,1775,May,14,1775-05-14
1775-05-21,1775,May,21,1775-05-21
1775-05-28,1775,May,28,1775-05-28
1775-06-04,1775,June,4,1775-06-01
1775-06-11,1775,June,11,1775-06-11
1775-06-18,1775,June,18,1775-06-18
1775-06-25,1775,June,25,1775-06-25
1775-07-02,1775,July,2,1775-07-01
1775-07-09,1775,July,9,1775-07-09
1775-07-16,1775,July,16,1775-07-16
1775-07-23,1775,July,23,1775-07-23
1775-07-30,1775,July,30,1775-07-30
1775-08-06,1775,August,6,1775-08-01
1775-08-13,1775,August,13,1775-08-13
1775-08-20,1775,August,20,1775-08-20
1775-08-27,1775,August,27,1775-08-27
1775-09-03,1775,September,3,1775-09-01
1775-09-10,1775,September,10,1775-09-10
1775-09-17,1775,September,17,1775-09-17
1775-09-24,1775,September,24,1775-09-24
1775-10-01,1775,October,1,1775-10-01
1775-10-08,1775,October,8,1775-10-08
1775-10-15,1775,October,15,1775-10-15
1775-10-22,1775,October,22,1775-10-22
1775-10-29,1775,October,29,1775-10-29
1775-11-05,1775,November,5,1775-11-01
1775-11-12,1775,November,12,1775-11-12
1775-11-19,1775,November,19,1775-11-19
1775-11-26,1775,November,26,1775-11-26
1775-12-03,1775,December,3,1775-12-01
1775-12-10,1775,December,10,1775-12-10
1775-12-17,1775,December,17,1775-12-17
1775-12-24,1775,December,24,1775-12-24
1775-12-31,1775,December,31,1775-12-31
1776-01-07,1776,January,7,1776-01-01
1776-01-14,1776,January,14,1776-01-14
1776-01-21,1776,January,21,1776-01-21
1776-01-28,1776,January,28,1776-01-28
1776-02-04,1776,February,4,1776-02-01
1776-02-11,1776,February,11,1776-02-11
1776-02-18,1776,February,18,1776-02-18
1776-02-25,1776,February,25,1776-02-25
1776-03-03,1776,March,3,1776-03-01
1776-03-10,1776,March,10,1776-03-10
1776-03-17,1776,March,17,1776-03-17
1776-03-24,1776,March,24,1776-03-24
1776-03-31,1776,March,31,1776-03-31
1776-04-07,1776,April,7,1776-04-01
1776-04-14,1776,April,14,1776-04-14
1776-04-21,1776,April,21,1776-04-21
1776-04-28,1776,April,28,1776-04-28
1776-05-05,1776,May,5,1776-05-01
1776-05-12,1776,May,12,1776-05-12
1776-05-19,1776,May,19,1776-05-19
1776-05-26,1776,May,26,1776-05-26
1776-06-02,1776,June,2,1776-06-01
1776-06-09,1776,June,9,1776-06-09
1776-06-16,1776,June,16,1776-06-16
1776-06-23,1776,June,23,1776-06-23
1776-06-30,1776,June,30,1776-06-30
1776-07-07,1776,July,7,1776-07-01
1776-07-14,1776,July,14,1776-07-14
1776-07-21,1776,July,21,1776-07-21
1776-07-28,1776,July,28,1776-07-28
1776-08-04,1776,August,4,1776-08-01
1776-08-11,1776,August,11,1776-08-11
1776-08-18,1776,August,18,1776-08-18
1776-08-25,1776,August,25,1776-08-25
1776-09-01,1776,September,1,1776-09-01
1776-09-08,1776,September,8,1776-09-08
1776-09-15,1776,September,15,1776-09-15
1776-09-22,1776,September,22,1776-09-22
1776-09-29,1776,September,29,1776-09-29
1776-10-06,1776,October,6,1776-10-01
1776-10-13,1776,October,13,1776-10-13
1776-10-20,1776,October,20,1776-10-20
1776-10-27,1776,October,27,1776-10-27
1776-11-03,1776,November,3,1776-11-01
1776-11-10,1776,November,10,1776-11-10
1776-11-17,1776,November,17,1776-11-17
1776-11-24,1776,November,24,1776-11-24
1776-12-01,1776,December,1,1776-12-01
1776-12-08,1776,December,8,1776-12-08
1776-12-15,1776,December,15,1776-12-15
1776-12-22,1776,December,22,1776-12-22
1776-12-29,1776,December,29,1776-12-29
1777-01-05,1777,January,5,1777-01-01
1777-01-12,1777,January,12,1777-01-12
1777-01-19,1777,January,19,1777-01-19
1777-01-26,1777,January,26,1777-01-26
1777-02-02,1777,February,2,1777-02-01
1777-02-09,1777,February,9,1777-02-09
1777-02-16,1777,February,16,1777-02-16
1777-02-23,1777,February,23,1777-02-23
1777-03-02,1777,March,2,1777-03-01
1777-03-09,1777,March,9,1777-03-09
1777-03-16,1777,March,16,1777-03-16
1777-03-23,1777,March,23,1777-03-23
1777-03-30,1777,March,30,1777-03-30
1777-04-06,1777,April,6,1777-04-01
1777-04-13,1777,April,13,1777-04-13
1777-04-20,1777,April,20,1777-04-20
1777-04-27,1777,April,27,1777-04-27
1777-05-04,1777,May,4,1777-05-01
1777-05-11,1777,May,11,1777-05-11
1777-05-18,1777,May,18,1777-05-18
1777-05-25,1777,May,25,1777-05-25
1777-06-01,1777,June,1,1777-06-01
1777-06-08,1777,June,8,1777-06-08
1777-06-15,1777,June,15,1777-06-15
1777-06-22,1777,June,22,1777-06-22
1777-06-29,1777,June,29,1777-06-29
1777-07-06,1777,July,6,1777-07-01
1777-07-13,1777,July,13,1777-07-13
1777-07-20,1777,July,20,1777-07-20
1777-07-27,1777,July,27,1777-07-27
1777-08-03,1777,August,3,1777-08-01
1777-08-10,1777,August,10,1777-08-10
1777-08-17,1777,August,17,1777-08-17
1777-08-24,1777,August,24,1777-08-24
1777-08-31,1777,August,31,1777-08-31
1777-09-07,1777,September,7,1777-09-01
1777-09-14,1777,September,14,1777-09-14
1777-09-21,1777,September,21,1777-09-21
1777-09-28,1777,September,28,1777-09-28
1777-10-05,1777,October,5,1777-10-01
1777-10-12,1777,October,12,1777-10-12
1777-10-19,1777,October,19,1777-10-19
1777-10-26,1777,October,26,1777-10-26
1777-11-02,1777,November,2,1777-11-01
1777-11-09,1777,November,9,1777-11-09
1777-11-16,1777,November,16,1777-11-16
1777-11-23,1777,November,23,1777-11-23
1777-11-30,1777,November,30,1777-11-30
1777-12-07,1777,December,7,1777-12-01
1777-12-14,1777,December,14,1777-12-14
1777-12-21,1777,December,21,1777-12-21
1777-12-28,1777,December,28,1777-12-28
1778-01-04,1778,January,4,1778-01-01
1778-01-11,1778,January,11,1778-01-11
1778-01-18,1778,January,18,1778-01-18
1778-01-25,1778,January,25,1778-01-25
1778-02-01,1778,February,1,1778-02-01
1778-02-08,1778,February,8,1778-02-08
1778-02-15,1778,February,15,1778-02-15
1778-02-22,1778,February,22,1778-02-22
1778-03-01,1778,March,1,1778-03-01
1778-03-08,1778,March,8,1778-03-08
1778-03-15,1778,March,15,1778-03-15
1778-03-22,1778,March,22,1778-03-22
1778-03-29,1778,March,29,1778-03-29
1778-04-05,1778,April,5,1778-04-01
1778-04-12,1778,April,12,1778-04-12
1778-04-19,1778,April,19,1778-04-19
1778-04-26,1778,April,26,1778-04-26
1778-05-03,1778,May,3,1778-05-01
1778-05-10,1778,May,10,1778-05-10
1778-05-17,1778,May,17,1778-05-17
1778-05-24,1778,May,24,1778-05-24
1778-05-31,1778,May,31,1778-05-31
1778-06-07,1778,June,7,1778-06-01
1778-06-14,1778,June,14,1778-06-14
1778-06-21,1778,June,21,1778-06-21
1778-06-28,1778,June,28,1778-06-28
1778-07-05,1778,July,5,1778-07-01
1778-07-12,1778,July,12,1778-07-12
1778-07-19,1778,July,19,1778-07-19
1778-07-26,1778,July,26,1778-07-26
1778-08-02,1778,August,2,1778-08-01
1778-08-09,1778,August,9,1778-08-09
1778-08-16,1778,August,16,1778-08-16
1778-08-23,1778,August,23,1778-08-23
1778-08-30,1778,August,30,1778-08-30
1778-09-06,1778,September,6,1778-09-01
1778-09-13,1778,September,13,1778-09-13
1778-09-20,1778,September,20,1778-09-20
1778-09-27,1778,September,27,1778-09-27
1778-10-04,1778,October,4,1778-10-01
1778-10-11,1778,October,11,1778-10-11
1778-10-18,1778,October,18,1778-10-18
1778-10-25,1778,October,25,1778-10-25
1778-11-01,1778,November,1,1778-11-01
1778-11-08,1778,November,8,1778-11-08
1778-11-15,1778,November,15,1778-11-15
1778-11-22,1778,November,22,1778-11-22
1778-11-29,1778,November,29,1778-11-29
1778-12-06,1778,December,6,1778-12-01
1778-12-13,1778,December,13,1778-12-13
1778-12-20,1778,December,20,1778-12-20
1778-12-27,1778,December,27,1778-12-27
1779-01-03,1779,January,3,1779-01-01
1779-01-10,1779,January,10,1779-01-10
1779-01-17,1779,January,17,1779-01-17
1779-01-24,1779,January,24,1779-01-24
1779-01-31,1779,January,31,1779-01-31
1779-02-07,1779,February,7,1779-02-01
1779-02-14,1779,February,14,1779-02-14
1779-02-21,1779,February,21,1779-02-21
1779-02-28,1779,February,28,1779-02-28
1779-03-07,1779,March,7,1779-03-01
1779-03-14,1779,March,14,1779-03-14
1779-03-21,1779,March,21,1779-03-21
1779-03-28,1779,March,28,1779-03-28
1779-04-04,1779,April,4,1779-04-01
1779-04-11,1779,April,11,1779-04-11
1779-04-18,1779,April,18,1779-04-18
1779-04-25,1779,April,25,1779-04-25
1779-05-02,1779,May,2,1779-05-01
1779-05-09,1779,May,9,1779-05-09
1779-05-16,1779,May,16,1779-05-16
1779-05-23,1779,May,23,1779-05-23
1779-05-30,1779,May,30,1779-05-30
1779-06-06,1779,June,6,1779-06-01
1779-06-13,1779,June,13,1779-06-13
1779-06-20,1779,June,20,1779-06-20
1779-06-27,1779,June,27,1779-06-27
1779-07-04,1779,July,4,1779-07-01
1779-07-11,1779,July,11,1779-07-11
1779-07-18,1779,July,18,1779-07-18
1779-07-25,1779,July,25,1779-07-25
1779-08-01,1779,August,1,1779-08-01
1779-08-08,1779,August,8,1779-08-08
1779-08-15,1779,August,15,1779-08-15
1779-08-22,1779,August,22,1779-08-22
1779-08-29,1779,August,29,1779-08-29
1779-09-05,1779,September,5,1779-09-01
1779-09-12,1779,September,12,1779-09-12
1779-09-19,1779,September,19,1779-09-19
1779-09-26,1779,September,26,1779-09-26
1779-10-03,1779,October,3,1779-10-01
1779-10-10,1779,October,10,1779-10-10
1779-10-17,1779,October,17,1779-10-17
1779-10-24,1779,October,24,1779-10-24
1779-10-31,1779,October,31,1779-10-31
1779-11-07,1779,November,7,1779-11-01
1779-11-14,1779,November,14,1779-11-14
1779-11-21,1779,November,21,1779-11-21
1779-11-28,1779,November,28,1779-11-28
1779-12-05,1779,December,5,1779-12-01
1779-12-12,1779,December,12,1779-12-12
1779-12-19,1779,December,19,1779-12-19
1779-12-26,1779,December,26,1779-12-26
1780-01-02,1780,January,2,1780-01-01
1780-01-09,1780,January,9,1780-01-09
1780-01-16,1780,January,16,1780-01-16
1780-01-23,1780,January,23,1780-01-23
1780-01-30,1780,January,30,1780-01-30
1780-02-06,1780,February,6,1780-02-01
1780-02-13,1780,February,13,1780-02-13
1780-02-20,1780,February,20,1780-02-20
1780-02-27,1780,February,27,1780-02-27
1780-03-05,1780,March,5,1780-03-01
1780-03-12,1780,March,12,1780-03-12
1780-03-19,1780,March,19,1780-03-19
1780-03-26,1780,March,26,1780-03-26
1780-04-02,1780,April,2,1780-04-01
1780-04-09,1780,April,9,1780-04-09
1780-04-16,1780,April,16,1780-04-16
1780-04-23,1780,April,23,1780-04-23
1780-04-30,1780,April,30,1780-04-30
1780-05-07,1780,May,7,1780-05-01
1780-05-14,1780,May,14,1780-05-14
1780-05-21,1780,May,21,1780-05-21
1780-05-28,1780,May,28,1780-05-28
1780-06-04,1780,June,4,1780-06-01
1780-06-11,1780,June,11,1780-06-11
1780-06-18,1780,June,18,1780-06-18
1780-06-25,1780,June,25,1780-06-25
1780-07-02,1780,July,2,1780-07-01
1780-07-09,1780,July,9,1780-07-09
1780-07-16,1780,July,16,1780-07-16
1780-07-23,1780,July,23,1780-07-23
1780-07-30,1780,July,30,1780-07-30
1780-08-06,1780,August,6,1780-08-01
1780-08-13,1780,August,13,1780-08-13
1780-08-20,1780,August,20,1780-08-20
1780-08-27,1780,August,27,1780-08-27
1780-09-03,1780,September,3,1780-09-01
1780-09-10,1780,September,10,1780-09-10
1780-09-17,1780,September,17,1780-09-17
1780-09-24,1780,September,24,1780-09-24
1780-10-01,1780,October,1,1780-10-01
1780-10-08,1780,October,8,1780-10-08
1780-10-15,1780,October,15,1780-10-15
1780-10-22,1780,October,22,1780-10-22
1780-10-29,1780,October,29,1780-10-29
1780-11-05,1780,November,5,1780-11-01
1780-11-12,1780,November,12,1780-11-12
1780-11-19,1780,November,19,1780-11-19
1780-11-26,1780,November,26,1780-11-26
1780-12-03,1780,December,3,1780-12-01
1780-12-10,1780,December,10,1780-12-10
1780-12-17,1780,December,17,1780-12-17
1780-12-24,1780,December,24,1780-12-24
1780-12-31,1780,December,31,1780-12-31
1781-01-07,1781,January,7,1781-01-01
1781-01-14,1781,January,14,1781-01-14
1781-01-21,1781,January,21,1781-01-21
1781-01-28,1781,January,28,1781-01-28
1781-02-04,1781,February,4,1781-02-01
1781-02-11,1781,February,11,1781-02-11
1781-02-18,1781,February,18,1781-02-18
1781-02-25,1781,February,25,1781-02-25
1781-03-04,1781,March,4,1781-03-01
1781-03-11,1781,March,11,1781-03-11
1781-03-18,1781,March,18,1781-03-18
1781-03-25,1781,March,25,1781-03-25
1781-04-01,1781,April,1,1781-04-01
1781-04-08,1781,April,8,1781-04-08
1781-04-15,1781,April,15,1781-04-15
1781-04-22,1781,April,22,1781-04-22
1781-04-29,1781,April,29,1781-04-29
1781-05-06,1781,May,6,1781-05-01
1781-05-13,1781,May,13,1781-05-13
1781-05-20,1781,May,20,1781-05-20
1781-05-27,1781,May,27,1781-05-27
1781-06-03,1781,June,3,1781-06-01
1781-06-10,1781,June,10,1781-06-10
1781-06-17,1781,June,17,1781-06-17
1781-06-24,1781,June,24,1781-06-24
1781-07-01,1781,July,1,1781-07-01
1781-07-08,1781,July,8,1781-07-08
1781-07-15,1781,July,15,1781-07-15
1781-07-22,1781,July,22,1781-07-22
1781-07-29,1781,July,29,1781-07-29
1781-08-05,1781,August,5,1781-08-01
1781-08-12,1781,August,12,1781-08-12
1781-08-19,1781,August,19,1781-08-19
1781-08-26,1781,August,26,1781-08-26
1781-09-02,1781,September,2,1781-09-01
1781-09-09,1781,September,9,1781-09-09
1781-09-16,1781,September,16,1781-09-16
1781-09-23,1781,September,23,1781-09-23
1781-09-30,1781,September,30,1781-09-30
1781-10-07,1781,October,7,1781-10-01
1781-10-14,1781,October,14,1781-10-14
1781-10-21,1781,October,21,1781-10-21
1781-10-28,1781,October,28,1781-10-28
1781-11-04,1781,November,4,1781-11-01
1781-11-11,1781,November,11,1781-11-11
1781-11-18,1781,November,18,1781-11-18
1781-11-25,1781,November,25,1781-11-25
1781-12-02,1781,December,2,1781-12-01
1781-12-09,1781,December,9,1781-12-09
1781-12-16,1781,December,16,1781-12-16
1781-12-23,1781,December,23,1781-12-23
1781-12-30,1781,December,30,1781-12-30
1782-01-06,1782,January,6,1782-01-01
1782-01-13,1782,January,13,1782-01-13
1782-01-20,1782,January,20,1782-01-20
1782-01-27,1782,January,27,1782-01-27
1782-02-03,1782,February,3,1782-02-01
1782-02-10,1782,February,10,1782-02-10
1782-02-17,1782,February,17,1782-02-17
1782-02-24,1782,February,24,1782-02-24
1782-03-03,1782,March,3,1782-03-01
1782-03-10,1782,March,10,1782-03-10
1782-03-17,1782,March,17,1782-03-17
1782-03-24,1782,March,24,1782-03-24
1782-03-31,1782,March,31,1782-03-31
1782-04-07,1782,April,7,1782-04-01
1782-04-14,1782,April,14,1782-04-14
1782-04-21,1782,April,21,1782-04-21
1782-04-28,1782,April,28,1782-04-28
1782-05-05,1782,May,5,1782-05-01
1782-05-12,1782,May,12,1782-05-12
1782-05-19,1782,May,19,1782-05-19
1782-05-26,1782,May,26,1782-05-26
1782-06-02,1782,June,2,1782-06-01
1782-06-09,1782,June,9,1782-06-09
1782-06-16,1782,June,16,1782-06-16
1782-06-23,1782,June,23,1782-06-23
1782-06-30,1782,June,30,1782-06-30
1782-07-07,1782,July,7,1782-07-01
1782-07-14,1782,July,14,1782-07-14
1782-07-21,1782,July,21,1782-07-21
1782-07-28,1782,July,28,1782-07-28
1782-08-04,1782,August,4,1782-08-01
1782-08-11,1782,August,11,1782-08-11
1782-08-18,1782,August,18,1782-08-18
1782-08-25,1782,August,25,1782-08-25
1782-09-01,1782,September,1,1782-09-01
1782-09-08,1782,September,8,1782-09-08
1782-09-15,1782,September,15,1782-09-15
1782-09-22,1782,September,22,1782-09-22
1782-09-29,1782,September,29,1782-09-29
1782-10-06,1782,October,6,1782-10-01
1782-10-13,1782,October,13,1782-10-13
1782-10-20,1782,October,20,1782-10-20
1782-10-27,1782,October,27,1782-10-27
1782-11-03,1782,November,3,1782-11-01
1782-11-10,1782,November,10,1782-11-10
1782-11-17,1782,November,17,1782-11-17
1782-11-24,1782,November,24,1782-11-24
1782-12-01,1782,December,1,1782-12-01
1782-12-08,1782,December,8,1782-12-08
1782-12-15,1782,December,15,1782-12-15
1782-12-22,1782,December,22,1782-12-22
1782-12-29,1782,December,29,1782-12-29
1783-01-05,1783,January,5,1783-01-01
1783-01-12,1783,January,12,1783-01-12
1783-01-19,1783,January,19,1783-01-19
1783-01-26,1783,January,26,1783-01-26
1783-02-02,1783,February,2,1783-02-01
1783-02-09,1783,February,9,1783-02-09
1783-02-16,1783,February,16,1783-02-16
1783-02-23,1783,February,23,1783-02-23
1783-03-02,1783,March,2,1783-03-01
1783-03-09,1783,March,9,1783-03-09
1783-03-16,1783,March,16,1783-03-16
1783-03-23,1783,March,23,1783-03-23
1783-03-30,1783,March,30,1783-03-30
1783-04-06,1783,April,6,1783-04-01
1783-04-13,1783,April,13,1783-04-13
1783-04-20,1783,April,20,1783-04-20
1783-04-27,1783,April,27,1783-04-27
1783-05-04,1783,May,4,1783-05-01
1783-05-11,1783,May,11,1783-05-11
1783-05-18,1783,May,18,1783-05-18
1783-05-25,1783,May,25,1783-05-25
1783-06-01,1783,June,1,1783-06-01
1783-06-08,1783,June,8,1783-06-08
1783-06-15,1783,June,15,1783-06-15
1783-06-22,1783,June,22,1783-06-22
1783-06-29,1783,June,29,1783-06-29
1783-07-06,1783,July,6,1783-07-01
1783-07-13,1783,July,13,1783-07-13
1783-07-20,1783,July,20,1783-07-20
1783-07-27,1783,July,27,1783-07-27
1783-08-03,1783,August,3,1783-08-01
1783-08-10,1783,August,10,1783-08-10
1783-08-17,1783,August,17,1783-08-17
1783-08-24,1783,August,24,1783-08-24
1783-08-31,1783,August,31,1783-08-31
1783-09-07,1783,September,7,1783-09-01
1783-09-14,1783,September,14,1783-09-14
1783-09-21,1783,September,21,1783-09-21
1783-09-28,1783,September,28,1783-09-28
1783-10-05,1783,October,5,1783-10-01
1783-10-12,1783,October,12,1783-10-12
1783-10-19,1783,October,19,1783-10-19
1783-10-26,1783,October,26,1783-10-26
1783-11-02,1783,November,2,1783-11-01
1783-11-09,1783,November,9,1783-11-09
1783-11-16,1783,November,16,1783-11-16
1783-11-23,1783,November,23,1783-11-23
1783-11-30,1783,November,30,1783-11-30
1783-12-07,1783,December,7,1783-12-01
1783-12-14,1783,December,14,1783-12-14
1783-12-21,1783,December,21,1783-12-21
1783-12-28,1783,December,28,1783-12-28
1784-01-04,1784,January,4,1784-01-01
1784-01-11,1784,January,11,1784-01-11
1784-01-18,1784,January,18,1784-01-18
1784-01-25,1784,January,25,1784-01-25
1784-02-01,1784,February,1,1784-02-01
1784-02-08,1784,February,8,1784-02-08
1784-02-15,1784,February,15,1784-02-15
1784-02-22,1784,February,22,1784-02-22
1784-02-29,1784,February,29,1784-02-29
1784-03-07,1784,March,7,1784-03-01
1784-03-14,1784,March,14,1784-03-14
1784-03-21,1784,March,21,1784-03-21
1784-03-28,1784,March,28,1784-03-28
1784-04-04,1784,April,4,1784-04-01
1784-04-11,1784,April,11,1784-04-11
1784-04-18,1784,April,18,1784-04-18
1784-04-25,1784,April,25,1784-04-25
1784-05-02,1784,May,2,1784-05-01
1784-05-09,1784,May,9,1784-05-09
1784-05-16,1784,May,16,1784-05-16
1784-05-23,1784,May,23,1784-05-23
1784-05-30,1784,May,30,1784-05-30
1784-06-06,1784,June,6,1784-06-01
1784-06-13,1784,June,13,1784-06-13
1784-06-20,1784,June,20,1784-06-20
1784-06-27,1784,June,27,1784-06-27
1784-07-04,1784,July,4,1784-07-01
1784-07-11,1784,July,11,1784-07-11
1784-07-18,1784,July,18,1784-07-18
1784-07-25,1784,July,25,1784-07-25
1784-08-01,1784,August,1,1784-08-01
1784-08-08,1784,August,8,1784-08-08
1784-08-15,1784,August,15,1784-08-15
1784-08-22,1784,August,22,1784-08-22
1784-08-29,1784,August,29,1784-08-29
1784-09-05,1784,September,5,1784-09-01
1784-09-12,1784,September,12,1784-09-12
1784-09-19,1784,September,19,1784-09-19
1784-09-26,1784,September,26,1784-09-26
1784-10-03,1784,October,3,1784-10-01
1784-10-10,1784,October,10,1784-10-10
1784-10-17,1784,October,17,1784-10-17
1784-10-24,1784,October,24,1784-10-24
1784-10-31,1784,October,31,1784-10-31
1784-11-07,1784,November,7,1784-11-01
1784-11-14,1784,November,14,1784-11-14
1784-11-21,1784,November,21,1784-11-21
1784-11-28,1784,November,28,1784-11-28
1784-12-05,1784,December,5,1784-12-01
1784-12-12,1784,December,12,1784-12-12
1784-12-19,1784,December,19,1784-12-19
1784-12-26,1784,December,26,1784-12-26
1785-01-02,1785,January,2,1785-01-01
1785-01-09,1785,January,9,1785-01-09
1785-01-16,1785,January,16,1785-01-16
1785-01-23,1785,January,23,1785-01-23
1785-01-30,1785,January,30,1785-01-30
1785-02-06,1785,February,6,1785-02-01
1785-02-13,1785,February,13,1785-02-13
1785-02-20,1785,February,20,1785-02-20
1785-02-27,1785,February,27,1785-02-27
1785-03-06,1785,March,6,1785-03-01
1785-03-13,1785,March,13,1785-03-13
1785-03-20,1785,March,20,1785-03-20
1785-03-27,1785,March,27,1785-03-27
1785-04-03,1785,April,3,1785-04-01
1785-04-10,1785,April,10,1785-04-10
1785-04-17,1785,April,17,1785-04-17
1785-04-24,1785,April,24,1785-04-24
1785-05-01,1785,May,1,1785-05-01
1785-05-08,1785,May,8,1785-05-08
1785-05-15,1785,May,15,1785-05-15
1785-05-22,1785,May,22,1785-05-22
1785-05-29,1785,May,29,1785-05-29
1785-06-05,1785,June,5,1785-06-01
1785-06-12,1785,June,12,1785-06-12
1785-06-19,1785,June,19,1785-06-19
1785-06-26,1785,June,26,1785-06-26
1785-07-03,1785,July,3,1785-07-01
1785-07-10,1785,July,10,1785-07-10
1785-07-17,1785,July,17,1785-07-17
1785-07-24,1785,July,24,1785-07-24
1785-07-31,1785,July,31,1785-07-31
1785-08-07,1785,August,7,1785-08-01
1785-08-14,1785,August,14,1785-08-14
1785-08-21,1785,August,21,1785-08-21
1785-08-28,1785,August,28,1785-08-28
1785-09-04,1785,September,4,1785-09-01
1785-09-11,1785,September,11,1785-09-11
1785-09-18,1785,September,18,1785-09-18
1785-09-25,1785,September,25,1785-09-25
1785-10-02,1785,October,2,1785-10-01
1785-10-09,1785,October,9,1785-10-09
1785-10-16,1785,October,16,1785-10-16
1785-10-23,1785,October,23,1785-10-23
1785-10-30,1785,October,30,1785-10-30
1785-11-06,1785,November,6,1785-11-01
1785-11-13,1785,November,13,1785-11-13
1785-11-20,1785,November,20,1785-11-20
1785-11-27,1785,November,27,1785-11-27
1785-12-04,1785,December,4,1785-12-01
1785-12-11,1785,December,11,1785-12-11
1785-12-18,1785,December,18,1785-12-18
1785-12-25,1785,December,25,1785-12-25
1786-01-01,1786,January,1,1786-01-01
1786-01-08,1786,January,8,1786-01-08
1786-01-15,1786,January,15,1786-01-15
1786-01-22,1786,January,22,1786-01-22
1786-01-29,1786,January,29,1786-01-29
1786-02-05,1786,February,5,1786-02-01
1786-02-12,1786,February,12,1786-02-12
1786-02-19,1786,February,19,1786-02-19
1786-02-26,1786,February,26,1786-02-26
1786-03-05,1786,March,5,1786-03-01
1786-03-12,1786,March,12,1786-03-12
1786-03-19,1786,March,19,1786-03-19
1786-03-26,1786,March,26,1786-03-26
1786-04-02,1786,April,2,1786-04-01
1786-04-09,1786,April,9,1786-04-09
1786-04-16,1786,April,16,1786-04-16
1786-04-23,1786,April,23,1786-04-23
1786-04-30,1786,April,30,1786-04-30
1786-05-07,1786,May,7,1786-05-01
1786-05-14,1786,May,14,1786-05-14
1786-05-21,1786,May,21,1786-05-21
1786-05-28,1786,May,28,1786-05-28
1786-06-04,1786,June,4,1786-06-01
1786-06-11,1786,June,11,1786-06-11
1786-06-18,1786,June,18,1786-06-18
1786-06-25,1786,June,25,1786-06-25
1786-07-02,1786,July,2,1786-07-01
1786-07-09,1786,July,9,1786-07-09
1786-07-16,1786,July,16,1786-07-16
1786-07-23,1786,July,23,1786-07-23
1786-07-30,1786,July,30,1786-07-30
1786-08-06,1786,August,6,1786-08-01
1786-08-13,1786,August,13,1786-08-13
1786-08-20,1786,August,20,1786-08-20
1786-08-27,1786,August,27,1786-08-27
1786-09-03,1786,September,3,1786-09-01
1786-09-10,1786,September,10,1786-09-10
1786-09-17,1786,September,17,1786-09-17
1786-09-24,1786,September,24,1786-09-24
1786-10-01,1786,October,1,1786-10-01
1786-10-08,1786,October,8,1786-10-08
1786-10-15,1786,October,15,1786-10-15
1786-10-22,1786,October,22,1786-10-22
1786-10-29,1786,October,29,1786-10-29
1786-11-05,1786,November,5,1786-11-01
1786-11-12,1786,November,12,1786-11-12
1786-11-19,1786,November,19,1786-11-19
1786-11-26,1786,November,26,1786-11-26
1786-12-03,1786,December,3,1786-12-01
1786-12-10,1786,December,10,1786-12-10
1786-12-17,1786,December,17,1786-12-17
1786-12-24,1786,December,24,1786-12-24
1786-12-31,1786,December,31,1786-12-31
1787-01-07,1787,January,7,1787-01-01
1787-01-14,1787,January,14,1787-01-14
1787-01-21,1787,January,21,1787-01-21
1787-01-28,1787,January,28,1787-01-28
1787-02-04,1787,February,4,1787-02-01
1787-02-11,1787,February,11,1787-02-11
1787-02-18,1787,February,18,1787-02-18
1787-02-25,1787,February,25,1787-02-25
1787-03-04,1787,March,4,1787-03-01
1787-03-11,1787,March,11,1787-03-11
1787-03-18,1787,March,18,1787-03-18
1787-03-25,1787,March,25,1787-03-25
1787-04-01,1787,April,1,1787-04-01
1787-04-08,1787,April,8,1787-04-08
1787-04-15,1787,April,15,1787-04-15
1787-04-22,1787,April,22,1787-04-22
1787-04-29,1787,April,29,1787-04-29
1787-05-06,1787,May,6,1787-05-01
1787-05-13,1787,May,13,1787-05-13
1787-05-20,1787,May,20,1787-05-20
1787-05-27,1787,May,27,1787-05-27
1787-06-03,1787,June,3,1787-06-01
1787-06-10,1787,June,10,1787-06-10
1787-06-17,1787,June,17,1787-06-17
1787-06-24,1787,June,24,1787-06-24
1787-07-01,1787,July,1,1787-07-01
1787-07-08,1787,July,8,1787-07-08
1787-07-15,1787,July,15,1787-07-15
1787-07-22,1787,July,22,1787-07-22
1787-07-29,1787,July,29,1787-07-29
1787-08-05,1787,August,5,1787-08-01
1787-08-12,1787,August,12,1787-08-12
1787-08-19,1787,August,19,1787-08-19
1787-08-26,1787,August,26,1787-08-26
1787-09-02,1787,September,2,1787-09-01
1787-09-09,1787,September,9,1787-09-09
1787-09-16,1787,September,16,1787-09-16
1787-09-23,1787,September,23,1787-09-23
1787-09-30,1787,September,30,1787-09-30
1787-10-07,1787,October,7,1787-10-01
1787-10-14,1787,October,14,1787-10-14
1787-10-21,1787,October,21,1787-10-21
1787-10-28,1787,October,28,1787-10-28
1787-11-04,1787,November,4,1787-11-01
1787-11-11,1787,November,11,1787-11-11
1787-11-18,1787,November,18,1787-11-18
1787-11-25,1787,November,25,1787-11-25
1787-12-02,1787,December,2,1787-12-01
1787-12-09,1787,December,9,1787-12-09
1787-12-16,1787,December,16,1787-12-16
1787-12-23,1787,December,23,1787-12-23
1787-12-30,1787,December,30,1787-12-30
1788-01-06,1788,January,6,1788-01-01
1788-01-13,1788,January,13,1788-01-13
1788-01-20,1788,January,20,1788-01-20
1788-01-27,1788,January,27,1788-01-27
1788-02-03,1788,February,3,1788-02-01
1788-02-10,1788,February,10,1788-02-10
1788-02-17,1788,February,17,1788-02-17
1788-02-24,1788,February,24,1788-02-24
1788-03-02,1788,March,2,1788-03-01
1788-03-09,1788,March,9,1788-03-09
1788-03-16,1788,March,16,1788-03-16
1788-03-23,1788,March,23,1788-03-23
1788-03-30,1788,March,30,1788-03-30
1788-04-06,1788,April,6,1788-04-01
1788-04-13,1788,April,13,1788-04-13
1788-04-20,1788,April,20,1788-04-20
1788-04-27,1788,April,27,1788-04-27
1788-05-04,1788,May,4,1788-05-01
1788-05-11,1788,May,11,1788-05-11
1788-05-18,1788,May,18,1788-05-18
1788-05-25,1788,May,25,1788-05-25
1788-06-01,1788,June,1,1788-06-01
1788-06-08,1788,June,8,1788-06-08
1788-06-15,1788,June,15,1788-06-15
1788-06-22,1788,June,22,1788-06-22
1788-06-29,1788,June,29,1788-06-29
1788-07-06,1788,July,6,1788-07-01
1788-07-13,1788,July,13,1788-07-13
1788-07-20,1788,July,20,1788-07-20
1788-07-27,1788,July,27,1788-07-27
1788-08-03,1788,August,3,1788-08-01
1788-08-10,1788,August,10,1788-08-10
1788-08-17,1788,August,17,1788-08-17
1788-08-24,1788,August,24,1788-08-24
1788-08-31,1788,August,31,1788-08-31
1788-09-07,1788,September,7,1788-09-01
1788-09-14,1788,September,14,1788-09-14
1788-09-21,1788,September,21,1788-09-21
1788-09-28,1788,September,28,1788-09-28
1788-10-05,1788,October,5,1788-10-01
1788-10-12,1788,October,12,1788-10-12
1788-10-19,1788,October,19,1788-10-19
1788-10-26,1788,October,26,1788-10-26
1788-11-02,1788,November,2,1788-11-01
1788-11-09,1788,November,9,1788-11-09
1788-11-16,1788,November,16,1788-11-16
1788-11-23,1788,November,23,1788-11-23
1788-11-30,1788,November,30,1788-11-30
1788-12-07,1788,December,7,1788-12-01
1788-12-14,1788,December,14,1788-12-14
1788-12-21,1788,December,21,1788-12-21
1788-12-28,1788,December,28,1788-12-28
1789-01-04,1789,January,4,1789-01-01
1789-01-11,1789,January,11,1789-01-11
1789-01-18,1789,January,18,1789-01-18
1789-01-25,1789,January,25,1789-01-25
1789-02-01,1789,February,1,1789-02-01
1789-02-08,1789,February,8,1789-02-08
1789-02-15,1789,February,15,1789-02-15
1789-02-22,1789,February,22,1789-02-22
1789-03-01,1789,March,1,1789-03-01
1789-03-08,1789,March,8,1789-03-08
1789-03-15,1789,March,15,1789-03-15
1789-03-22,1789,March,22,1789-03-22
1789-03-29,1789,March,29,1789-03-29
1789-04-05,1789,April,5,1789-04-01
1789-04-12,1789,April,12,1789-04-12
1789-04-19,1789,April,19,1789-04-19
1789-04-26,1789,April,26,1789-04-26
1789-05-03,1789,May,3,1789-05-01
1789-05-10,1789,May,10,1789-05-10
1789-05-17,1789,May,17,1789-05-17
1789-05-24,1789,May,24,1789-05-24
1789-05-31,1789,May,31,1789-05-31
1789-06-07,1789,June,7,1789-06-01
1789-06-14,1789,June,14,1789-06-14
1789-06-21,1789,June,21,1789-06-21
1789-06-28,1789,June,28,1789-06-28
1789-07-05,1789,July,5,1789-07-01
1789-07-12,1789,July,12,1789-07-12
1789-07-19,1789,July,19,1789-07-19
1789-07-26,1789,July,26,1789-07-26
1789-08-02,1789,August,2,1789-08-01
1789-08-09,1789,August,9,1789-08-09
1789-08-16,1789,August,16,1789-08-16
1789-08-23,1789,August,23,1789-08-23
1789-08-30,1789,August,30,1789-08-30
1789-09-06,1789,September,6,1789-09-01
1789-09-13,1789,September,13,1789-09-13
1789-09-20,1789,September,20,1789-09-20
1789-09-27,1789,September,27,1789-09-27
1789-10-04,1789,October,4,1789-10-01
1789-10-11,1789,October,11,1789-10-11
1789-10-18,1789,October,18,1789-10-18
1789-10-25,1789,October,25,1789-10-25
1789-11-01,1789,November,1,1789-11-01
1789-11-08,1789,November,8,1789-11-08
1789-11-15,1789,November,15,1789-11-15
1789-11-22,1789,November,22,1789-11-22
1789-11-29,1789,November,29,1789-11-29
1789-12-06,1789,December,6,1789-12-01
1789-12-13,1789,December,13,1789-12-13
1789-12-20,1789,December,20,1789-12-20
1789-12-27,1789,December,27,1789-12-27
1790-01-03,1790,January,3,1790-01-01
1790-01-10,1790,January,10,1790-01-10
1790-01-17,1790,January,17,1790-01-17
1790-01-24,1790,January,24,1790-01-24
1790-01-31,1790,January,31,1790-01-31
1790-02-07,1790,February,7,1790-02-01
1790-02-14,1790,February,14,1790-02-14
1790-02-21,1790,February,21,1790-02-21
1790-02-28,1790,February,28,1790-02-28
1790-03-07,1790,March,7,1790-03-01
1790-03-14,1790,March,14,1790-03-14
1790-03-21,1790,March,21,1790-03-21
1790-03-28,1790,March,28,1790-03-28
1790-04-04,1790,April,4,1790-04-01
1790-04-11,1790,April,11,1790-04-11
1790-04-18,1790,April,18,1790-04-18
1790-04-25,1790,April,25,1790-04-25
1790-05-02,1790,May,2,1790-05-01
1790-05-09,1790,May,9,1790-05-09
1790-05-16,1790,May,16,1790-05-16
1790-05-23,1790,May,23,1790-05-23
1790-05-30,1790,May,30,1790-05-30
1790-06-06,1790,June,6,1790-06-01
1790-06-13,1790,June,13,1790-06-13
1790-06-20,1790,June,20,1790-06-20
1790-06-27,1790,June,27,1790-06-27
1790-07-04,1790,July,4,1790-07-01
1790-07-11,1790,July,11,1790-07-11
1790-07-18,1790,July,18,1790-07-18
1790-07-25,1790,July,25,1790-07-25
1790-08-01,1790,August,1,1790-08-01
1790-08-08,1790,August,8,1790-08-08
1790-08-15,1790,August,15,1790-08-15
1790-08-22,1790,August,22,1790-08-22
1790-08-29,1790,August,29,1790-08-29
1790-09-05,1790,September,5,1790-09-01
1790-09-12,1790,September,12,1790-09-12
1790-09-19,1790,September,19,1790-09-19
1790-09-26,1790,September,26,1790-09-26
1790-10-03,1790,October,3,1790-10-01
1790-10-10,1790,October,10,1790-10-10
1790-10-17,1790,October,17,1790-10-17
1790-10-24,1790,October,24,1790-10-24
1790-10-31,1790,October,31,1790-10-31
1790-11-07,1790,November,7,1790-11-01
1790-11-14,1790,November,14,1790-11-14
1790-11-21,1790,November,21,1790-11-21
1790-11-28,1790,November,28,1790-11-28
1790-12-05,1790,December,5,1790-12-01
1790-12-12,1790,December,12,1790-12-12
1790-12-19,1790,December,19,1790-12-19
1790-12-26,1790,December,26,1790-12-26
1791-01-02,1791,January,2,1791-01-01
1791-01-09,1791,January,9,1791-01-09
1791-01-16,1791,January,16,1791-01-16
1791-01-23,1791,January,23,1791-01-23
1791-01-30,1791,January,30,1791-01-30
1791-02-06,1791,February,6,1791-02-01
1791-02-13,1791,February,13,1791-02-13
1791-02-20,1791,February,20,1791-02-20
1791-02-27,1791,February,27,1791-02-27
1791-03-06,1791,March,6,1791-03-01
1791-03-13,1791,March,13,1791-03-13
1791-03-20,1791,March,20,1791-03-20
1791-03-27,1791,March,27,1791-03-27
1791-04-03,1791,April,3,1791-04-01
1791-04-10,1791,April,10,1791-04-10
1791-04-17,1791,April,17,1791-04-17
1791-04-24,1791,April,24,1791-04-24
1791-05-01,1791,May,1,1791-05-01
1791-05-08,1791,May,8,1791-05-08
1791-05-15,1791,May,15,1791-05-15
1791-05-22,1791,May,22,1791-05-22
1791-05-29,1791,May,29,1791-05-29
1791-06-05,1791,June,5,1791-06-01
1791-06-12,1791,June,12,1791-06-12
1791-06-19,1791,June,19,1791-06-19
1791-06-26,1791,June,26,1791-06-26
1791-07-03,1791,July,3,1791-07-01
1791-07-10,1791,July,10,1791-07-10
1791-07-17,1791,July,17,1791-07-17
1791-07-24,1791,July,24,1791-07-24
1791-07-31,1791,July,31,1791-07-31
1791-08-07,1791,August,7,1791-08-01
1791-08-14,1791,August,14,1791-08-14
1791-08-21,1791,August,21,1791-08-21
1791-08-28,1791,August,28,1791-08-28
1791-09-04,1791,September,4,1791-09-01
1791-09-11,1791,September,11,1791-09-11
1791-09-18,1791,September,18,1791-09-18
1791-09-25,1791,September,25,1791-09-25
1791-10-02,1791,October,2,1791-10-01
1791-10-09,1791,October,9,1791-10-09
1791-10-16,1791,October,16,1791-10-16
1791-10-23,1791,October,23,1791-10-23
1791-10-30,1791,October,30,1791-10-30
1791-11-06,1791,November,6,1791-11-01
1791-11-13,1791,November,13,1791-11-13
1791-11-20,1791,November,20,1791-11-20
1791-11-27,1791,November,27,1791-11-27
1791-12-04,1791,December,4,1791-12-01
1791-12-11,1791,December,11,1791-12-11
1791-12-18,1791,December,18,1791-12-18
1791-12-25,1791,December,25,1791-12-25
1792-01-01,1792,January,1,1792-01-01
1792-01-08,1792,January,8,1792-01-08
1792-01-15,1792,January,15,1792-01-15
1792-01-22,1792,January,22,1792-01-22
1792-01-29,1792,January,29,1792-01-29
1792-02-05,1792,February,5,1792-02-01
1792-02-12,1792,February,12,1792-02-12
1792-02-19,1792,February,19,1792-02-19
1792-02-26,1792,February,26,1792-02-26
1792-03-04,1792,March,4,1792-03-01
1792-03-11,1792,March,11,1792-03-11
1792-03-18,1792,March,18,1792-03-18
1792-03-25,1792,March,25,1792-03-25
1792-04-01,1792,April,1,1792-04-01
1792-04-08,1792,April,8,1792-04-08
1792-04-15,1792,April,15,1792-04-15
1792-04-22,1792,April,22,1792-04-22
1792-04-29,1792,April,29,1792-04-29
1792-05-06,1792,May,6,1792-05-01
1792-05-13,1792,May,13,1792-05-13
1792-05-20,1792,May,20,1792-05-20
1792-05-27,1792,May,27,1792-05-27
1792-06-03,1792,June,3,1792-06-01
1792-06-10,1792,June,10,1792-06-10
1792-06-17,1792,June,17,1792-06-17
1792-06-24,1792,June,24,1792-06-24
1792-07-01,1792,July,1,1792-07-01
1792-07-08,1792,July,8,1792-07-08
1792-07-15,1792,July,15,1792-07-15
1792-07-22,1792,July,22,1792-07-22
1792-07-29,1792,July,29,1792-07-29
1792-08-05,1792,August,5,1792-08-01
1792-08-12,1792,August,12,1792-08-12
1792-08-19,1792,August,19,1792-08-19
1792-08-26,1792,August,26,1792-08-26
1792-09-02,1792,September,2,1792-09-01
1792-09-09,1792,September,9,1792-09-09
1792-09-16,1792,September,16,1792-09-16
1792-09-23,1792,September,23,1792-09-23
1792-09-30,1792,September,30,1792-09-30
1792-10-07,1792,October,7,1792-10-01
1792-10-14,1792,October,14,1792-10-14
1792-10-21,1792,October,21,1792-10-21
1792-10-28,1792,October,28,1792-10-28
1792-11-04,1792,November,4,1792-11-01
1792-11-11,1792,November,11,1792-11-11
1792-11-18,1792,November,18,1792-11-18
1792-11-25,1792,November,25,1792-11-25
1792-12-02,1792,December,2,1792-12-01
1792-12-09,1792,December,9,1792-12-09
1792-12-16,1792,December,16,1792-12-16
1792-12-23,1792,December,23,1792-12-23
1792-12-30,1792,December,30,1792-12-30
1793-01-06,1793,January,6,1793-01-01
1793-01-13,1793,January,13,1793-01-13
1793-01-20,1793,January,20,1793-01-20
1793-01-27,1793,January,27,1793-01-27
1793-02-03,1793,February,3,1793-02-01
1793-02-10,1793,February,10,1793-02-10
1793-02-17,1793,February,17,1793-02-17
1793-02-24,1793,February,24,1793-02-24
1793-03-03,1793,March,3,1793-03-01
1793-03-10,1793,March,10,1793-03-10
1793-03-17,1793,March,17,1793-03-17
1793-03-24,1793,March,24,1793-03-24
1793-03-31,1793,March,31,1793-03-31
1793-04-07,1793,April,7,1793-04-01
1793-04-14,1793,April,14,1793-04-14
1793-04-21,1793,April,21,1793-04-21
1793-04-28,1793,April,28,1793-04-28
1793-05-05,1793,May,5,1793-05-01
1793-05-12,1793,May,12,1793-05-12
1793-05-19,1793,May,19,1793-05-19
1793-05-26,1793,May,26,1793-05-26
1793-06-02,1793,June,2,1793-06-01
1793-06-09,1793,June,9,1793-06-09
1793-06-16,1793,June,16,1793-06-16
1793-06-23,1793,June,23,1793-06-23
1793-06-30,1793,June,30,1793-06-30
1793-07-07,1793,July,7,1793-07-01
1793-07-14,1793,July,14,1793-07-14
1793-07-21,1793,July,21,1793-07-21
1793-07-28,1793,July,28,1793-07-28
1793-08-04,1793,August,4,1793-08-01
1793-08-11,1793,August,11,1793-08-11
1793-08-18,1793,August,18,1793-08-18
1793-08-25,1793,August,25,1793-08-25
1793-09-01,1793,September,1,1793-09-01
1793-09-08,1793,September,8,1793-09-08
1793-09-15,1793,September,15,1793-09-15
1793-09-22,1793,September,22,1793-09-22
1793-09-29,1793,September,29,1793-09-29
1793-10-06,1793,October,6,1793-10-01
1793-10-13,1793,October,13,1793-10-13
1793-10-20,1793,October,20,1793-10-20
1793-10-27,1793,October,27,1793-10-27
1793-11-03,1793,November,3,1793-11-01
1793-11-10,1793,November,10,1793-11-10
1793-11-17,1793,November,17,1793-11-17
1793-11-24,1793,November,24,1793-11-24
1793-12-01,1793,December,1,1793-12-01
1793-12-08,1793,December,8,1793-12-08
1793-12-15,1793,December,15,1793-12-15
1793-12-22,1793,December,22,1793-12-22
1793-12-29,1793,December,29,1793-12-29
1794-01-05,1794,January,5,1794-01-01
1794-01-12,1794,January,12,1794-01-12
1794-01-19,1794,January,19,1794-01-19
1794-01-26,1794,January,26,1794-01-26
1794-02-02,1794,February,2,1794-02-01
1794-02-09,1794,February,9,1794-02-09
1794-02-16,1794,February,16,1794-02-16
1794-02-23,1794,February,23,1794-02-23
1794-03-02,1794,March,2,1794-03-01
1794-03-09,1794,March,9,1794-03-09
1794-03-16,1794,March,16,1794-03-16
1794-03-23,1794,March,23,1794-03-23
1794-03-30,1794,March,30,1794-03-30
1794-04-06,1794,April,6,1794-04-01
1794-04-13,1794,April,13,1794-04-13
1794-04-20,1794,April,20,1794-04-20
1794-04-27,1794,April,27,1794-04-27
1794-05-04,1794,May,4,1794-05-01
1794-05-11,1794,May,11,1794-05-11
1794-05-18,1794,May,18,1794-05-18
1794-05-25,1794,May,25,1794-05-25
1794-06-01,1794,June,1,1794-06-01
1794-06-08,1794,June,8,1794-06-08
1794-06-15,1794,June,15,1794-06-15
1794-06-22,1794,June,22,1794-06-22
1794-06-29,1794,June,29,1794-06-29
1794-07-06,1794,July,6,1794-07-01
1794-07-13,1794,July,13,1794-07-13
1794-07-20,1794,July,20,1794-07-20
1794-07-27,1794,July,27,1794-07-27
1794-08-03,1794,August,3,1794-08-01
1794-08-10,1794,August,10,1794-08-10
1794-08-17,1794,August,17,1794-08-17
1794-08-24,1794,August,24,1794-08-24
1794-08-31,1794,August,31,1794-08-31
1794-09-07,1794,September,7,1794-09-01
1794-09-14,1794,September,14,1794-09-14
1794-09-21,1794,September,21,1794-09-21
1794-09-28,1794,September,28,1794-09-28
1794-10-05,1794,October,5,1794-10-01
1794-10-12,1794,October,12,1794-10-12
1794-10-19,1794,October,19,1794-10-19
1794-10-26,1794,October,26,1794-10-26
1794-11-02,1794,November,2,1794-11-01
1794-11-09,1794,November,9,1794-11-09
1794-11-16,1794,November,16,1794-11-16
1794-11-23,1794,November,23,1794-11-23
1794-11-30,1794,November,30,1794-11-30
1794-12-07,1794,December,7,1794-12-01
1794-12-14,1794,December,14,1794-12-14
1794-12-21,1794,December,21,1794-12-21
1794-12-28,1794,December,28,1794-12-28
1795-01-04,1795,January,4,1795-01-01
1795-01-11,1795,January,11,1795-01-11
1795-01-18,1795,January,18,1795-01-18
1795-01-25,1795,January,25,1795-01-25
1795-02-01,1795,February,1,1795-02-01
1795-02-08,1795,February,8,1795-02-08
1795-02-15,1795,February,15,1795-02-15
1795-02-22,1795,February,22,1795-02-22
1795-03-01,1795,March,1,1795-03-01
1795-03-08,1795,March,8,1795-03-08
1795-03-15,1795,March,15,1795-03-15
1795-03-22,1795,March,22,1795-03-22
1795-03-29,1795,March,29,1795-03-29
1795-04-05,1795,April,5,1795-04-01
1795-04-12,1795,April,12,1795-04-12
1795-04-19,1795,April,19,1795-04-19
1795-04-26,1795,April,26,1795-04-26
1795-05-03,1795,May,3,1795-05-01
1795-05-10,1795,May,10,1795-05-10
1795-05-17,1795,May,17,1795-05-17
1795-05-24,1795,May,24,1795-05-24
1795-05-31,1795,May,31,1795-05-31
1795-06-07,1795,June,7,1795-06-01
1795-06-14,1795,June,14,1795-06-14
1795-06-21,1795,June,21,1795-06-21
1795-06-28,1795,June,28,1795-06-28
1795-07-05,1795,July,5,1795-07-01
1795-07-12,1795,July,12,1795-07-12
1795-07-19,1795,July,19,1795-07-19
1795-07-26,1795,July,26,1795-07-26
1795-08-02,1795,August,2,1795-08-01
1795-08-09,1795,August,9,1795-08-09
1795-08-16,1795,August,16,1795-08-16
1795-08-23,1795,August,23,1795-08-23
1795-08-30,1795,August,30,1795-08-30
1795-09-06,1795,September,6,1795-09-01
1795-09-13,1795,September,13,1795-09-13
1795-09-20,1795,September,20,1795-09-20
1795-09-27,1795,September,27,1795-09-27
1795-10-04,1795,October,4,1795-10-01
1795-10-11,1795,October,11,1795-10-11
1795-10-18,1795,October,18,1795-10-18
1795-10-25,1795,October,25,1795-10-25
1795-11-01,1795,November,1,1795-11-01
1795-11-08,1795,November,8,1795-11-08
1795-11-15,1795,November,15,1795-11-15
1795-11-22,1795,November,22,1795-11-22
1795-11-29,1795,November,29,1795-11-29
1795-12-06,1795,December,6,1795-12-01
1795-12-13,1795,December,13,1795-12-13
1795-12-20,1795,December,20,1795-12-20
1795-12-27,1795,December,27,1795-12-27
1796-01-03,1796,January,3,1796-01-01
1796-01-10,1796,January,10,1796-01-10
1796-01-17,1796,January,17,1796-01-17
1796-01-24,1796,January,24,1796-01-24
1796-01-31,1796,January,31,1796-01-31
1796-02-07,1796,February,7,1796-02-01
1796-02-14,1796,February,14,1796-02-14
1796-02-21,1796,February,21,1796-02-21
1796-02-28,1796,February,28,1796-02-28
1796-03-06,1796,March,6,1796-03-01
1796-03-13,1796,March,13,1796-03-13
1796-03-20,1796,March,20,1796-03-20
1796-03-27,1796,March,27,1796-03-27
1796-04-03,1796,April,3,1796-04-01
1796-04-10,1796,April,10,1796-04-10
1796-04-17,1796,April,17,1796-04-17
1796-04-24,1796,April,24,1796-04-24
1796-05-01,1796,May,1,1796-05-01
1796-05-08,1796,May,8,1796-05-08
1796-05-15,1796,May,15,1796-05-15
1796-05-22,1796,May,22,1796-05-22
1796-05-29,1796,May,29,1796-05-29
1796-06-05,1796,June,5,1796-06-01
1796-06-12,1796,June,12,1796-06-12
1796-06-19,1796,June,19,1796-06-19
1796-06-26,1796,June,26,1796-06-26
1796-07-03,1796,July,3,1796-07-01
1796-07-10,1796,July,10,1796-07-10
1796-07-17,1796,July,17,1796-07-17
1796-07-24,1796,July,24,1796-07-24
1796-07-31,1796,July,31,1796-07-31
1796-08-07,1796,August,7,1796-08-01
1796-08-14,1796,August,14,1796-08-14
1796-08-21,1796,August,21,1796-08-21
1796-08-28,1796,August,28,1796-08-28
1796-09-04,1796,September,4,1796-09-01
1796-09-11,1796,September,11,1796-09-11
1796-09-18,1796,September,18,1796-09-18
1796-09-25,1796,September,25,1796-09-25
1796-10-02,1796,October,2,1796-10-01
1796-10-09,1796,October,9,1796-10-09
1796-10-16,1796,October,16,1796-10-16
1796-10-23,1796,October,23,1796-10-23
1796-10-30,1796,October,30,1796-10-30
1796-11-06,1796,November,6,1796-11-01
1796-11-13,1796,November,13,1796-11-13
1796-11-20,1796,November,20,1796-11-20
1796-11-27,1796,November,27,1796-11-27
1796-12-04,1796,December,4,1796-12-01
1796-12-11,1796,December,11,1796-12-11
1796-12-18,1796,December,18,1796-12-18
1796-12-25,1796,December,25,1796-12-25
1797-01-01,1797,January,1,1797-01-01
1797-01-08,1797,January,8,1797-01-08
1797-01-15,1797,January,15,1797-01-15
1797-01-22,1797,January,22,1797-01-22
1797-01-29,1797,January,29,1797-01-29
1797-02-05,1797,February,5,1797-02-01
1797-02-12,1797,February,12,1797-02-12
1797-02-19,1797,February,19,1797-02-19
1797-02-26,1797,February,26,1797-02-26
1797-03-05,1797,March,5,1797-03-01
1797-03-12,1797,March,12,1797-03-12
1797-03-19,1797,March,19,1797-03-19
1797-03-26,1797,March,26,1797-03-26
1797-04-02,1797,April,2,1797-04-01
1797-04-09,1797,April,9,1797-04-09
1797-04-16,1797,April,16,1797-04-16
1797-04-23,1797,April,23,1797-04-23
1797-04-30,1797,April,30,1797-04-30
1797-05-07,1797,May,7,1797-05-01
1797-05-14,1797,May,14,1797-05-14
1797-05-21,1797,May,21,1797-05-21
1797-05-28,1797,May,28,1797-05-28
1797-06-04,1797,June,4,1797-06-01
1797-06-11,1797,June,11,1797-06-11
1797-06-18,1797,June,18,1797-06-18
1797-06-25,1797,June,25,1797-06-25
1797-07-02,1797,July,2,1797-07-01
1797-07-09,1797,July,9,1797-07-09
1797-07-16,1797,July,16,1797-07-16
1797-07-23,1797,July,23,1797-07-23
1797-07-30,1797,July,30,1797-07-30
1797-08-06,1797,August,6,1797-08-01
1797-08-13,1797,August,13,1797-08-13
1797-08-20,1797,August,20,1797-08-20
1797-08-27,1797,August,27,1797-08-27
1797-09-03,1797,September,3,1797-09-01
1797-09-10,1797,September,10,1797-09-10
1797-09-17,1797,September,17,1797-09-17
1797-09-24,1797,September,24,1797-09-24
1797-10-01,1797,October,1,1797-10-01
1797-10-08,1797,October,8,1797-10-08
1797-10-15,1797,October,15,1797-10-15
1797-10-22,1797,October,22,1797-10-22
1797-10-29,1797,October,29,1797-10-29
1797-11-05,1797,November,5,1797-11-01
1797-11-12,1797,November,12,1797-11-12
1797-11-19,1797,November,19,1797-11-19
1797-11-26,1797,November,26,1797-11-26
1797-12-03,1797,December,3,1797-12-01
1797-12-10,1797,December,10,1797-12-10
1797-12-17,1797,December,17,1797-12-17
1797-12-24,1797,December,24,1797-12-24
1797-12-31,1797,December,31,1797-12-31
1798-01-07,1798,January,7,1798-01-01
1798-01-14,1798,January,14,1798-01-14
1798-01-21,1798,January,21,1798-01-21
1798-01-28,1798,January,28,1798-01-28
1798-02-04,1798,February,4,1798-02-01
1798-02-11,1798,February,11,1798-02-11
1798-02-18,1798,February,18,1798-02-18
1798-02-25,1798,February,25,1798-02-25
1798-03-04,1798,March,4,1798-03-01
1798-03-11,1798,March,11,1798-03-11
1798-03-18,1798,March,18,1798-03-18
1798-03-25,1798,March,25,1798-03-25
1798-04-01,1798,April,1,1798-04-01
1798-04-08,1798,April,8,1798-04-08
1798-04-15,1798,April,15,1798-04-15
1798-04-22,1798,April,22,1798-04-22
1798-04-29,1798,April,29,1798-04-29
1798-05-06,1798,May,6,1798-05-01
1798-05-13,1798,May,13,1798-05-13
1798-05-20,1798,May,20,1798-05-20
1798-05-27,1798,May,27,1798-05-27
1798-06-03,1798,June,3,1798-06-01
1798-06-10,1798,June,10,1798-06-10
1798-06-17,1798,June,17,1798-06-17
1798-06-24,1798,June,24,1798-06-24
1798-07-01,1798,July,1,1798-07-01
1798-07-08,1798,July,8,1798-07-08
1798-07-15,1798,July,15,1798-07-15
1798-07-22,1798,July,22,1798-07-22
1798-07-29,1798,July,29,1798-07-29
1798-08-05,1798,August,5,1798-08-01
1798-08-12,1798,August,12,1798-08-12
1798-08-19,1798,August,19,1798-08-19
1798-08-26,1798,August,26,1798-08-26
1798-09-02,1798,September,2,1798-09-01
1798-09-09,1798,September,9,1798-09-09
1798-09-16,1798,September,16,1798-09-16
1798-09-23,1798,September,23,1798-09-23
1798-09-30,1798,September,30,1798-09-30
1798-10-07,1798,October,7,1798-10-01
1798-10-14,1798,October,14,1798-10-14
1798-10-21,1798,October,21,1798-10-21
1798-10-28,1798,October,28,1798-10-28
1798-11-04,1798,November,4,1798-11-01
1798-11-11,1798,November,11,1798-11-11
1798-11-18,1798,November,18,1798-11-18
1798-11-25,1798,November,25,1798-11-25
1798-12-02,1798,December,2,1798-12-01
1798-12-09,1798,December,9,1798-12-09
1798-12-16,1798,December,16,1798-12-16
1798-12-23,1798,December,23,1798-12-23
1798-12-30,1798,December,30,1798-12-30
1799-01-06,1799,January,6,1799-01-01
1799-01-13,1799,January,13,1799-01-13
1799-01-20,1799,January,20,1799-01-20
1799-01-27,1799,January,27,1799-01-27
1799-02-03,1799,February,3,1799-02-01
1799-02-10,1799,February,10,1799-02-10
1799-02-17,1799,February,17,1799-02-17
1799-02-24,1799,February,24,1799-02-24
1799-03-03,1799,March,3,1799-03-01
1799-03-10,1799,March,10,1799-03-10
1799-03-17,1799,March,17,1799-03-17
1799-03-24,1799,March,24,1799-03-24
1799-03-31,1799,March,31,1799-03-31
1799-04-07,1799,April,7,1799-04-01
1799-04-14,1799,April,14,1799-04-14
1799-04-21,1799,April,21,1799-04-21
1799-04-28,1799,April,28,1799-04-28
1799-05-05,1799,May,5,1799-05-01
1799-05-12,1799,May,12,1799-05-12
1799-05-19,1799,May,19,1799-05-19
1799-05-26,1799,May,26,1799-05-26
1799-06-02,1799,June,2,1799-06-01
1799-06-09,1799,June,9,1799-06-09
1799-06-16,1799,June,16,1799-06-16
1799-06-23,1799,June,23,1799-06-23
1799-06-30,1799,June,30,1799-06-30
1799-07-07,1799,July,7,1799-07-01
1799-07-14,1799,July,14,1799-07-14
1799-07-21,1799,July,21,1799-07-21
1799-07-28,1799,July,28,1799-07-28
1799-08-04,1799,August,4,1799-08-01
1799-08-11,1799,August,11,1799-08-11
1799-08-18,1799,August,18,1799-08-18
1799-08-25,1799,August,25,1799-08-25
1799-09-01,1799,September,1,1799-09-01
1799-09-08,1799,September,8,1799-09-08
1799-09-15,1799,September,15,1799-09-15
1799-09-22,1799,September,22,1799-09-22
1799-09-29,1799,September,29,1799-09-29
1799-10-06,1799,October,6,1799-10-01
1799-10-13,1799,October,13,1799-10-13
1799-10-20,1799,October,20,1799-10-20
1799-10-27,1799,October,27,1799-10-27
1799-11-03,1799,November,3,1799-11-01
1799-11-10,1799,November,10,1799-11-10
1799-11-17,1799,November,17,1799-11-17
1799-11-24,1799,November,24,1799-11-24
1799-12-01,1799,December,1,1799-12-01
1799-12-08,1799,December,8,1799-12-08
1799-12-15,1799,December,15,1799-12-15
1799-12-22,1799,December,22,1799-12-22
1799-12-29,1799,December,29,1799-12-29
1800-01-05,1800,January,5,1800-01-01
1800-01-12,1800,January,12,1800-01-12
1800-01-19,1800,January,19,1800-01-19
1800-01-26,1800,January,26,1800-01-26
1800-02-02,1800,February,2,1800-02-01
1800-02-09,1800,February,9,1800-02-09
1800-02-16,1800,February,16,1800-02-16
1800-02-23,1800,February,23,1800-02-23
1800-03-02,1800,March,2,1800-03-01
1800-03-09,1800,March,9,1800-03-09
1800-03-16,1800,March,16,1800-03-16
1800-03-23,1800,March,23,1800-03-23
1800-03-30,1800,March,30,1800-03-30
1800-04-06,1800,April,6,1800-04-01
1800-04-13,1800,April,13,1800-04-13
1800-04-20,1800,April,20,1800-04-20
1800-04-27,1800,April,27,1800-04-27
1800-05-04,1800,May,4,1800-05-01
1800-05-11,1800,May,11,1800-05-11
1800-05-18,1800,May,18,1800-05-18
1800-05-25,1800,May,25,1800-05-25
1800-06-01,1800,June,1,1800-06-01
1800-06-08,1800,June,8,1800-06-08
1800-06-15,1800,June,15,1800-06-15
1800-06-22,1800,June,22,1800-06-22
1800-06-29,1800,June,29,1800-06-29
1800-07-06,1800,July,6,1800-07-01
1800-07-13,1800,July,13,1800-07-13
1800-07-20,1800,July,20,1800-07-20
1800-07-27,1800,July,27,1800-07-27
1800-08-03,1800,August,3,1800-08-01
1800-08-10,1800,August,10,1800-08-10
1800-08-17,1800,August,17,1800-08-17
1800-08-24,1800,August,24,1800-08-24
1800-08-31,1800,August,31,1800-08-31
1800-09-07,1800,September,7,1800-09-01
1800-09-14,1800,September,14,1800-09-14
1800-09-21,1800,September,21,1800-09-21
1800-09-28,1800,September,28,1800-09-28
1800-10-05,1800,October,5,1800-10-01
1800-10-12,1800,October,12,1800-10-12
1800-10-19,1800,October,19,1800-10-19
1800-10-26,1800,October,26,1800-10-26
1800-11-02,1800,November,2,1800-11-01
1800-11-09,1800,November,9,1800-11-09
1800-11-16,1800,November,16,1800-11-16
1800-11-23,1800,November,23,1800-11-23
1800-11-30,1800,November,30,1800-11-30
1800-12-07,1800,December,7,1800-12-01
1800-12-14,1800,December,14,1800-12-14
1800-12-21,1800,December,21,1800-12-21
1800-12-28,1800,December,28,1800-12-28
1801-01-04,1801,January,4,1801-01-01
1801-01-11,1801,January,11,1801-01-11
1801-01-18,1801,January,18,1801-01-18
1801-01-25,1801,January,25,1801-01-25
1801-02-01,1801,February,1,1801-02-01
1801-02-08,1801,February,8,1801-02-08
1801-02-15,1801,February,15,1801-02-15
1801-02-22,1801,February,22,1801-02-22
1801-03-01,1801,March,1,1801-03-01
1801-03-08,1801,March,8,1801-03-08
1801-03-15,1801,March,15,1801-03-15
1801-03-22,1801,March,22,1801-03-22
1801-03-29,1801,March,29,1801-03-29
1801-04-05,1801,April,5,1801-04-01
1801-04-12,1801,April,12,1801-04-12
1801-04-19,1801,April,19,1801-04-19
1801-04-26,1801,April,26,1801-04-26
1801-05-03,1801,May,3,1801-05-01
1801-05-10,1801,May,10,1801-05-10
1801-05-17,1801,May,17,1801-05-17
1801-05-24,1801,May,24,1801-05-24
1801-05-31,1801,May,31,1801-05-31
1801-06-07,1801,June,7,1801-06-01
1801-06-14,1801,June,14,1801-06-14
1801-06-21,1801,June,21,1801-06-21
1801-06-28,1801,June,28,1801-06-28
1801-07-05,1801,July,5,1801-07-01
1801-07-12,1801,July,12,1801-07-12
1801-07-19,1801,July,19,1801-07-19
1801-07-26,1801,July,26,1801-07-26
1801-08-02,1801,August,2,1801-08-01
1801-08-09,1801,August,9,1801-08-09
1801-08-16,1801,August,16,1801-08-16
1801-08-23,1801,August,23,1801-08-23
1801-08-30,1801,August,30,1801-08-30
1801-09-06,1801,September,6,1801-09-01
1801-09-13,1801,September,13,1801-09-13
1801-09-20,1801,September,20,1801-09-20
1801-09-27,1801,September,27,1801-09-27
1801-10-04,1801,October,4,1801-10-01
1801-10-11,1801,October,11,1801-10-11
1801-10-18,1801,October,18,1801-10-18
1801-10-25,1801,October,25,1801-10-25
1801-11-01,1801,November,1,1801-11-01
1801-11-08,1801,November,8,1801-11-08
1801-11-15,1801,November,15,1801-11-15
1801-11-22,1801,November,22,1801-11-22
1801-11-29,1801,November,29,1801-11-29
1801-12-06,1801,December,6,1801-12-01
1801-12-13,1801,December,13,1801-12-13
1801-12-20,1801,December,20,1801-12-20
1801-12-27,1801,December,27,1801-12-27
1802-01-03,1802,January,3,1802-01-01
1802-01-10,1802,January,10,1802-01-10
1802-01-17,1802,January,17,1802-01-17
1802-01-24,1802,January,24,1802-01-24
1802-01-31,1802,January,31,1802-01-31
1802-02-07,1802,February,7,1802-02-01
1802-02-14,1802,February,14,1802-02-14
1802-02-21,1802,February,21,1802-02-21
1802-02-28,1802,February,28,1802-02-28
1802-03-07,1802,March,7,1802-03-01
1802-03-14,1802,March,14,1802-03-14
1802-03-21,1802,March,21,1802-03-21
1802-03-28,1802,March,28,1802-03-28
1802-04-04,1802,April,4,1802-04-01
1802-04-11,1802,April,11,1802-04-11
1802-04-18,1802,April,18,1802-04-18
1802-04-25,1802,April,25,1802-04-25
1802-05-02,1802,May,2,1802-05-01
1802-05-09,1802,May,9,1802-05-09
1802-05-16,1802,May,16,1802-05-16
1802-05-23,1802,May,23,1802-05-23
1802-05-30,1802,May,30,1802-05-30
1802-06-06,1802,June,6,1802-06-01
1802-06-13,1802,June,13,1802-06-13
1802-06-20,1802,June,20,1802-06-20
1802-06-27,1802,June,27,1802-06-27
1802-07-04,1802,July,4,1802-07-01
1802-07-11,1802,July,11,1802-07-11
1802-07-18,1802,July,18,1802-07-18
1802-07-25,1802,July,25,1802-07-25
1802-08-01,1802,August,1,1802-08-01
1802-08-08,1802,August,8,1802-08-08
1802-08-15,1802,August,15,1802-08-15
1802-08-22,1802,August,22,1802-08-22
1802-08-29,1802,August,29,1802-08-29
1802-09-05,1802,September,5,1802-09-01
1802-09-12,1802,September,12,1802-09-12
1802-09-19,1802,September,19,1802-09-19
1802-09-26,1802,September,26,1802-09-26
1802-10-03,1802,October,3,1802-10-01
1802-10-10,1802,October,10,1802-10-10
1802-10-17,1802,October,17,1802-10-17
1802-10-24,1802,October,24,1802-10-24
1802-10-31,1802,October,31,1802-10-31
1802-11-07,1802,November,7,1802-11-01
1802-11-14,1802,November,14,1802-11-14
1802-11-21,1802,November,21,1802-11-21
1802-11-28,1802,November,28,1802-11-28
1802-12-05,1802,December,5,1802-12-01
1802-12-12,1802,December,12,1802-12-12
1802-12-19,1802,December,19,1802-12-19
1802-12-26,1802,December,26,1802-12-26
1803-01-02,1803,January,2,1803-01-01
1803-01-09,1803,January,9,1803-01-09
1803-01-16,1803,January,16,1803-01-16
1803-01-23,1803,January,23,1803-01-23
1803-01-30,1803,January,30,1803-01-30
1803-02-06,1803,February,6,1803-02-01
1803-02-13,1803,February,13,1803-02-13
1803-02-20,1803,February,20,1803-02-20
1803-02-27,1803,February,27,1803-02-27
1803-03-06,1803,March,6,1803-03-01
1803-03-13,1803,March,13,1803-03-13
1803-03-20,1803,March,20,1803-03-20
1803-03-27,1803,March,27,1803-03-27
1803-04-03,1803,April,3,1803-04-01
1803-04-10,1803,April,10,1803-04-10
1803-04-17,1803,April,17,1803-04-17
1803-04-24,1803,April,24,1803-04-24
1803-05-01,1803,May,1,1803-05-01
1803-05-08,1803,May,8,1803-05-08
1803-05-15,1803,May,15,1803-05-15
1803-05-22,1803,May,22,1803-05-22
1803-05-29,1803,May,29,1803-05-29
1803-06-05,1803,June,5,1803-06-01
1803-06-12,1803,June,12,1803-06-12
1803-06-19,1803,June,19,1803-06-19
1803-06-26,1803,June,26,1803-06-26
1803-07-03,1803,July,3,1803-07-01
1803-07-10,1803,July,10,1803-07-10
1803-07-17,1803,July,17,1803-07-17
1803-07-24,1803,July,24,1803-07-24
1803-07-31,1803,July,31,1803-07-31
1803-08-07,1803,August,7,1803-08-01
1803-08-14,1803,August,14,1803-08-14
1803-08-21,1803,August,21,1803-08-21
1803-08-28,1803,August,28,1803-08-28
1803-09-04,1803,September,4,1803-09-01
1803-09-11,1803,September,11,1803-09-11
1803-09-18,1803,September,18,1803-09-18
1803-09-25,1803,September,25,1803-09-25
1803-10-02,1803,October,2,1803-10-01
1803-10-09,1803,October,9,1803-10-09
1803-10-16,1803,October,16,1803-10-16
1803-10-23,1803,October,23,1803-10-23
1803-10-30,1803,October,30,1803-10-30
1803-11-06,1803,November,6,1803-11-01
1803-11-13,1803,November,13,1803-11-13
1803-11-20,1803,November,20,1803-11-20
1803-11-27,1803,November,27,1803-11-27
1803-12-04,1803,December,4,1803-12-01
1803-12-11,1803,December,11,1803-12-11
1803-12-18,1803,December,18,1803-12-18
1803-12-25,1803,December,25,1803-12-25
1804-01-01,1804,January,1,1804-01-01
1804-01-08,1804,January,8,1804-01-08
1804-01-15,1804,January,15,1804-01-15
1804-01-22,1804,January,22,1804-01-22
1804-01-29,1804,January,29,1804-01-29
1804-02-05,1804,February,5,1804-02-01
1804-02-12,1804,February,12,1804-02-12
1804-02-19,1804,February,19,1804-02-19
1804-02-26,1804,February,26,1804-02-26
1804-03-04,1804,March,4,1804-03-01
1804-03-11,1804,March,11,1804-03-11
1804-03-18,1804,March,18,1804-03-18
1804-03-25,1804,March,25,1804-03-25
1804-04-01,1804,April,1,1804-04-01
1804-04-08,1804,April,8,1804-04-08
1804-04-15,1804,April,15,1804-04-15
1804-04-22,1804,April,22,1804-04-22
1804-04-29,1804,April,29,1804-04-29
1804-05-06,1804,May,6,1804-05-01
1804-05-13,1804,May,13,1804-05-13
1804-05-20,1804,May,20,1804-05-20
1804-05-27,1804,May,27,1804-05-27
1804-06-03,1804,June,3,1804-06-01
1804-06-10,1804,June,10,1804-06-10
1804-06-17,1804,June,17,1804-06-17
1804-06-24,1804,June,24,1804-06-24
1804-07-01,1804,July,1,1804-07-01
1804-07-08,1804,July,8,1804-07-08
1804-07-15,1804,July,15,1804-07-15
1804-07-22,1804,July,22,1804-07-22
1804-07-29,1804,July,29,1804-07-29
1804-08-05,1804,August,5,1804-08-01
1804-08-12,1804,August,12,1804-08-12
1804-08-19,1804,August,19,1804-08-19
1804-08-26,1804,August,26,1804-08-26
1804-09-02,1804,September,2,1804-09-01
1804-09-09,1804,September,9,1804-09-09
1804-09-16,1804,September,16,1804-09-16
1804-09-23,1804,September,23,1804-09-23
1804-09-30,1804,September,30,1804-09-30
1804-10-07,1804,October,7,1804-10-01
1804-10-14,1804,October,14,1804-10-14
1804-10-21,1804,October,21,1804-10-21
1804-10-28,1804,October,28,1804-10-28
1804-11-04,1804,November,4,1804-11-01
1804-11-11,1804,November,11,1804-11-11
1804-11-18,1804,November,18,1804-11-18
1804-11-25,1804,November,25,1804-11-25
1804-12-02,1804,December,2,1804-12-01
1804-12-09,1804,December,9,1804-12-09
1804-12-16,1804,December,16,1804-12-16
1804-12-23,1804,December,23,1804-12-23
1804-12-30,1804,December,30,1804-12-30
1805-01-06,1805,January,6,1805-01-01
1805-01-13,1805,January,13,1805-01-13
1805-01-20,1805,January,20,1805-01-20
1805-01-27,1805,January,27,1805-01-27
1805-02-03,1805,February,3,1805-02-01
1805-02-10,1805,February,10,1805-02-10
1805-02-17,1805,February,17,1805-02-17
1805-02-24,1805,February,24,1805-02-24
1805-03-03,1805,March,3,1805-03-01
1805-03-10,1805,March,10,1805-03-10
1805-03-17,1805,March,17,1805-03-17
1805-03-24,1805,March,24,1805-03-24
1805-03-31,1805,March,31,1805-03-31
1805-04-07,1805,April,7,1805-04-01
1805-04-14,1805,April,14,1805-04-14
1805-04-21,1805,April,21,1805-04-21
1805-04-28,1805,April,28,1805-04-28
1805-05-05,1805,May,5,1805-05-01
1805-05-12,1805,May,12,1805-05-12
1805-05-19,1805,May,19,1805-05-19
1805-05-26,1805,May,26,1805-05-26
1805-06-02,1805,June,2,1805-06-01
1805-06-09,1805,June,9,1805-06-09
1805-06-16,1805,June,16,1805-06-16
1805-06-23,1805,June,23,1805-06-23
1805-06-30,1805,June,30,1805-06-30
1805-07-07,1805,July,7,1805-07-01
1805-07-14,1805,July,14,1805-07-14
1805-07-21,1805,July,21,1805-07-21
1805-07-28,1805,July,28,1805-07-28
1805-08-04,1805,August,4,1805-08-01
1805-08-11,1805,August,11,1805-08-11
1805-08-18,1805,August,18,1805-08-18
1805-08-25,1805,August,25,1805-08-25
1805-09-01,1805,September,1,1805-09-01
1805-09-08,1805,September,8,1805-09-08
1805-09-15,1805,September,15,1805-09-15
1805-09-22,1805,September,22,1805-09-22
1805-09-29,1805,September,29,1805-09-29
1805-10-06,1805,October,6,1805-10-01
1805-10-13,1805,October,13,1805-10-13
1805-10-20,1805,October,20,1805-10-20
1805-10-27,1805,October,27,1805-10-27
1805-11-03,1805,November,3,1805-11-01
1805-11-10,1805,November,10,1805-11-10
1805-11-17,1805,November,17,1805-11-17
1805-11-24,1805,November,24,1805-11-24
1805-12-01,1805,December,1,1805-12-01
1805-12-08,1805,December,8,1805-12-08
1805-12-15,1805,December,15,1805-12-15
1805-12-22,1805,December,22,1805-12-22
1805-12-29,1805,December,29,1805-12-29
1806-01-05,1806,January,5,1806-01-01
1806-01-12,1806,January,12,1806-01-12
1806-01-19,1806,January,19,1806-01-19
1806-01-26,1806,January,26,1806-01-26
1806-02-02,1806,February,2,1806-02-01
1806-02-09,1806,February,9,1806-02-09
1806-02-16,1806,February,16,1806-02-16
1806-02-23,1806,February,23,1806-02-23
1806-03-02,1806,March,2,1806-03-01
1806-03-09,1806,March,9,1806-03-09
1806-03-16,1806,March,16,1806-03-16
1806-03-23,1806,March,23,1806-03-23
1806-03-30,1806,March,30,1806-03-30
1806-04-06,1806,April,6,1806-04-01
1806-04-13,1806,April,13,1806-04-13
1806-04-20,1806,April,20,1806-04-20
1806-04-27,1806,April,27,1806-04-27
1806-05-04,1806,May,4,1806-05-01
1806-05-11,1806,May,11,1806-05-11
1806-05-18,1806,May,18,1806-05-18
1806-05-25,1806,May,25,1806-05-25
1806-06-01,1806,June,1,1806-06-01
1806-06-08,1806,June,8,1806-06-08
1806-06-15,1806,June,15,1806-06-15
1806-06-22,1806,June,22,1806-06-22
1806-06-29,1806,June,29,1806-06-29
1806-07-06,1806,July,6,1806-07-01
1806-07-13,1806,July,13,1806-07-13
1806-07-20,1806,July,20,1806-07-20
1806-07-27,1806,July,27,1806-07-27
1806-08-03,1806,August,3,1806-08-01
1806-08-10,1806,August,10,1806-08-10
1806-08-17,1806,August,17,1806-08-17
1806-08-24,1806,August,24,1806-08-24
1806-08-31,1806,August,31,1806-08-31
1806-09-07,1806,September,7,1806-09-01
1806-09-14,1806,September,14,1806-09-14
1806-09-21,1806,September,21,1806-09-21
1806-09-28,1806,September,28,1806-09-28
1806-10-05,1806,October,5,1806-10-01
1806-10-12,1806,October,12,1806-10-12
1806-10-19,1806,October,19,1806-10-19
1806-10-26,1806,October,26,1806-10-26
1806-11-02,1806,November,2,1806-11-01
1806-11-09,1806,November,9,1806-11-09
1806-11-16,1806,November,16,1806-11-16
1806-11-23,1806,November,23,1806-11-23
1806-11-30,1806,November,30,1806-11-30
1806-12-07,1806,December,7,1806-12-01
1806-12-14,1806,December,14,1806-12-14
1806-12-21,1806,December,21,1806-12-21
1806-12-28,1806,December,28,1806-12-28
1807-01-04,1807,January,4,1807-01-01
1807-01-11,1807,January,11,1807-01-11
1807-01-18,1807,January,18,1807-01-18
1807-01-25,1807,January,25,1807-01-25
1807-02-01,1807,February,1,1807-02-01
1807-02-08,1807,February,8,1807-02-08
1807-02-15,1807,February,15,1807-02-15
1807-02-22,1807,February,22,1807-02-22
1807-03-01,1807,March,1,1807-03-01
1807-03-08,1807,March,8,1807-03-08
1807-03-15,1807,March,15,1807-03-15
1807-03-22,1807,March,22,1807-03-22
1807-03-29,1807,March,29,1807-03-29
1807-04-05,1807,April,5,1807-04-01
1807-04-12,1807,April,12,1807-04-12
1807-04-19,1807,April,19,1807-04-19
1807-04-26,1807,April,26,1807-04-26
1807-05-03,1807,May,3,1807-05-01
1807-05-10,1807,May,10,1807-05-10
1807-05-17,1807,May,17,1807-05-17
1807-05-24,1807,May,24,1807-05-24
1807-05-31,1807,May,31,1807-05-31
1807-06-07,1807,June,7,1807-06-01
1807-06-14,1807,June,14,1807-06-14
1807-06-21,1807,June,21,1807-06-21
1807-06-28,1807,June,28,1807-06-28
1807-07-05,1807,July,5,1807-07-01
1807-07-12,1807,July,12,1807-07-12
1807-07-19,1807,July,19,1807-07-19
1807-07-26,1807,July,26,1807-07-26
1807-08-02,1807,August,2,1807-08-01
1807-08-09,1807,August,9,1807-08-09
1807-08-16,1807,August,16,1807-08-16
1807-08-23,1807,August,23,1807-08-23
1807-08-30,1807,August,30,1807-08-30
1807-09-06,1807,September,6,1807-09-01
1807-09-13,1807,September,13,1807-09-13
1807-09-20,1807,September,20,1807-09-20
1807-09-27,1807,September,27,1807-09-27
1807-10-04,1807,October,4,1807-10-01
1807-10-11,1807,October,11,1807-10-11
1807-10-18,1807,October,18,1807-10-18
1807-10-25,1807,October,25,1807-10-25
1807-11-01,1807,November,1,1807-11-01
1807-11-08,1807,November,8,1807-11-08
1807-11-15,1807,November,15,1807-11-15
1807-11-22,1807,November,22,1807-11-22
1807-11-29,1807,November,29,1807-11-29
1807-12-06,1807,December,6,1807-12-01
1807-12-13,1807,December,13,1807-12-13
1807-12-20,1807,December,20,1807-12-20
1807-12-27,1807,December,27,1807-12-27
1808-01-03,1808,January,3,1808-01-01
1808-01-10,1808,January,10,1808-01-10
1808-01-17,1808,January,17,1808-01-17
1808-01-24,1808,January,24,1808-01-24
1808-01-31,1808,January,31,1808-01-31
1808-02-07,1808,February,7,1808-02-01
1808-02-14,1808,February,14,1808-02-14
1808-02-21,1808,February,21,1808-02-21
1808-02-28,1808,February,28,1808-02-28
1808-03-06,1808,March,6,1808-03-01
1808-03-13,1808,March,13,1808-03-13
1808-03-20,1808,March,20,1808-03-20
1808-03-27,1808,March,27,1808-03-27
1808-04-03,1808,April,3,1808-04-01
1808-04-10,1808,April,10,1808-04-10
1808-04-17,1808,April,17,1808-04-17
1808-04-24,1808,April,24,1808-04-24
1808-05-01,1808,May,1,1808-05-01
1808-05-08,1808,May,8,1808-05-08
1808-05-15,1808,May,15,1808-05-15
1808-05-22,1808,May,22,1808-05-22
1808-05-29,1808,May,29,1808-05-29
1808-06-05,1808,June,5,1808-06-01
1808-06-12,1808,June,12,1808-06-12
1808-06-19,1808,June,19,1808-06-19
1808-06-26,1808,June,26,1808-06-26
1808-07-03,1808,July,3,1808-07-01
1808-07-10,1808,July,10,1808-07-10
1808-07-17,1808,July,17,1808-07-17
1808-07-24,1808,July,24,1808-07-24
1808-07-31,1808,July,31,1808-07-31
1808-08-07,1808,August,7,1808-08-01
1808-08-14,1808,August,14,1808-08-14
1808-08-21,1808,August,21,1808-08-21
1808-08-28,1808,August,28,1808-08-28
1808-09-04,1808,September,4,1808-09-01
1808-09-11,1808,September,11,1808-09-11
1808-09-18,1808,September,18,1808-09-18
1808-09-25,1808,September,25,1808-09-25
1808-10-02,1808,October,2,1808-10-01
1808-10-09,1808,October,9,1808-10-09
1808-10-16,1808,October,16,1808-10-16
1808-10-23,1808,October,23,1808-10-23
1808-10-30,1808,October,30,1808-10-30
1808-11-06,1808,November,6,1808-11-01
1808-11-13,1808,November,13,1808-11-13
1808-11-20,1808,November,20,1808-11-20
1808-11-27,1808,November,27,1808-11-27
1808-12-04,1808,December,4,1808-12-01
1808-12-11,1808,December,11,1808-12-11
1808-12-18,1808,December,18,1808-12-18
1808-12-25,1808,December,25,1808-12-25
1809-01-01,1809,January,1,1809-01-01
1809-01-08,1809,January,8,1809-01-08
1809-01-15,1809,January,15,1809-01-15
1809-01-22,1809,January,22,1809-01-22
1809-01-29,1809,January,29,1809-01-29
1809-02-05,1809,February,5,1809-02-01
1809-02-12,1809,February,12,1809-02-12
1809-02-19,1809,February,19,1809-02-19
1809-02-26,1809,February,26,1809-02-26
1809-03-05,1809,March,5,1809-03-01
1809-03-12,1809,March,12,1809-03-12
1809-03-19,1809,March,19,1809-03-19
1809-03-26,1809,March,26,1809-03-26
1809-04-02,1809,April,2,1809-04-01
1809-04-09,1809,April,9,1809-04-09
1809-04-16,1809,April,16,1809-04-16
1809-04-23,1809,April,23,1809-04-23
1809-04-30,1809,April,30,1809-04-30
1809-05-07,1809,May,7,1809-05-01
1809-05-14,1809,May,14,1809-05-14
1809-05-21,1809,May,21,1809-05-21
1809-05-28,1809,May,28,1809-05-28
1809-06-04,1809,June,4,1809-06-01
1809-06-11,1809,June,11,1809-06-11
1809-06-18,1809,June,18,1809-06-18
1809-06-25,1809,June,25,1809-06-25
1809-07-02,1809,July,2,1809-07-01
1809-07-09,1809,July,9,1809-07-09
1809-07-16,1809,July,16,1809-07-16
1809-07-23,1809,July,23,1809-07-23
1809-07-30,1809,July,30,1809-07-30
1809-08-06,1809,August,6,1809-08-01
1809-08-13,1809,August,13,1809-08-13
1809-08-20,1809,August,20,1809-08-20
1809-08-27,1809,August,27,1809-08-27
1809-09-03,1809,September,3,1809-09-01
1809-09-10,1809,September,10,1809-09-10
1809-09-17,1809,September,17,1809-09-17
1809-09-24,1809,September,24,1809-09-24
1809-10-01,1809,October,1,1809-10-01
1809-10-08,1809,October,8,1809-10-08
1809-10-15,1809,October,15,1809-10-15
1809-10-22,1809,October,22,1809-10-22
1809-10-29,1809,October,29,1809-10-29
1809-11-05,1809,November,5,1809-11-01
1809-11-12,1809,November,12,1809-11-12
1809-11-19,1809,November,19,1809-11-19
1809-11-26,1809,November,26,1809-11-26
1809-12-03,1809,December,3,1809-12-01
1809-12-10,1809,December,10,1809-12-10
1809-12-17,1809,December,17,1809-12-17
1809-12-24,1809,December,24,1809-12-24
1809-12-31,1809,December,31,1809-12-31
1810-01-07,1810,January,7,1810-01-01
1810-01-14,1810,January,14,1810-01-14
1810-01-21,1810,January,21,1810-01-21
1810-01-28,1810,January,28,1810-01-28
1810-02-04,1810,February,4,1810-02-01
1810-02-11,1810,February,11,1810-02-11
1810-02-18,1810,February,18,1810-02-18
1810-02-25,1810,February,25,1810-02-25
1810-03-04,1810,March,4,1810-03-01
1810-03-11,1810,March,11,1810-03-11
1810-03-18,1810,March,18,1810-03-18
1810-03-25,1810,March,25,1810-03-25
1810-04-01,1810,April,1,1810-04-01
1810-04-08,1810,April,8,1810-04-08
1810-04-15,1810,April,15,1810-04-15
1810-04-22,1810,April,22,1810-04-22
1810-04-29,1810,April,29,1810-04-29
1810-05-06,1810,May,6,1810-05-01
1810-05-13,1810,May,13,1810-05-13
1810-05-20,1810,May,20,1810-05-20
1810-05-27,1810,May,27,1810-05-27
1810-06-03,1810,June,3,1810-06-01
1810-06-10,1810,June,10,1810-06-10
1810-06-17,1810,June,17,1810-06-17
1810-06-24,1810,June,24,1810-06-24
1810-07-01,1810,July,1,1810-07-01
1810-07-08,1810,July,8,1810-07-08
1810-07-15,1810,July,15,1810-07-15
1810-07-22,1810,July,22,1810-07-22
1810-07-29,1810,July,29,1810-07-29
1810-08-05,1810,August,5,1810-08-01
1810-08-12,1810,August,12,1810-08-12
1810-08-19,1810,August,19,1810-08-19
1810-08-26,1810,August,26,1810-08-26
1810-09-02,1810,September,2,1810-09-01
1810-09-09,1810,September,9,1810-09-09
1810-09-16,1810,September,16,1810-09-16
1810-09-23,1810,September,23,1810-09-23
1810-09-30,1810,September,30,1810-09-30
1810-10-07,1810,October,7,1810-10-01
1810-10-14,1810,October,14,1810-10-14
1810-10-21,1810,October,21,1810-10-21
1810-10-28,1810,October,28,1810-10-28
1810-11-04,1810,November,4,1810-11-01
1810-11-11,1810,November,11,1810-11-11
1810-11-18,1810,November,18,1810-11-18
1810-11-25,1810,November,25,1810-11-25
1810-12-02,1810,December,2,1810-12-01
1810-12-09,1810,December,9,1810-12-09
1810-12-16,1810,December,16,1810-12-16
1810-12-23,1810,December,23,1810-12-23
1810-12-30,1810,December,30,1810-12-30
1811-01-06,1811,January,6,1811-01-01
1811-01-13,1811,January,13,1811-01-13
1811-01-20,1811,January,20,1811-01-20
1811-01-27,1811,January,27,1811-01-27
1811-02-03,1811,February,3,1811-02-01
1811-02-10,1811,February,10,1811-02-10
1811-02-17,1811,February,17,1811-02-17
1811-02-24,1811,February,24,1811-02-24
1811-03-03,1811,March,3,1811-03-01
1811-03-10,1811,March,10,1811-03-10
1811-03-17,1811,March,17,1811-03-17
1811-03-24,1811,March,24,1811-03-24
1811-03-31,1811,March,31,1811-03-31
1811-04-07,1811,April,7,1811-04-01
1811-04-14,1811,April,14,1811-04-14
1811-04-21,1811,April,21,1811-04-21
1811-04-28,1811,April,28,1811-04-28
1811-05-05,1811,May,5,1811-05-01
1811-05-12,1811,May,12,1811-05-12
1811-05-19,1811,May,19,1811-05-19
1811-05-26,1811,May,26,1811-05-26
1811-06-02,1811,June,2,1811-06-01
1811-06-09,1811,June,9,1811-06-09
1811-06-16,1811,June,16,1811-06-16
1811-06-23,1811,June,23,1811-06-23
1811-06-30,1811,June,30,1811-06-30
1811-07-07,1811,July,7,1811-07-01
1811-07-14,1811,July,14,1811-07-14
1811-07-21,1811,July,21,1811-07-21
1811-07-28,1811,July,28,1811-07-28
1811-08-04,1811,August,4,1811-08-01
1811-08-11,1811,August,11,1811-08-11
1811-08-18,1811,August,18,1811-08-18
1811-08-25,1811,August,25,1811-08-25
1811-09-01,1811,September,1,1811-09-01
1811-09-08,1811,September,8,1811-09-08
1811-09-15,1811,September,15,1811-09-15
1811-09-22,1811,September,22,1811-09-22
1811-09-29,1811,September,29,1811-09-29
1811-10-06,1811,October,6,1811-10-01
1811-10-13,1811,October,13,1811-10-13
1811-10-20,1811,October,20,1811-10-20
1811-10-27,1811,October,27,1811-10-27
1811-11-03,1811,November,3,1811-11-01
1811-11-10,1811,November,10,1811-11-10
1811-11-17,1811,November,17,1811-11-17
1811-11-24,1811,November,24,1811-11-24
1811-12-01,1811,December,1,1811-12-01
1811-12-08,1811,December,8,1811-12-08
1811-12-15,1811,December,15,1811-12-15
1811-12-22,1811,December,22,1811-12-22
1811-12-29,1811,December,29,1811-12-29
1812-01-05,1812,January,5,1812-01-01
1812-01-12,1812,January,12,1812-01-12
1812-01-19,1812,January,19,1812-01-19
1812-01-26,1812,January,26,1812-01-26
1812-02-02,1812,February,2,1812-02-01
1812-02-09,1812,February,9,1812-02-09
1812-02-16,1812,February,16,1812-02-16
1812-02-23,1812,February,23,1812-02-23
1812-03-01,1812,March,1,1812-03-01
1812-03-08,1812,March,8,1812-03-08
1812-03-15,1812,March,15,1812-03-15
1812-03-22,1812,March,22,1812-03-22
1812-03-29,1812,March,29,1812-03-29
1812-04-05,1812,April,5,1812-04-01
1812-04-12,1812,April,12,1812-04-12
1812-04-19,1812,April,19,1812-04-19
1812-04-26,1812,April,26,1812-04-26
1812-05-03,1812,May,3,1812-05-01
1812-05-10,1812,May,10,1812-05-10
1812-05-17,1812,May,17,1812-05-17
1812-05-24,1812,May,24,1812-05-24
1812-05-31,1812,May,31,1812-05-31
1812-06-07,1812,June,7,1812-06-01
1812-06-14,1812,June,14,1812-06-14
1812-06-21,1812,June,21,1812-06-21
1812-06-28,1812,June,28,1812-06-28
1812-07-05,1812,July,5,1812-07-01
1812-07-12,1812,July,12,1812-07-12
1812-07-19,1812,July,19,1812-07-19
1812-07-26,1812,July,26,1812-07-26
1812-08-02,1812,August,2,1812-08-01
1812-08-09,1812,August,9,1812-08-09
1812-08-16,1812,August,16,1812-08-16
1812-08-23,1812,August,23,1812-08-23
1812-08-30,1812,August,30,1812-08-30
1812-09-06,1812,September,6,1812-09-01
1812-09-13,1812,September,13,1812-09-13
1812-09-20,1812,September,20,1812-09-20
1812-09-27,1812,September,27,1812-09-27
1812-10-04,1812,October,4,1812-10-01
1812-10-11,1812,October,11,1812-10-11
1812-10-18,1812,October,18,1812-10-18
1812-10-25,1812,October,25,1812-10-25
1812-11-01,1812,November,1,1812-11-01
1812-11-08,1812,November,8,1812-11-08
1812-11-15,1812,November,15,1812-11-15
1812-11-22,1812,November,22,1812-11-22
1812-11-29,1812,November,29,1812-11-29
1812-12-06,1812,December,6,1812-12-01
1812-12-13,1812,December,13,1812-12-13
1812-12-20,1812,December,20,1812-12-20
1812-12-27,1812,December,27,1812-12-27
1813-01-03,1813,January,3,1813-01-01
1813-01-10,1813,January,10,1813-01-10
1813-01-17,1813,January,17,1813-01-17
1813-01-24,1813,January,24,1813-01-24
1813-01-31,1813,January,31,1813-01-31
1813-02-07,1813,February,7,1813-02-01
1813-02-14,1813,February,14,1813-02-14
1813-02-21,1813,February,21,1813-02-21
1813-02-28,1813,February,28,1813-02-28
1813-03-07,1813,March,7,1813-03-01
1813-03-14,1813,March,14,1813-03-14
1813-03-21,1813,March,21,1813-03-21
1813-03-28,1813,March,28,1813-03-28
1813-04-04,1813,April,4,1813-04-01
1813-04-11,1813,April,11,1813-04-11
1813-04-18,1813,April,18,1813-04-18
1813-04-25,1813,April,25,1813-04-25
1813-05-02,1813,May,2,1813-05-01
1813-05-09,1813,May,9,1813-05-09
1813-05-16,1813,May,16,1813-05-16
1813-05-23,1813,May,23,1813-05-23
1813-05-30,1813,May,30,1813-05-30
1813-06-06,1813,June,6,1813-06-01
1813-06-13,1813,June,13,1813-06-13
1813-06-20,1813,June,20,1813-06-20
1813-06-27,1813,June,27,1813-06-27
1813-07-04,1813,July,4,1813-07-01
1813-07-11,1813,July,11,1813-07-11
1813-07-18,1813,July,18,1813-07-18
1813-07-25,1813,July,25,1813-07-25
1813-08-01,1813,August,1,1813-08-01
1813-08-08,1813,August,8,1813-08-08
1813-08-15,1813,August,15,1813-08-15
1813-08-22,1813,August,22,1813-08-22
1813-08-29,1813,August,29,1813-08-29
1813-09-05,1813,September,5,1813-09-01
1813-09-12,1813,September,12,1813-09-12
1813-09-19,1813,September,19,1813-09-19
1813-09-26,1813,September,26,1813-09-26
1813-10-03,1813,October,3,1813-10-01
1813-10-10,1813,October,10,1813-10-10
1813-10-17,1813,October,17,1813-10-17
1813-10-24,1813,October,24,1813-10-24
1813-10-31,1813,October,31,1813-10-31
1813-11-07,1813,November,7,1813-11-01
1813-11-14,1813,November,14,1813-11-14
1813-11-21,1813,November,21,1813-11-21
1813-11-28,1813,November,28,1813-11-28
1813-12-05,1813,December,5,1813-12-01
1813-12-12,1813,December,12,1813-12-12
1813-12-19,1813,December,19,1813-12-19
1813-12-26,1813,December,26,1813-12-26
1814-01-02,1814,January,2,1814-01-01
1814-01-09,1814,January,9,1814-01-09
1814-01-16,1814,January,16,1814-01-16
1814-01-23,1814,January,23,1814-01-23
1814-01-30,1814,January,30,1814-01-30
1814-02-06,1814,February,6,1814-02-01
1814-02-13,1814,February,13,1814-02-13
1814-02-20,1814,February,20,1814-02-20
1814-02-27,1814,February,27,1814-02-27
1814-03-06,1814,March,6,1814-03-01
1814-03-13,1814,March,13,1814-03-13
1814-03-20,1814,March,20,1814-03-20
1814-03-27,1814,March,27,1814-03-27
1814-04-03,1814,April,3,1814-04-01
1814-04-10,1814,April,10,1814-04-10
1814-04-17,1814,April,17,1814-04-17
1814-04-24,1814,April,24,1814-04-24
1814-05-01,1814,May,1,1814-05-01
1814-05-08,1814,May,8,1814-05-08
1814-05-15,1814,May,15,1814-05-15
1814-05-22,1814,May,22,1814-05-22
1814-05-29,1814,May,29,1814-05-29
1814-06-05,1814,June,5,1814-06-01
1814-06-12,1814,June,12,1814-06-12
1814-06-19,1814,June,19,1814-06-19
1814-06-26,1814,June,26,1814-06-26
1814-07-03,1814,July,3,1814-07-01
1814-07-10,1814,July,10,1814-07-10
1814-07-17,1814,July,17,1814-07-17
1814-07-24,1814,July,24,1814-07-24
1814-07-31,1814,July,31,1814-07-31
1814-08-07,1814,August,7,1814-08-01
1814-08-14,1814,August,14,1814-08-14
1814-08-21,1814,August,21,1814-08-21
1814-08-28,1814,August,28,1814-08-28
1814-09-04,1814,September,4,1814-09-01
1814-09-11,1814,September,11,1814-09-11
1814-09-18,1814,September,18,1814-09-18
1814-09-25,1814,September,25,1814-09-25
1814-10-02,1814,October,2,1814-10-01
1814-10-09,1814,October,9,1814-10-09
1814-10-16,1814,October,16,1814-10-16
1814-10-23,1814,October,23,1814-10-23
1814-10-30,1814,October,30,1814-10-30
1814-11-06,1814,November,6,1814-11-01
1814-11-13,1814,November,13,1814-11-13
1814-11-20,1814,November,20,1814-11-20
1814-11-27,1814,November,27,1814-11-27
1814-12-04,1814,December,4,1814-12-01
1814-12-11,1814,December,11,1814-12-11
1814-12-18,1814,December,18,1814-12-18
1814-12-25,1814,December,25,1814-12-25
1815-01-01,1815,January,1,1815-01-01
1815-01-08,1815,January,8,1815-01-08
1815-01-15,1815,January,15,1815-01-15
1815-01-22,1815,January,22,1815-01-22
1815-01-29,1815,January,29,1815-01-29
1815-02-05,1815,February,5,1815-02-01
1815-02-12,1815,February,12,1815-02-12
1815-02-19,1815,February,19,1815-02-19
1815-02-26,1815,February,26,1815-02-26
1815-03-05,1815,March,5,1815-03-01
1815-03-12,1815,March,12,1815-03-12
1815-03-19,1815,March,19,1815-03-19
1815-03-26,1815,March,26,1815-03-26
1815-04-02,1815,April,2,1815-04-01
1815-04-09,1815,April,9,1815-04-09
1815-04-16,1815,April,16,1815-04-16
1815-04-23,1815,April,23,1815-04-23
1815-04-30,1815,April,30,1815-04-30
1815-05-07,1815,May,7,1815-05-01
1815-05-14,1815,May,14,1815-05-14
1815-05-21,1815,May,21,1815-05-21
1815-05-28,1815,May,28,1815-05-28
1815-06-04,1815,June,4,1815-06-01
1815-06-11,1815,June,11,1815-06-11
1815-06-18,1815,June,18,1815-06-18
1815-06-25,1815,June,25,1815-06-25
1815-07-02,1815,July,2,1815-07-01
1815-07-09,1815,July,9,1815-07-09
1815-07-16,1815,July,16,1815-07-16
1815-07-23,1815,July,23,1815-07-23
1815-07-30,1815,July,30,1815-07-30
1815-08-06,1815,August,6,1815-08-01
1815-08-13,1815,August,13,1815-08-13
1815-08-20,1815,August,20,1815-08-20
1815-08-27,1815,August,27,1815-08-27
1815-09-03,1815,September,3,1815-09-01
1815-09-10,1815,September,10,1815-09-10
1815-09-17,1815,September,17,1815-09-17
1815-09-24,1815,September,24,1815-09-24
1815-10-01,1815,October,1,1815-10-01
1815-10-08,1815,October,8,1815-10-08
1815-10-15,1815,October,15,1815-10-15
1815-10-22,1815,October,22,1815-10-22
1815-10-29,1815,October,29,1815-10-29
1815-11-05,1815,November,5,1815-11-01
1815-11-12,1815,November,12,1815-11-12
1815-11-19,1815,November,19,1815-11-19
1815-11-26,1815,November,26,1815-11-26
1815-12-03,1815,December,3,1815-12-01
1815-12-10,1815,December,10,1815-12-10
1815-12-17,1815,December,17,1815-12-17
1815-12-24,1815,December,24,1815-12-24
1815-12-31,1815,December,31,1815-12-31
1816-01-07,1816,January,7,1816-01-01
1816-01-14,1816,January,14,1816-01-14
1816-01-21,1816,January,21,1816-01-21
1816-01-28,1816,January,28,1816-01-28
1816-02-04,1816,February,4,1816-02-01
1816-02-11,1816,February,11,1816-02-11
1816-02-18,1816,February,18,1816-02-18
1816-02-25,1816,February,25,1816-02-25
1816-03-03,1816,March,3,1816-03-01
1816-03-10,1816,March,10,1816-03-10
1816-03-17,1816,March,17,1816-03-17
1816-03-24,1816,March,24,1816-03-24
1816-03-31,1816,March,31,1816-03-31
1816-04-07,1816,April,7,1816-04-01
1816-04-14,1816,April,14,1816-04-14
1816-04-21,1816,April,21,1816-04-21
1816-04-28,1816,April,28,1816-04-28
1816-05-05,1816,May,5,1816-05-01
1816-05-12,1816,May,12,1816-05-12
1816-05-19,1816,May,19,1816-05-19
1816-05-26,1816,May,26,1816-05-26
1816-06-02,1816,June,2,1816-06-01
1816-06-09,1816,June,9,1816-06-09
1816-06-16,1816,June,16,1816-06-16
1816-06-23,1816,June,23,1816-06-23
1816-06-30,1816,June,30,1816-06-30
1816-07-07,1816,July,7,1816-07-01
1816-07-14,1816,July,14,1816-07-14
1816-07-21,1816,July,21,1816-07-21
1816-07-28,1816,July,28,1816-07-28
1816-08-04,1816,August,4,1816-08-01
1816-08-11,1816,August,11,1816-08-11
1816-08-18,1816,August,18,1816-08-18
1816-08-25,1816,August,25,1816-08-25
1816-09-01,1816,September,1,1816-09-01
1816-09-08,1816,September,8,1816-09-08
1816-09-15,1816,September,15,1816-09-15
1816-09-22,1816,September,22,1816-09-22
1816-09-29,1816,September,29,1816-09-29
1816-10-06,1816,October,6,1816-10-01
1816-10-13,1816,October,13,1816-10-13
1816-10-20,1816,October,20,1816-10-20
1816-10-27,1816,October,27,1816-10-27
1816-11-03,1816,November,3,1816-11-01
1816-11-10,1816,November,10,1816-11-10
1816-11-17,1816,November,17,1816-11-17
1816-11-24,1816,November,24,1816-11-24
1816-12-01,1816,December,1,1816-12-01
1816-12-08,1816,December,8,1816-12-08
1816-12-15,1816,December,15,1816-12-15
1816-12-22,1816,December,22,1816-12-22
1816-12-29,1816,December,29,1816-12-29
1817-01-05,1817,January,5,1817-01-01
1817-01-12,1817,January,12,1817-01-12
1817-01-19,1817,January,19,1817-01-19
1817-01-26,1817,January,26,1817-01-26
1817-02-02,1817,February,2,1817-02-01
1817-02-09,1817,February,9,1817-02-09
1817-02-16,1817,February,16,1817-02-16
1817-02-23,1817,February,23,1817-02-23
1817-03-02,1817,March,2,1817-03-01
1817-03-09,1817,March,9,1817-03-09
1817-03-16,1817,March,16,1817-03-16
1817-03-23,1817,March,23,1817-03-23
1817-03-30,1817,March,30,1817-03-30
1817-04-06,1817,April,6,1817-04-01
1817-04-13,1817,April,13,1817-04-13
1817-04-20,1817,April,20,1817-04-20
1817-04-27,1817,April,27,1817-04-27
1817-05-04,1817,May,4,1817-05-01
1817-05-11,1817,May,11,1817-05-11
1817-05-18,1817,May,18,1817-05-18
1817-05-25,1817,May,25,1817-05-25
1817-06-01,1817,June,1,1817-06-01
1817-06-08,1817,June,8,1817-06-08
1817-06-15,1817,June,15,1817-06-15
1817-06-22,1817,June,22,1817-06-22
1817-06-29,1817,June,29,1817-06-29
1817-07-06,1817,July,6,1817-07-01
1817-07-13,1817,July,13,1817-07-13
1817-07-20,1817,July,20,1817-07-20
1817-07-27,1817,July,27,1817-07-27
1817-08-03,1817,August,3,1817-08-01
1817-08-10,1817,August,10,1817-08-10
1817-08-17,1817,August,17,1817-08-17
1817-08-24,1817,August,24,1817-08-24
1817-08-31,1817,August,31,1817-08-31
1817-09-07,1817,September,7,1817-09-01
1817-09-14,1817,September,14,1817-09-14
1817-09-21,1817,September,21,1817-09-21
1817-09-28,1817,September,28,1817-09-28
1817-10-05,1817,October,5,1817-10-01
1817-10-12,1817,October,12,1817-10-12
1817-10-19,1817,October,19,1817-10-19
1817-10-26,1817,October,26,1817-10-26
1817-11-02,1817,November,2,1817-11-01
1817-11-09,1817,November,9,1817-11-09
1817-11-16,1817,November,16,1817-11-16
1817-11-23,1817,November,23,1817-11-23
1817-11-30,1817,November,30,1817-11-30
1817-12-07,1817,December,7,1817-12-01
1817-12-14,1817,December,14,1817-12-14
1817-12-21,1817,December,21,1817-12-21
1817-12-28,1817,December,28,1817-12-28
1818-01-04,1818,January,4,1818-01-01
1818-01-11,1818,January,11,1818-01-11
1818-01-18,1818,January,18,1818-01-18
1818-01-25,1818,January,25,1818-01-25
1818-02-01,1818,February,1,1818-02-01
1818-02-08,1818,February,8,1818-02-08
1818-02-15,1818,February,15,1818-02-15
1818-02-22,1818,February,22,1818-02-22
1818-03-01,1818,March,1,1818-03-01
1818-03-08,1818,March,8,1818-03-08
1818-03-15,1818,March,15,1818-03-15
1818-03-22,1818,March,22,1818-03-22
1818-03-29,1818,March,29,1818-03-29
1818-04-05,1818,April,5,1818-04-01
1818-04-12,1818,April,12,1818-04-12
1818-04-19,1818,April,19,1818-04-19
1818-04-26,1818,April,26,1818-04-26
1818-05-03,1818,May,3,1818-05-01
1818-05-10,1818,May,10,1818-05-10
1818-05-17,1818,May,17,1818-05-17
1818-05-24,1818,May,24,1818-05-24
1818-05-31,1818,May,31,1818-05-31
1818-06-07,1818,June,7,1818-06-01
1818-06-14,1818,June,14,1818-06-14
1818-06-21,1818,June,21,1818-06-21
1818-06-28,1818,June,28,1818-06-28
1818-07-05,1818,July,5,1818-07-01
1818-07-12,1818,July,12,1818-07-12
1818-07-19,1818,July,19,1818-07-19
1818-07-26,1818,July,26,1818-07-26
1818-08-02,1818,August,2,1818-08-01
1818-08-09,1818,August,9,1818-08-09
1818-08-16,1818,August,16,1818-08-16
1818-08-23,1818,August,23,1818-08-23
1818-08-30,1818,August,30,1818-08-30
1818-09-06,1818,September,6,1818-09-01
1818-09-13,1818,September,13,1818-09-13
1818-09-20,1818,September,20,1818-09-20
1818-09-27,1818,September,27,1818-09-27
1818-10-04,1818,October,4,1818-10-01
1818-10-11,1818,October,11,1818-10-11
1818-10-18,1818,October,18,1818-10-18
1818-10-25,1818,October,25,1818-10-25
1818-11-01,1818,November,1,1818-11-01
1818-11-08,1818,November,8,1818-11-08
1818-11-15,1818,November,15,1818-11-15
1818-11-22,1818,November,22,1818-11-22
1818-11-29,1818,November,29,1818-11-29
1818-12-06,1818,December,6,1818-12-01
1818-12-13,1818,December,13,1818-12-13
1818-12-20,1818,December,20,1818-12-20
1818-12-27,1818,December,27,1818-12-27
1819-01-03,1819,January,3,1819-01-01
1819-01-10,1819,January,10,1819-01-10
1819-01-17,1819,January,17,1819-01-17
1819-01-24,1819,January,24,1819-01-24
1819-01-31,1819,January,31,1819-01-31
1819-02-07,1819,February,7,1819-02-01
1819-02-14,1819,February,14,1819-02-14
1819-02-21,1819,February,21,1819-02-21
1819-02-28,1819,February,28,1819-02-28
1819-03-07,1819,March,7,1819-03-01
1819-03-14,1819,March,14,1819-03-14
1819-03-21,1819,March,21,1819-03-21
1819-03-28,1819,March,28,1819-03-28
1819-04-04,1819,April,4,1819-04-01
1819-04-11,1819,April,11,1819-04-11
1819-04-18,1819,April,18,1819-04-18
1819-04-25,1819,April,25,1819-04-25
1819-05-02,1819,May,2,1819-05-01
1819-05-09,1819,May,9,1819-05-09
1819-05-16,1819,May,16,1819-05-16
1819-05-23,1819,May,23,1819-05-23
1819-05-30,1819,May,30,1819-05-30
1819-06-06,1819,June,6,1819-06-01
1819-06-13,1819,June,13,1819-06-13
1819-06-20,1819,June,20,1819-06-20
1819-06-27,1819,June,27,1819-06-27
1819-07-04,1819,July,4,1819-07-01
1819-07-11,1819,July,11,1819-07-11
1819-07-18,1819,July,18,1819-07-18
1819-07-25,1819,July,25,1819-07-25
1819-08-01,1819,August,1,1819-08-01
1819-08-08,1819,August,8,1819-08-08
1819-08-15,1819,August,15,1819-08-15
1819-08-22,1819,August,22,1819-08-22
1819-08-29,1819,August,29,1819-08-29
1819-09-05,1819,September,5,1819-09-01
1819-09-12,1819,September,12,1819-09-12
1819-09-19,1819,September,19,1819-09-19
1819-09-26,1819,September,26,1819-09-26
1819-10-03,1819,October,3,1819-10-01
1819-10-10,1819,October,10,1819-10-10
1819-10-17,1819,October,17,1819-10-17
1819-10-24,1819,October,24,1819-10-24
1819-10-31,1819,October,31,1819-10-31
1819-11-07,1819,November,7,1819-11-01
1819-11-14,1819,November,14,1819-11-14
1819-11-21,1819,November,21,1819-11-21
1819-11-28,1819,November,28,1819-11-28
1819-12-05,1819,December,5,1819-12-01
1819-12-12,1819,December,12,1819-12-12
1819-12-19,1819,December,19,1819-12-19
1819-12-26,1819,December,26,1819-12-26
1820-01-02,1820,January,2,1820-01-01
1820-01-09,1820,January,9,1820-01-09
1820-01-16,1820,January,16,1820-01-16
1820-01-23,1820,January,23,1820-01-23
1820-01-30,1820,January,30,1820-01-30
1820-02-06,1820,February,6,1820-02-01
1820-02-13,1820,February,13,1820-02-13
1820-02-20,1820,February,20,1820-02-20
1820-02-27,1820,February,27,1820-02-27
1820-03-05,1820,March,5,1820-03-01
1820-03-12,1820,March,12,1820-03-12
1820-03-19,1820,March,19,1820-03-19
1820-03-26,1820,March,26,1820-03-26
1820-04-02,1820,April,2,1820-04-01
1820-04-09,1820,April,9,1820-04-09
1820-04-16,1820,April,16,1820-04-16
1820-04-23,1820,April,23,1820-04-23
1820-04-30,1820,April,30,1820-04-30
1820-05-07,1820,May,7,1820-05-01
1820-05-14,1820,May,14,1820-05-14
1820-05-21,1820,May,21,1820-05-21
1820-05-28,1820,May,28,1820-05-28
1820-06-04,1820,June,4,1820-06-01
1820-06-11,1820,June,11,1820-06-11
1820-06-18,1820,June,18,1820-06-18
1820-06-25,1820,June,25,1820-06-25
1820-07-02,1820,July,2,1820-07-01
1820-07-09,1820,July,9,1820-07-09
1820-07-16,1820,July,16,1820-07-16
1820-07-23,1820,July,23,1820-07-23
1820-07-30,1820,July,30,1820-07-30
1820-08-06,1820,August,6,1820-08-01
1820-08-13,1820,August,13,1820-08-13
1820-08-20,1820,August,20,1820-08-20
1820-08-27,1820,August,27,1820-08-27
1820-09-03,1820,September,3,1820-09-01
1820-09-10,1820,September,10,1820-09-10
1820-09-17,1820,September,17,1820-09-17
1820-09-24,1820,September,24,1820-09-24
1820-10-01,1820,October,1,1820-10-01
1820-10-08,1820,October,8,1820-10-08
1820-10-15,1820,October,15,1820-10-15
1820-10-22,1820,October,22,1820-10-22
1820-10-29,1820,October,29,1820-10-29
1820-11-05,1820,November,5,1820-11-01
1820-11-12,1820,November,12,1820-11-12
1820-11-19,1820,November,19,1820-11-19
1820-11-26,1820,November,26,1820-11-26
1820-12-03,1820,December,3,1820-12-01
1820-12-10,1820,December,10,1820-12-10
1820-12-17,1820,December,17,1820-12-17
1820-12-24,1820,December,24,1820-12-24
1820-12-31,1820,December,31,1820-12-31
1821-01-07,1821,January,7,1821-01-01
1821-01-14,1821,January,14,1821-01-14
1821-01-21,1821,January,21,1821-01-21
1821-01-28,1821,January,28,1821-01-28
1821-02-04,1821,February,4,1821-02-01
1821-02-11,1821,February,11,1821-02-11
1821-02-18,1821,February,18,1821-02-18
1821-02-25,1821,February,25,1821-02-25
1821-03-04,1821,March,4,1821-03-01
1821-03-11,1821,March,11,1821-03-11
1821-03-18,1821,March,18,1821-03-18
1821-03-25,1821,March,25,1821-03-25
1821-04-01,1821,April,1,1821-04-01
1821-04-08,1821,April,8,1821-04-08
1821-04-15,1821,April,15,1821-04-15
1821-04-22,1821,April,22,1821-04-22
1821-04-29,1821,April,29,1821-04-29
1821-05-06,1821,May,6,1821-05-01
1821-05-13,1821,May,13,1821-05-13
1821-05-20,1821,May,20,1821-05-20
1821-05-27,1821,May,27,1821-05-27
1821-06-03,1821,June,3,1821-06-01
1821-06-10,1821,June,10,1821-06-10
1821-06-17,1821,June,17,1821-06-17
1821-06-24,1821,June,24,1821-06-24
1821-07-01,1821,July,1,1821-07-01
1821-07-08,1821,July,8,1821-07-08
1821-07-15,1821,July,15,1821-07-15
1821-07-22,1821,July,22,1821-07-22
1821-07-29,1821,July,29,1821-07-29
1821-08-05,1821,August,5,1821-08-01
1821-08-12,1821,August,12,1821-08-12
1821-08-19,1821,August,19,1821-08-19
1821-08-26,1821,August,26,1821-08-26
1821-09-02,1821,September,2,1821-09-01
1821-09-09,1821,September,9,1821-09-09
1821-09-16,1821,September,16,1821-09-16
1821-09-23,1821,September,23,1821-09-23
1821-09-30,1821,September,30,1821-09-30
1821-10-07,1821,October,7,1821-10-01
1821-10-14,1821,October,14,1821-10-14
1821-10-21,1821,October,21,1821-10-21
1821-10-28,1821,October,28,1821-10-28
1821-11-04,1821,November,4,1821-11-01
1821-11-11,1821,November,11,1821-11-11
1821-11-18,1821,November,18,1821-11-18
1821-11-25,1821,November,25,1821-11-25
1821-12-02,1821,December,2,1821-12-01
1821-12-09,1821,December,9,1821-12-09
1821-12-16,1821,December,16,1821-12-16
1821-12-23,1821,December,23,1821-12-23
1821-12-30,1821,December,30,1821-12-30
1822-01-06,1822,January,6,1822-01-01
1822-01-13,1822,January,13,1822-01-13
1822-01-20,1822,January,20,1822-01-20
1822-01-27,1822,January,27,1822-01-27
1822-02-03,1822,February,3,1822-02-01
1822-02-10,1822,February,10,1822-02-10
1822-02-17,1822,February,17,1822-02-17
1822-02-24,1822,February,24,1822-02-24
1822-03-03,1822,March,3,1822-03-01
1822-03-10,1822,March,10,1822-03-10
1822-03-17,1822,March,17,1822-03-17
1822-03-24,1822,March,24,1822-03-24
1822-03-31,1822,March,31,1822-03-31
1822-04-07,1822,April,7,1822-04-01
1822-04-14,1822,April,14,1822-04-14
1822-04-21,1822,April,21,1822-04-21
1822-04-28,1822,April,28,1822-04-28
1822-05-05,1822,May,5,1822-05-01
1822-05-12,1822,May,12,1822-05-12
1822-05-19,1822,May,19,1822-05-19
1822-05-26,1822,May,26,1822-05-26
1822-06-02,1822,June,2,1822-06-01
1822-06-09,1822,June,9,1822-06-09
1822-06-16,1822,June,16,1822-06-16
1822-06-23,1822,June,23,1822-06-23
1822-06-30,1822,June,30,1822-06-30
1822-07-07,1822,July,7,1822-07-01
1822-07-14,1822,July,14,1822-07-14
1822-07-21,1822,July,21,1822-07-21
1822-07-28,1822,July,28,1822-07-28
1822-08-04,1822,August,4,1822-08-01
1822-08-11,1822,August,11,1822-08-11
1822-08-18,1822,August,18,1822-08-18
1822-08-25,1822,August,25,1822-08-25
1822-09-01,1822,September,1,1822-09-01
1822-09-08,1822,September,8,1822-09-08
1822-09-15,1822,September,15,1822-09-15
1822-09-22,1822,September,22,1822-09-22
1822-09-29,1822,September,29,1822-09-29
1822-10-06,1822,October,6,1822-10-01
1822-10-13,1822,October,13,1822-10-13
1822-10-20,1822,October,20,1822-10-20
1822-10-27,1822,October,27,1822-10-27
1822-11-03,1822,November,3,1822-11-01
1822-11-10,1822,November,10,1822-11-10
1822-11-17,1822,November,17,1822-11-17
1822-11-24,1822,November,24,1822-11-24
1822-12-01,1822,December,1,1822-12-01
1822-12-08,1822,December,8,1822-12-08
1822-12-15,1822,December,15,1822-12-15
1822-12-22,1822,December,22,1822-12-22
1822-12-29,1822,December,29,1822-12-29
1823-01-05,1823,January,5,1823-01-01
1823-01-12,1823,January,12,1823-01-12
1823-01-19,1823,January,19,1823-01-19
1823-01-26,1823,January,26,1823-01-26
1823-02-02,1823,February,2,1823-02-01
1823-02-09,1823,February,9,1823-02-09
1823-02-16,1823,February,16,1823-02-16
1823-02-23,1823,February,23,1823-02-23
1823-03-02,1823,March,2,1823-03-01
1823-03-09,1823,March,9,1823-03-09
1823-03-16,1823,March,16,1823-03-16
1823-03-23,1823,March,23,1823-03-23
1823-03-30,1823,March,30,1823-03-30
1823-04-06,1823,April,6,1823-04-01
1823-04-13,1823,April,13,1823-04-13
1823-04-20,1823,April,20,1823-04-20
1823-04-27,1823,April,27,1823-04-27
1823-05-04,1823,May,4,1823-05-01
1823-05-11,1823,May,11,1823-05-11
1823-05-18,1823,May,18,1823-05-18
1823-05-25,1823,May,25,1823-05-25
1823-06-01,1823,June,1,1823-06-01
1823-06-08,1823,June,8,1823-06-08
1823-06-15,1823,June,15,1823-06-15
1823-06-22,1823,June,22,1823-06-22
1823-06-29,1823,June,29,1823-06-29
1823-07-06,1823,July,6,1823-07-01
1823-07-13,1823,July,13,1823-07-13
1823-07-20,1823,July,20,1823-07-20
1823-07-27,1823,July,27,1823-07-27
1823-08-03,1823,August,3,1823-08-01
1823-08-10,1823,August,10,1823-08-10
1823-08-17,1823,August,17,1823-08-17
1823-08-24,1823,August,24,1823-08-24
1823-08-31,1823,August,31,1823-08-31
1823-09-07,1823,September,7,1823-09-01
1823-09-14,1823,September,14,1823-09-14
1823-09-21,1823,September,21,1823-09-21
1823-09-28,1823,September,28,1823-09-28
1823-10-05,1823,October,5,1823-10-01
1823-10-12,1823,October,12,1823-10-12
1823-10-19,1823,October,19,1823-10-19
1823-10-26,1823,October,26,1823-10-26
1823-11-02,1823,November,2,1823-11-01
1823-11-09,1823,November,9,1823-11-09
1823-11-16,1823,November,16,1823-11-16
1823-11-23,1823,November,23,1823-11-23
1823-11-30,1823,November,30,1823-11-30
1823-12-07,1823,December,7,1823-12-01
1823-12-14,1823,December,14,1823-12-14
1823-12-21,1823,December,21,1823-12-21
1823-12-28,1823,December,28,1823-12-28
1824-01-04,1824,January,4,1824-01-01
1824-01-11,1824,January,11,1824-01-11
1824-01-18,1824,January,18,1824-01-18
1824-01-25,1824,January,25,1824-01-25
1824-02-01,1824,February,1,1824-02-01
1824-02-08,1824,February,8,1824-02-08
1824-02-15,1824,February,15,1824-02-15
1824-02-22,1824,February,22,1824-02-22
1824-02-29,1824,February,29,1824-02-29
1824-03-07,1824,March,7,1824-03-01
1824-03-14,1824,March,14,1824-03-14
1824-03-21,1824,March,21,1824-03-21
1824-03-28,1824,March,28,1824-03-28
1824-04-04,1824,April,4,1824-04-01
1824-04-11,1824,April,11,1824-04-11
1824-04-18,1824,April,18,1824-04-18
1824-04-25,1824,April,25,1824-04-25
1824-05-02,1824,May,2,1824-05-01
1824-05-09,1824,May,9,1824-05-09
1824-05-16,1824,May,16,1824-05-16
1824-05-23,1824,May,23,1824-05-23
1824-05-30,1824,May,30,1824-05-30
1824-06-06,1824,June,6,1824-06-01
1824-06-13,1824,June,13,1824-06-13
1824-06-20,1824,June,20,1824-06-20
1824-06-27,1824,June,27,1824-06-27
1824-07-04,1824,July,4,1824-07-01
1824-07-11,1824,July,11,1824-07-11
1824-07-18,1824,July,18,1824-07-18
1824-07-25,1824,July,25,1824-07-25
1824-08-01,1824,August,1,1824-08-01
1824-08-08,1824,August,8,1824-08-08
1824-08-15,1824,August,15,1824-08-15
1824-08-22,1824,August,22,1824-08-22
1824-08-29,1824,August,29,1824-08-29
1824-09-05,1824,September,5,1824-09-01
1824-09-12,1824,September,12,1824-09-12
1824-09-19,1824,September,19,1824-09-19
1824-09-26,1824,September,26,1824-09-26
1824-10-03,1824,October,3,1824-10-01
1824-10-10,1824,October,10,1824-10-10
1824-10-17,1824,October,17,1824-10-17
1824-10-24,1824,October,24,1824-10-24
1824-10-31,1824,October,31,1824-10-31
1824-11-07,1824,November,7,1824-11-01
1824-11-14,1824,November,14,1824-11-14
1824-11-21,1824,November,21,1824-11-21
1824-11-28,1824,November,28,1824-11-28
1824-12-05,1824,December,5,1824-12-01
1824-12-12,1824,December,12,1824-12-12
1824-12-19,1824,December,19,1824-12-19
1824-12-26,1824,December,26,1824-12-26
1825-01-02,1825,January,2,1825-01-01
1825-01-09,1825,January,9,1825-01-09
1825-01-16,1825,January,16,1825-01-16
1825-01-23,1825,January,23,1825-01-23
1825-01-30,1825,January,30,1825-01-30
1825-02-06,1825,February,6,1825-02-01
1825-02-13,1825,February,13,1825-02-13
1825-02-20,1825,February,20,1825-02-20
1825-02-27,1825,February,27,1825-02-27
1825-03-06,1825,March,6,1825-03-01
1825-03-13,1825,March,13,1825-03-13
1825-03-20,1825,March,20,1825-03-20
1825-03-27,1825,March,27,1825-03-27
1825-04-03,1825,April,3,1825-04-01
1825-04-10,1825,April,10,1825-04-10
1825-04-17,1825,April,17,1825-04-17
1825-04-24,1825,April,24,1825-04-24
1825-05-01,1825,May,1,1825-05-01
1825-05-08,1825,May,8,1825-05-08
1825-05-15,1825,May,15,1825-05-15
1825-05-22,1825,May,22,1825-05-22
1825-05-29,1825,May,29,1825-05-29
1825-06-05,1825,June,5,1825-06-01
1825-06-12,1825,June,12,1825-06-12
1825-06-19,1825,June,19,1825-06-19
1825-06-26,1825,June,26,1825-06-26
1825-07-03,1825,July,3,1825-07-01
1825-07-10,1825,July,10,1825-07-10
1825-07-17,1825,July,17,1825-07-17
1825-07-24,1825,July,24,1825-07-24
1825-07-31,1825,July,31,1825-07-31
1825-08-07,1825,August,7,1825-08-01
1825-08-14,1825,August,14,1825-08-14
1825-08-21,1825,August,21,1825-08-21
1825-08-28,1825,August,28,1825-08-28
1825-09-04,1825,September,4,1825-09-01
1825-09-11,1825,September,11,1825-09-11
1825-09-18,1825,September,18,1825-09-18
1825-09-25,1825,September,25,1825-09-25
1825-10-02,1825,October,2,1825-10-01
1825-10-09,1825,October,9,1825-10-09
1825-10-16,1825,October,16,1825-10-16
1825-10-23,1825,October,23,1825-10-23
1825-10-30,1825,October,30,1825-10-30
1825-11-06,1825,November,6,1825-11-01
1825-11-13,1825,November,13,1825-11-13
1825-11-20,1825,November,20,1825-11-20
1825-11-27,1825,November,27,1825-11-27
1825-12-04,1825,December,4,1825-12-01
1825-12-11,1825,December,11,1825-12-11
1825-12-18,1825,December,18,1825-12-18
1825-12-25,1825,December,25,1825-12-25
1826-01-01,1826,January,1,1826-01-01
1826-01-08,1826,January,8,1826-01-08
1826-01-15,1826,January,15,1826-01-15
1826-01-22,1826,January,22,1826-01-22
1826-01-29,1826,January,29,1826-01-29
1826-02-05,1826,February,5,1826-02-01
1826-02-12,1826,February,12,1826-02-12
1826-02-19,1826,February,19,1826-02-19
1826-02-26,1826,February,26,1826-02-26
1826-03-05,1826,March,5,1826-03-01
1826-03-12,1826,March,12,1826-03-12
1826-03-19,1826,March,19,1826-03-19
1826-03-26,1826,March,26,1826-03-26
1826-04-02,1826,April,2,1826-04-01
1826-04-09,1826,April,9,1826-04-09
1826-04-16,1826,April,16,1826-04-16
1826-04-23,1826,April,23,1826-04-23
1826-04-30,1826,April,30,1826-04-30
1826-05-07,1826,May,7,1826-05-01
1826-05-14,1826,May,14,1826-05-14
1826-05-21,1826,May,21,1826-05-21
1826-05-28,1826,May,28,1826-05-28
1826-06-04,1826,June,4,1826-06-01
1826-06-11,1826,June,11,1826-06-11
1826-06-18,1826,June,18,1826-06-18
1826-06-25,1826,June,25,1826-06-25
1826-07-02,1826,July,2,1826-07-01
1826-07-09,1826,July,9,1826-07-09
1826-07-16,1826,July,16,1826-07-16
1826-07-23,1826,July,23,1826-07-23
1826-07-30,1826,July,30,1826-07-30
1826-08-06,1826,August,6,1826-08-01
1826-08-13,1826,August,13,1826-08-13
1826-08-20,1826,August,20,1826-08-20
1826-08-27,1826,August,27,1826-08-27
1826-09-03,1826,September,3,1826-09-01
1826-09-10,1826,September,10,1826-09-10
1826-09-17,1826,September,17,1826-09-17
1826-09-24,1826,September,24,1826-09-24
1826-10-01,1826,October,1,1826-10-01
1826-10-08,1826,October,8,1826-10-08
1826-10-15,1826,October,15,1826-10-15
1826-10-22,1826,October,22,1826-10-22
1826-10-29,1826,October,29,1826-10-29
1826-11-05,1826,November,5,1826-11-01
1826-11-12,1826,November,12,1826-11-12
1826-11-19,1826,November,19,1826-11-19
1826-11-26,1826,November,26,1826-11-26
1826-12-03,1826,December,3,1826-12-01
1826-12-10,1826,December,10,1826-12-10
1826-12-17,1826,December,17,1826-12-17
1826-12-24,1826,December,24,1826-12-24
1826-12-31,1826,December,31,1826-12-31
1827-01-07,1827,January,7,1827-01-01
1827-01-14,1827,January,14,1827-01-14
1827-01-21,1827,January,21,1827-01-21
1827-01-28,1827,January,28,1827-01-28
1827-02-04,1827,February,4,1827-02-01
1827-02-11,1827,February,11,1827-02-11
1827-02-18,1827,February,18,1827-02-18
1827-02-25,1827,February,25,1827-02-25
1827-03-04,1827,March,4,1827-03-01
1827-03-11,1827,March,11,1827-03-11
1827-03-18,1827,March,18,1827-03-18
1827-03-25,1827,March,25,1827-03-25
1827-04-01,1827,April,1,1827-04-01
1827-04-08,1827,April,8,1827-04-08
1827-04-15,1827,April,15,1827-04-15
1827-04-22,1827,April,22,1827-04-22
1827-04-29,1827,April,29,1827-04-29
1827-05-06,1827,May,6,1827-05-01
1827-05-13,1827,May,13,1827-05-13
1827-05-20,1827,May,20,1827-05-20
1827-05-27,1827,May,27,1827-05-27
1827-06-03,1827,June,3,1827-06-01
1827-06-10,1827,June,10,1827-06-10
1827-06-17,1827,June,17,1827-06-17
1827-06-24,1827,June,24,1827-06-24
1827-07-01,1827,July,1,1827-07-01
1827-07-08,1827,July,8,1827-07-08
1827-07-15,1827,July,15,1827-07-15
1827-07-22,1827,July,22,1827-07-22
1827-07-29,1827,July,29,1827-07-29
1827-08-05,1827,August,5,1827-08-01
1827-08-12,1827,August,12,1827-08-12
1827-08-19,1827,August,19,1827-08-19
1827-08-26,1827,August,26,1827-08-26
1827-09-02,1827,September,2,1827-09-01
1827-09-09,1827,September,9,1827-09-09
1827-09-16,1827,September,16,1827-09-16
1827-09-23,1827,September,23,1827-09-23
1827-09-30,1827,September,30,1827-09-30
1827-10-07,1827,October,7,1827-10-01
1827-10-14,1827,October,14,1827-10-14
1827-10-21,1827,October,21,1827-10-21
1827-10-28,1827,October,28,1827-10-28
1827-11-04,1827,November,4,1827-11-01
1827-11-11,1827,November,11,1827-11-11
1827-11-18,1827,November,18,1827-11-18
1827-11-25,1827,November,25,1827-11-25
1827-12-02,1827,December,2,1827-12-01
1827-12-09,1827,December,9,1827-12-09
1827-12-16,1827,December,16,1827-12-16
1827-12-23,1827,December,23,1827-12-23
1827-12-30,1827,December,30,1827-12-30
1828-01-06,1828,January,6,1828-01-01
1828-01-13,1828,January,13,1828-01-13
1828-01-20,1828,January,20,1828-01-20
1828-01-27,1828,January,27,1828-01-27
1828-02-03,1828,February,3,1828-02-01
1828-02-10,1828,February,10,1828-02-10
1828-02-17,1828,February,17,1828-02-17
1828-02-24,1828,February,24,1828-02-24
1828-03-02,1828,March,2,1828-03-01
1828-03-09,1828,March,9,1828-03-09
1828-03-16,1828,March,16,1828-03-16
1828-03-23,1828,March,23,1828-03-23
1828-03-30,1828,March,30,1828-03-30
1828-04-06,1828,April,6,1828-04-01
1828-04-13,1828,April,13,1828-04-13
1828-04-20,1828,April,20,1828-04-20
1828-04-27,1828,April,27,1828-04-27
1828-05-04,1828,May,4,1828-05-01
1828-05-11,1828,May,11,1828-05-11
1828-05-18,1828,May,18,1828-05-18
1828-05-25,1828,May,25,1828-05-25
1828-06-01,1828,June,1,1828-06-01
1828-06-08,1828,June,8,1828-06-08
1828-06-15,1828,June,15,1828-06-15
1828-06-22,1828,June,22,1828-06-22
1828-06-29,1828,June,29,1828-06-29
1828-07-06,1828,July,6,1828-07-01
1828-07-13,1828,July,13,1828-07-13
1828-07-20,1828,July,20,1828-07-20
1828-07-27,1828,July,27,1828-07-27
1828-08-03,1828,August,3,1828-08-01
1828-08-10,1828,August,10,1828-08-10
1828-08-17,1828,August,17,1828-08-17
1828-08-24,1828,August,24,1828-08-24
1828-08-31,1828,August,31,1828-08-31
1828-09-07,1828,September,7,1828-09-01
1828-09-14,1828,September,14,1828-09-14
1828-09-21,1828,September,21,1828-09-21
1828-09-28,1828,September,28,1828-09-28
1828-10-05,1828,October,5,1828-10-01
1828-10-12,1828,October,12,1828-10-12
1828-10-19,1828,October,19,1828-10-19
1828-10-26,1828,October,26,1828-10-26
1828-11-02,1828,November,2,1828-11-01
1828-11-09,1828,November,9,1828-11-09
1828-11-16,1828,November,16,1828-11-16
1828-11-23,1828,November,23,1828-11-23
1828-11-30,1828,November,30,1828-11-30
1828-12-07,1828,December,7,1828-12-01
1828-12-14,1828,December,14,1828-12-14
1828-12-21,1828,December,21,1828-12-21
1828-12-28,1828,December,28,1828-12-28
1829-01-04,1829,January,4,1829-01-01
1829-01-11,1829,January,11,1829-01-11
1829-01-18,1829,January,18,1829-01-18
1829-01-25,1829,January,25,1829-01-25
1829-02-01,1829,February,1,1829-02-01
1829-02-08,1829,February,8,1829-02-08
1829-02-15,1829,February,15,1829-02-15
1829-02-22,1829,February,22,1829-02-22
1829-03-01,1829,March,1,1829-03-01
1829-03-08,1829,March,8,1829-03-08
1829-03-15,1829,March,15,1829-03-15
1829-03-22,1829,March,22,1829-03-22
1829-03-29,1829,March,29,1829-03-29
1829-04-05,1829,April,5,1829-04-01
1829-04-12,1829,April,12,1829-04-12
1829-04-19,1829,April,19,1829-04-19
1829-04-26,1829,April,26,1829-04-26
1829-05-03,1829,May,3,1829-05-01
1829-05-10,1829,May,10,1829-05-10
1829-05-17,1829,May,17,1829-05-17
1829-05-24,1829,May,24,1829-05-24
1829-05-31,1829,May,31,1829-05-31
1829-06-07,1829,June,7,1829-06-01
1829-06-14,1829,June,14,1829-06-14
1829-06-21,1829,June,21,1829-06-21
1829-06-28,1829,June,28,1829-06-28
1829-07-05,1829,July,5,1829-07-01
1829-07-12,1829,July,12,1829-07-12
1829-07-19,1829,July,19,1829-07-19
1829-07-26,1829,July,26,1829-07-26
1829-08-02,1829,August,2,1829-08-01
1829-08-09,1829,August,9,1829-08-09
1829-08-16,1829,August,16,1829-08-16
1829-08-23,1829,August,23,1829-08-23
1829-08-30,1829,August,30,1829-08-30
1829-09-06,1829,September,6,1829-09-01
1829-09-13,1829,September,13,1829-09-13
1829-09-20,1829,September,20,1829-09-20
1829-09-27,1829,September,27,1829-09-27
1829-10-04,1829,October,4,1829-10-01
1829-10-11,1829,October,11,1829-10-11
1829-10-18,1829,October,18,1829-10-18
1829-10-25,1829,October,25,1829-10-25
1829-11-01,1829,November,1,1829-11-01
1829-11-08,1829,November,8,1829-11-08
1829-11-15,1829,November,15,1829-11-15
1829-11-22,1829,November,22,1829-11-22
1829-11-29,1829,November,29,1829-11-29
1829-12-06,1829,December,6,1829-12-01
1829-12-13,1829,December,13,1829-12-13
1829-12-20,1829,December,20,1829-12-20
1829-12-27,1829,December,27,1829-12-27
1830-01-03,1830,January,3,1830-01-01
1830-01-10,1830,January,10,1830-01-10
1830-01-17,1830,January,17,1830-01-17
1830-01-24,1830,January,24,1830-01-24
1830-01-31,1830,January,31,1830-01-31
1830-02-07,1830,February,7,1830-02-01
1830-02-14,1830,February,14,1830-02-14
1830-02-21,1830,February,21,1830-02-21
1830-02-28,1830,February,28,1830-02-28
1830-03-07,1830,March,7,1830-03-01
1830-03-14,1830,March,14,1830-03-14
1830-03-21,1830,March,21,1830-03-21
1830-03-28,1830,March,28,1830-03-28
1830-04-04,1830,April,4,1830-04-01
1830-04-11,1830,April,11,1830-04-11
1830-04-18,1830,April,18,1830-04-18
1830-04-25,1830,April,25,1830-04-25
1830-05-02,1830,May,2,1830-05-01
1830-05-09,1830,May,9,1830-05-09
1830-05-16,1830,May,16,1830-05-16
1830-05-23,1830,May,23,1830-05-23
1830-05-30,1830,May,30,1830-05-30
1830-06-06,1830,June,6,1830-06-01
1830-06-13,1830,June,13,1830-06-13
1830-06-20,1830,June,20,1830-06-20
1830-06-27,1830,June,27,1830-06-27
1830-07-04,1830,July,4,1830-07-01
1830-07-11,1830,July,11,1830-07-11
1830-07-18,1830,July,18,1830-07-18
1830-07-25,1830,July,25,1830-07-25
1830-08-01,1830,August,1,1830-08-01
1830-08-08,1830,August,8,1830-08-08
1830-08-15,1830,August,15,1830-08-15
1830-08-22,1830,August,22,1830-08-22
1830-08-29,1830,August,29,1830-08-29
1830-09-05,1830,September,5,1830-09-01
1830-09-12,1830,September,12,1830-09-12
1830-09-19,1830,September,19,1830-09-19
1830-09-26,1830,September,26,1830-09-26
1830-10-03,1830,October,3,1830-10-01
1830-10-10,1830,October,10,1830-10-10
1830-10-17,1830,October,17,1830-10-17
1830-10-24,1830,October,24,1830-10-24
1830-10-31,1830,October,31,1830-10-31
1830-11-07,1830,November,7,1830-11-01
1830-11-14,1830,November,14,1830-11-14
1830-11-21,1830,November,21,1830-11-21
1830-11-28,1830,November,28,1830-11-28
1830-12-05,1830,December,5,1830-12-01
1830-12-12,1830,December,12,1830-12-12
1830-12-19,1830,December,19,1830-12-19
1830-12-26,1830,December,26,1830-12-26
1831-01-02,1831,January,2,1831-01-01
1831-01-09,1831,January,9,1831-01-09
1831-01-16,1831,January,16,1831-01-16
1831-01-23,1831,January,23,1831-01-23
1831-01-30,1831,January,30,1831-01-30
1831-02-06,1831,February,6,1831-02-01
1831-02-13,1831,February,13,1831-02-13
1831-02-20,1831,February,20,1831-02-20
1831-02-27,1831,February,27,1831-02-27
1831-03-06,1831,March,6,1831-03-01
1831-03-13,1831,March,13,1831-03-13
1831-03-20,1831,March,20,1831-03-20
1831-03-27,1831,March,27,1831-03-27
1831-04-03,1831,April,3,1831-04-01
1831-04-10,1831,April,10,1831-04-10
1831-04-17,1831,April,17,1831-04-17
1831-04-24,1831,April,24,1831-04-24
1831-05-01,1831,May,1,1831-05-01
1831-05-08,1831,May,8,1831-05-08
1831-05-15,1831,May,15,1831-05-15
1831-05-22,1831,May,22,1831-05-22
1831-05-29,1831,May,29,1831-05-29
1831-06-05,1831,June,5,1831-06-01
1831-06-12,1831,June,12,1831-06-12
1831-06-19,1831,June,19,1831-06-19
1831-06-26,1831,June,26,1831-06-26
1831-07-03,1831,July,3,1831-07-01
1831-07-10,1831,July,10,1831-07-10
1831-07-17,1831,July,17,1831-07-17
1831-07-24,1831,July,24,1831-07-24
1831-07-31,1831,July,31,1831-07-31
1831-08-07,1831,August,7,1831-08-01
1831-08-14,1831,August,14,1831-08-14
1831-08-21,1831,August,21,1831-08-21
1831-08-28,1831,August,28,1831-08-28
1831-09-04,1831,September,4,1831-09-01
1831-09-11,1831,September,11,1831-09-11
1831-09-18,1831,September,18,1831-09-18
1831-09-25,1831,September,25,1831-09-25
1831-10-02,1831,October,2,1831-10-01
1831-10-09,1831,October,9,1831-10-09
1831-10-16,1831,October,16,1831-10-16
1831-10-23,1831,October,23,1831-10-23
1831-10-30,1831,October,30,1831-10-30
1831-11-06,1831,November,6,1831-11-01
1831-11-13,1831,November,13,1831-11-13
1831-11-20,1831,November,20,1831-11-20
1831-11-27,1831,November,27,1831-11-27
1831-12-04,1831,December,4,1831-12-01
1831-12-11,1831,December,11,1831-12-11
1831-12-18,1831,December,18,1831-12-18
1831-12-25,1831,December,25,1831-12-25
1832-01-01,1832,January,1,1832-01-01
1832-01-08,1832,January,8,1832-01-08
1832-01-15,1832,January,15,1832-01-15
1832-01-22,1832,January,22,1832-01-22
1832-01-29,1832,January,29,1832-01-29
1832-02-05,1832,February,5,1832-02-01
1832-02-12,1832,February,12,1832-02-12
1832-02-19,1832,February,19,1832-02-19
1832-02-26,1832,February,26,1832-02-26
1832-03-04,1832,March,4,1832-03-01
1832-03-11,1832,March,11,1832-03-11
1832-03-18,1832,March,18,1832-03-18
1832-03-25,1832,March,25,1832-03-25
1832-04-01,1832,April,1,1832-04-01
1832-04-08,1832,April,8,1832-04-08
1832-04-15,1832,April,15,1832-04-15
1832-04-22,1832,April,22,1832-04-22
1832-04-29,1832,April,29,1832-04-29
1832-05-06,1832,May,6,1832-05-01
1832-05-13,1832,May,13,1832-05-13
1832-05-20,1832,May,20,1832-05-20
1832-05-27,1832,May,27,1832-05-27
1832-06-03,1832,June,3,1832-06-01
1832-06-10,1832,June,10,1832-06-10
1832-06-17,1832,June,17,1832-06-17
1832-06-24,1832,June,24,1832-06-24
1832-07-01,1832,July,1,1832-07-01
1832-07-08,1832,July,8,1832-07-08
1832-07-15,1832,July,15,1832-07-15
1832-07-22,1832,July,22,1832-07-22
1832-07-29,1832,July,29,1832-07-29
1832-08-05,1832,August,5,1832-08-01
1832-08-12,1832,August,12,1832-08-12
1832-08-19,1832,August,19,1832-08-19
1832-08-26,1832,August,26,1832-08-26
1832-09-02,1832,September,2,1832-09-01
1832-09-09,1832,September,9,1832-09-09
1832-09-16,1832,September,16,1832-09-16
1832-09-23,1832,September,23,1832-09-23
1832-09-30,1832,September,30,1832-09-30
1832-10-07,1832,October,7,1832-10-01
1832-10-14,1832,October,14,1832-10-14
1832-10-21,1832,October,21,1832-10-21
1832-10-28,1832,October,28,1832-10-28
1832-11-04,1832,November,4,1832-11-01
1832-11-11,1832,November,11,1832-11-11
1832-11-18,1832,November,18,1832-11-18
1832-11-25,1832,November,25,1832-11-25
1832-12-02,1832,December,2,1832-12-01
1832-12-09,1832,December,9,1832-12-09
1832-12-16,1832,December,16,1832-12-16
1832-12-23,1832,December,23,1832-12-23
1832-12-30,1832,December,30,1832-12-30
1833-01-06,1833,January,6,1833-01-01
1833-01-13,1833,January,13,1833-01-13
1833-01-20,1833,January,20,1833-01-20
1833-01-27,1833,January,27,1833-01-27
1833-02-03,1833,February,3,1833-02-01
1833-02-10,1833,February,10,1833-02-10
1833-02-17,1833,February,17,1833-02-17
1833-02-24,1833,February,24,1833-02-24
1833-03-03,1833,March,3,1833-03-01
1833-03-10,1833,March,10,1833-03-10
1833-03-17,1833,March,17,1833-03-17
1833-03-24,1833,March,24,1833-03-24
1833-03-31,1833,March,31,1833-03-31
1833-04-07,1833,April,7,1833-04-01
1833-04-14,1833,April,14,1833-04-14
1833-04-21,1833,April,21,1833-04-21
1833-04-28,1833,April,28,1833-04-28
1833-05-05,1833,May,5,1833-05-01
1833-05-12,1833,May,12,1833-05-12
1833-05-19,1833,May,19,1833-05-19
1833-05-26,1833,May,26,1833-05-26
1833-06-02,1833,June,2,1833-06-01
1833-06-09,1833,June,9,1833-06-09
1833-06-16,1833,June,16,1833-06-16
1833-06-23,1833,June,23,1833-06-23
1833-06-30,1833,June,30,1833-06-30
1833-07-07,1833,July,7,1833-07-01
1833-07-14,1833,July,14,1833-07-14
1833-07-21,1833,July,21,1833-07-21
1833-07-28,1833,July,28,1833-07-28
1833-08-04,1833,August,4,1833-08-01
1833-08-11,1833,August,11,1833-08-11
1833-08-18,1833,August,18,1833-08-18
1833-08-25,1833,August,25,1833-08-25
1833-09-01,1833,September,1,1833-09-01
1833-09-08,1833,September,8,1833-09-08
1833-09-15,1833,September,15,1833-09-15
1833-09-22,1833,September,22,1833-09-22
1833-09-29,1833,September,29,1833-09-29
1833-10-06,1833,October,6,1833-10-01
1833-10-13,1833,October,13,1833-10-13
1833-10-20,1833,October,20,1833-10-20
1833-10-27,1833,October,27,1833-10-27
1833-11-03,1833,November,3,1833-11-01
1833-11-10,1833,November,10,1833-11-10
1833-11-17,1833,November,17,1833-11-17
1833-11-24,1833,November,24,1833-11-24
1833-12-01,1833,December,1,1833-12-01
1833-12-08,1833,December,8,1833-12-08
1833-12-15,1833,December,15,1833-12-15
1833-12-22,1833,December,22,1833-12-22
1833-12-29,1833,December,29,1833-12-29
1834-01-05,1834,January,5,1834-01-01
1834-01-12,1834,January,12,1834-01-12
1834-01-19,1834,January,19,1834-01-19
1834-01-26,1834,January,26,1834-01-26
1834-02-02,1834,February,2,1834-02-01
1834-02-09,1834,February,9,1834-02-09
1834-02-16,1834,February,16,1834-02-16
1834-02-23,1834,February,23,1834-02-23
1834-03-02,1834,March,2,1834-03-01
1834-03-09,1834,March,9,1834-03-09
1834-03-16,1834,March,16,1834-03-16
1834-03-23,1834,March,23,1834-03-23
1834-03-30,1834,March,30,1834-03-30
1834-04-06,1834,April,6,1834-04-01
1834-04-13,1834,April,13,1834-04-13
1834-04-20,1834,April,20,1834-04-20
1834-04-27,1834,April,27,1834-04-27
1834-05-04,1834,May,4,1834-05-01
1834-05-11,1834,May,11,1834-05-11
1834-05-18,1834,May,18,1834-05-18
1834-05-25,1834,May,25,1834-05-25
1834-06-01,1834,June,1,1834-06-01
1834-06-08,1834,June,8,1834-06-08
1834-06-15,1834,June,15,1834-06-15
1834-06-22,1834,June,22,1834-06-22
1834-06-29,1834,June,29,1834-06-29
1834-07-06,1834,July,6,1834-07-01
1834-07-13,1834,July,13,1834-07-13
1834-07-20,1834,July,20,1834-07-20
1834-07-27,1834,July,27,1834-07-27
1834-08-03,1834,August,3,1834-08-01
1834-08-10,1834,August,10,1834-08-10
1834-08-17,1834,August,17,1834-08-17
1834-08-24,1834,August,24,1834-08-24
1834-08-31,1834,August,31,1834-08-31
1834-09-07,1834,September,7,1834-09-01
1834-09-14,1834,September,14,1834-09-14
1834-09-21,1834,September,21,1834-09-21
1834-09-28,1834,September,28,1834-09-28
1834-10-05,1834,October,5,1834-10-01
1834-10-12,1834,October,12,1834-10-12
1834-10-19,1834,October,19,1834-10-19
1834-10-26,1834,October,26,1834-10-26
1834-11-02,1834,November,2,1834-11-01
1834-11-09,1834,November,9,1834-11-09
1834-11-16,1834,November,16,1834-11-16
1834-11-23,1834,November,23,1834-11-23
1834-11-30,1834,November,30,1834-11-30
1834-12-07,1834,December,7,1834-12-01
1834-12-14,1834,December,14,1834-12-14
1834-12-21,1834,December,21,1834-12-21
1834-12-28,1834,December,28,1834-12-28
1835-01-04,1835,January,4,1835-01-01
1835-01-11,1835,January,11,1835-01-11
1835-01-18,1835,January,18,1835-01-18
1835-01-25,1835,January,25,1835-01-25
1835-02-01,1835,February,1,1835-02-01
1835-02-08,1835,February,8,1835-02-08
1835-02-15,1835,February,15,1835-02-15
1835-02-22,1835,February,22,1835-02-22
1835-03-01,1835,March,1,1835-03-01
1835-03-08,1835,March,8,1835-03-08
1835-03-15,1835,March,15,1835-03-15
1835-03-22,1835,March,22,1835-03-22
1835-03-29,1835,March,29,1835-03-29
1835-04-05,1835,April,5,1835-04-01
1835-04-12,1835,April,12,1835-04-12
1835-04-19,1835,April,19,1835-04-19
1835-04-26,1835,April,26,1835-04-26
1835-05-03,1835,May,3,1835-05-01
1835-05-10,1835,May,10,1835-05-10
1835-05-17,1835,May,17,1835-05-17
1835-05-24,1835,May,24,1835-05-24
1835-05-31,1835,May,31,1835-05-31
1835-06-07,1835,June,7,1835-06-01
1835-06-14,1835,June,14,1835-06-14
1835-06-21,1835,June,21,1835-06-21
1835-06-28,1835,June,28,1835-06-28
1835-07-05,1835,July,5,1835-07-01
1835-07-12,1835,July,12,1835-07-12
1835-07-19,1835,July,19,1835-07-19
1835-07-26,1835,July,26,1835-07-26
1835-08-02,1835,August,2,1835-08-01
1835-08-09,1835,August,9,1835-08-09
1835-08-16,1835,August,16,1835-08-16
1835-08-23,1835,August,23,1835-08-23
1835-08-30,1835,August,30,1835-08-30
1835-09-06,1835,September,6,1835-09-01
1835-09-13,1835,September,13,1835-09-13
1835-09-20,1835,September,20,1835-09-20
1835-09-27,1835,September,27,1835-09-27
1835-10-04,1835,October,4,1835-10-01
1835-10-11,1835,October,11,1835-10-11
1835-10-18,1835,October,18,1835-10-18
1835-10-25,1835,October,25,1835-10-25
1835-11-01,1835,November,1,1835-11-01
1835-11-08,1835,November,8,1835-11-08
1835-11-15,1835,November,15,1835-11-15
1835-11-22,1835,November,22,1835-11-22
1835-11-29,1835,November,29,1835-11-29
1835-12-06,1835,December,6,1835-12-01
1835-12-13,1835,December,13,1835-12-13
1835-12-20,1835,December,20,1835-12-20
1835-12-27,1835,December,27,1835-12-27
1836-01-03,1836,January,3,1836-01-01
1836-01-10,1836,January,10,1836-01-10
1836-01-17,1836,January,17,1836-01-17
1836-01-24,1836,January,24,1836-01-24
1836-01-31,1836,January,31,1836-01-31
1836-02-07,1836,February,7,1836-02-01
1836-02-14,1836,February,14,1836-02-14
1836-02-21,1836,February,21,1836-02-21
1836-02-28,1836,February,28,1836-02-28
1836-03-06,1836,March,6,1836-03-01
1836-03-13,1836,March,13,1836-03-13
1836-03-20,1836,March,20,1836-03-20
1836-03-27,1836,March,27,1836-03-27
1836-04-03,1836,April,3,1836-04-01
1836-04-10,1836,April,10,1836-04-10
1836-04-17,1836,April,17,1836-04-17
1836-04-24,1836,April,24,1836-04-24
1836-05-01,1836,May,1,1836-05-01
1836-05-08,1836,May,8,1836-05-08
1836-05-15,1836,May,15,1836-05-15
1836-05-22,1836,May,22,1836-05-22
1836-05-29,1836,May,29,1836-05-29
1836-06-05,1836,June,5,1836-06-01
1836-06-12,1836,June,12,1836-06-12
1836-06-19,1836,June,19,1836-06-19
1836-06-26,1836,June,26,1836-06-26
1836-07-03,1836,July,3,1836-07-01
1836-07-10,1836,July,10,1836-07-10
1836-07-17,1836,July,17,1836-07-17
1836-07-24,1836,July,24,1836-07-24
1836-07-31,1836,July,31,1836-07-31
1836-08-07,1836,August,7,1836-08-01
1836-08-14,1836,August,14,1836-08-14
1836-08-21,1836,August,21,1836-08-21
1836-08-28,1836,August,28,1836-08-28
1836-09-04,1836,September,4,1836-09-01
1836-09-11,1836,September,11,1836-09-11
1836-09-18,1836,September,18,1836-09-18
1836-09-25,1836,September,25,1836-09-25
1836-10-02,1836,October,2,1836-10-01
1836-10-09,1836,October,9,1836-10-09
1836-10-16,1836,October,16,1836-10-16
1836-10-23,1836,October,23,1836-10-23
1836-10-30,1836,October,30,1836-10-30
1836-11-06,1836,November,6,1836-11-01
1836-11-13,1836,November,13,1836-11-13
1836-11-20,1836,November,20,1836-11-20
1836-11-27,1836,November,27,1836-11-27
1836-12-04,1836,December,4,1836-12-01
1836-12-11,1836,December,11,1836-12-11
1836-12-18,1836,December,18,1836-12-18
1836-12-25,1836,December,25,1836-12-25
1837-01-01,1837,January,1,1837-01-01
1837-01-08,1837,January,8,1837-01-08
1837-01-15,1837,January,15,1837-01-15
1837-01-22,1837,January,22,1837-01-22
1837-01-29,1837,January,29,1837-01-29
1837-02-05,1837,February,5,1837-02-01
1837-02-12,1837,February,12,1837-02-12
1837-02-19,1837,February,19,1837-02-19
1837-02-26,1837,February,26,1837-02-26
1837-03-05,1837,March,5,1837-03-01
1837-03-12,1837,March,12,1837-03-12
1837-03-19,1837,March,19,1837-03-19
1837-03-26,1837,March,26,1837-03-26
1837-04-02,1837,April,2,1837-04-01
1837-04-09,1837,April,9,1837-04-09
1837-04-16,1837,April,16,1837-04-16
1837-04-23,1837,April,23,1837-04-23
1837-04-30,1837,April,30,1837-04-30
1837-05-07,1837,May,7,1837-05-01
1837-05-14,1837,May,14,1837-05-14
1837-05-21,1837,May,21,1837-05-21
1837-05-28,1837,May,28,1837-05-28
1837-06-04,1837,June,4,1837-06-01
1837-06-11,1837,June,11,1837-06-11
1837-06-18,1837,June,18,1837-06-18
1837-06-25,1837,June,25,1837-06-25
1837-07-02,1837,July,2,1837-07-01
1837-07-09,1837,July,9,1837-07-09
1837-07-16,1837,July,16,1837-07-16
1837-07-23,1837,July,23,1837-07-23
1837-07-30,1837,July,30,1837-07-30
1837-08-06,1837,August,6,1837-08-01
1837-08-13,1837,August,13,1837-08-13
1837-08-20,1837,August,20,1837-08-20
1837-08-27,1837,August,27,1837-08-27
1837-09-03,1837,September,3,1837-09-01
1837-09-10,1837,September,10,1837-09-10
1837-09-17,1837,September,17,1837-09-17
1837-09-24,1837,September,24,1837-09-24
1837-10-01,1837,October,1,1837-10-01
1837-10-08,1837,October,8,1837-10-08
1837-10-15,1837,October,15,1837-10-15
1837-10-22,1837,October,22,1837-10-22
1837-10-29,1837,October,29,1837-10-29
1837-11-05,1837,November,5,1837-11-01
1837-11-12,1837,November,12,1837-11-12
1837-11-19,1837,November,19,1837-11-19
1837-11-26,1837,November,26,1837-11-26
1837-12-03,1837,December,3,1837-12-01
1837-12-10,1837,December,10,1837-12-10
1837-12-17,1837,December,17,1837-12-17
1837-12-24,1837,December,24,1837-12-24
1837-12-31,1837,December,31,1837-12-31
1838-01-07,1838,January,7,1838-01-01
1838-01-14,1838,January,14,1838-01-14
1838-01-21,1838,January,21,1838-01-21
1838-01-28,1838,January,28,1838-01-28
1838-02-04,1838,February,4,1838-02-01
1838-02-11,1838,February,11,1838-02-11
1838-02-18,1838,February,18,1838-02-18
1838-02-25,1838,February,25,1838-02-25
1838-03-04,1838,March,4,1838-03-01
1838-03-11,1838,March,11,1838-03-11
1838-03-18,1838,March,18,1838-03-18
1838-03-25,1838,March,25,1838-03-25
1838-04-01,1838,April,1,1838-04-01
1838-04-08,1838,April,8,1838-04-08
1838-04-15,1838,April,15,1838-04-15
1838-04-22,1838,April,22,1838-04-22
1838-04-29,1838,April,29,1838-04-29
1838-05-06,1838,May,6,1838-05-01
1838-05-13,1838,May,13,1838-05-13
1838-05-20,1838,May,20,1838-05-20
1838-05-27,1838,May,27,1838-05-27
1838-06-03,1838,June,3,1838-06-01
1838-06-10,1838,June,10,1838-06-10
1838-06-17,1838,June,17,1838-06-17
1838-06-24,1838,June,24,1838-06-24
1838-07-01,1838,July,1,1838-07-01
1838-07-08,1838,July,8,1838-07-08
1838-07-15,1838,July,15,1838-07-15
1838-07-22,1838,July,22,1838-07-22
1838-07-29,1838,July,29,1838-07-29
1838-08-05,1838,August,5,1838-08-01
1838-08-12,1838,August,12,1838-08-12
1838-08-19,1838,August,19,1838-08-19
1838-08-26,1838,August,26,1838-08-26
1838-09-02,1838,September,2,1838-09-01
1838-09-09,1838,September,9,1838-09-09
1838-09-16,1838,September,16,1838-09-16
1838-09-23,1838,September,23,1838-09-23
1838-09-30,1838,September,30,1838-09-30
1838-10-07,1838,October,7,1838-10-01
1838-10-14,1838,October,14,1838-10-14
1838-10-21,1838,October,21,1838-10-21
1838-10-28,1838,October,28,1838-10-28
1838-11-04,1838,November,4,1838-11-01
1838-11-11,1838,November,11,1838-11-11
1838-11-18,1838,November,18,1838-11-18
1838-11-25,1838,November,25,1838-11-25
1838-12-02,1838,December,2,1838-12-01
1838-12-09,1838,December,9,1838-12-09
1838-12-16,1838,December,16,1838-12-16
1838-12-23,1838,December,23,1838-12-23
1838-12-30,1838,December,30,1838-12-30
1839-01-06,1839,January,6,1839-01-01
1839-01-13,1839,January,13,1839-01-13
1839-01-20,1839,January,20,1839-01-20
1839-01-27,1839,January,27,1839-01-27
1839-02-03,1839,February,3,1839-02-01
1839-02-10,1839,February,10,1839-02-10
1839-02-17,1839,February,17,1839-02-17
1839-02-24,1839,February,24,1839-02-24
1839-03-03,1839,March,3,1839-03-01
1839-03-10,1839,March,10,1839-03-10
1839-03-17,1839,March,17,1839-03-17
1839-03-24,1839,March,24,1839-03-24
1839-03-31,1839,March,31,1839-03-31
1839-04-07,1839,April,7,1839-04-01
1839-04-14,1839,April,14,1839-04-14
1839-04-21,1839,April,21,1839-04-21
1839-04-28,1839,April,28,1839-04-28
1839-05-05,1839,May,5,1839-05-01
1839-05-12,1839,May,12,1839-05-12
1839-05-19,1839,May,19,1839-05-19
1839-05-26,1839,May,26,1839-05-26
1839-06-02,1839,June,2,1839-06-01
1839-06-09,1839,June,9,1839-06-09
1839-06-16,1839,June,16,1839-06-16
1839-06-23,1839,June,23,1839-06-23
1839-06-30,1839,June,30,1839-06-30
1839-07-07,1839,July,7,1839-07-01
1839-07-14,1839,July,14,1839-07-14
1839-07-21,1839,July,21,1839-07-21
1839-07-28,1839,July,28,1839-07-28
1839-08-04,1839,August,4,1839-08-01
1839-08-11,1839,August,11,1839-08-11
1839-08-18,1839,August,18,1839-08-18
1839-08-25,1839,August,25,1839-08-25
1839-09-01,1839,September,1,1839-09-01
1839-09-08,1839,September,8,1839-09-08
1839-09-15,1839,September,15,1839-09-15
1839-09-22,1839,September,22,1839-09-22
1839-09-29,1839,September,29,1839-09-29
1839-10-06,1839,October,6,1839-10-01
1839-10-13,1839,October,13,1839-10-13
1839-10-20,1839,October,20,1839-10-20
1839-10-27,1839,October,27,1839-10-27
1839-11-03,1839,November,3,1839-11-01
1839-11-10,1839,November,10,1839-11-10
1839-11-17,1839,November,17,1839-11-17
1839-11-24,1839,November,24,1839-11-24
1839-12-01,1839,December,1,1839-12-01
1839-12-08,1839,December,8,1839-12-08
1839-12-15,1839,December,15,1839-12-15
1839-12-22,1839,December,22,1839-12-22
1839-12-29,1839,December,29,1839-12-29
1840-01-05,1840,January,5,1840-01-01
1840-01-12,1840,January,12,1840-01-12
1840-01-19,1840,January,19,1840-01-19
1840-01-26,1840,January,26,1840-01-26
1840-02-02,1840,February,2,1840-02-01
1840-02-09,1840,February,9,1840-02-09
1840-02-16,1840,February,16,1840-02-16
1840-02-23,1840,February,23,1840-02-23
1840-03-01,1840,March,1,1840-03-01
1840-03-08,1840,March,8,1840-03-08
1840-03-15,1840,March,15,1840-03-15
1840-03-22,1840,March,22,1840-03-22
1840-03-29,1840,March,29,1840-03-29
1840-04-05,1840,April,5,1840-04-01
1840-04-12,1840,April,12,1840-04-12
1840-04-19,1840,April,19,1840-04-19
1840-04-26,1840,April,26,1840-04-26
1840-05-03,1840,May,3,1840-05-01
1840-05-10,1840,May,10,1840-05-10
1840-05-17,1840,May,17,1840-05-17
1840-05-24,1840,May,24,1840-05-24
1840-05-31,1840,May,31,1840-05-31
1840-06-07,1840,June,7,1840-06-01
1840-06-14,1840,June,14,1840-06-14
1840-06-21,1840,June,21,1840-06-21
1840-06-28,1840,June,28,1840-06-28
1840-07-05,1840,July,5,1840-07-01
1840-07-12,1840,July,12,1840-07-12
1840-07-19,1840,July,19,1840-07-19
1840-07-26,1840,July,26,1840-07-26
1840-08-02,1840,August,2,1840-08-01
1840-08-09,1840,August,9,1840-08-09
1840-08-16,1840,August,16,1840-08-16
1840-08-23,1840,August,23,1840-08-23
1840-08-30,1840,August,30,1840-08-30
1840-09-06,1840,September,6,1840-09-01
1840-09-13,1840,September,13,1840-09-13
1840-09-20,1840,September,20,1840-09-20
1840-09-27,1840,September,27,1840-09-27
1840-10-04,1840,October,4,1840-10-01
1840-10-11,1840,October,11,1840-10-11
1840-10-18,1840,October,18,1840-10-18
1840-10-25,1840,October,25,1840-10-25
1840-11-01,1840,November,1,1840-11-01
1840-11-08,1840,November,8,1840-11-08
1840-11-15,1840,November,15,1840-11-15
1840-11-22,1840,November,22,1840-11-22
1840-11-29,1840,November,29,1840-11-29
1840-12-06,1840,December,6,1840-12-01
1840-12-13,1840,December,13,1840-12-13
1840-12-20,1840,December,20,1840-12-20
1840-12-27,1840,December,27,1840-12-27
1841-01-03,1841,January,3,1841-01-01
1841-01-10,1841,January,10,1841-01-10
1841-01-17,1841,January,17,1841-01-17
1841-01-24,1841,January,24,1841-01-24
1841-01-31,1841,January,31,1841-01-31
1841-02-07,1841,February,7,1841-02-01
1841-02-14,1841,February,14,1841-02-14
1841-02-21,1841,February,21,1841-02-21
1841-02-28,1841,February,28,1841-02-28
1841-03-07,1841,March,7,1841-03-01
1841-03-14,1841,March,14,1841-03-14
1841-03-21,1841,March,21,1841-03-21
1841-03-28,1841,March,28,1841-03-28
1841-04-04,1841,April,4,1841-04-01
1841-04-11,1841,April,11,1841-04-11
1841-04-18,1841,April,18,1841-04-18
1841-04-25,1841,April,25,1841-04-25
1841-05-02,1841,May,2,1841-05-01
1841-05-09,1841,May,9,1841-05-09
1841-05-16,1841,May,16,1841-05-16
1841-05-23,1841,May,23,1841-05-23
1841-05-30,1841,May,30,1841-05-30
1841-06-06,1841,June,6,1841-06-01
1841-06-13,1841,June,13,1841-06-13
1841-06-20,1841,June,20,1841-06-20
1841-06-27,1841,June,27,1841-06-27
1841-07-04,1841,July,4,1841-07-01
1841-07-11,1841,July,11,1841-07-11
1841-07-18,1841,July,18,1841-07-18
1841-07-25,1841,July,25,1841-07-25
1841-08-01,1841,August,1,1841-08-01
1841-08-08,1841,August,8,1841-08-08
1841-08-15,1841,August,15,1841-08-15
1841-08-22,1841,August,22,1841-08-22
1841-08-29,1841,August,29,1841-08-29
1841-09-05,1841,September,5,1841-09-01
1841-09-12,1841,September,12,1841-09-12
1841-09-19,1841,September,19,1841-09-19
1841-09-26,1841,September,26,1841-09-26
1841-10-03,1841,October,3,1841-10-01
1841-10-10,1841,October,10,1841-10-10
1841-10-17,1841,October,17,1841-10-17
1841-10-24,1841,October,24,1841-10-24
1841-10-31,1841,October,31,1841-10-31
1841-11-07,1841,November,7,1841-11-01
1841-11-14,1841,November,14,1841-11-14
1841-11-21,1841,November,21,1841-11-21
1841-11-28,1841,November,28,1841-11-28
1841-12-05,1841,December,5,1841-12-01
1841-12-12,1841,December,12,1841-12-12
1841-12-19,1841,December,19,1841-12-19
1841-12-26,1841,December,26,1841-12-26
1842-01-02,1842,January,2,1842-01-01
1842-01-09,1842,January,9,1842-01-09
1842-01-16,1842,January,16,1842-01-16
1842-01-23,1842,January,23,1842-01-23
1842-01-30,1842,January,30,1842-01-30
1842-02-06,1842,February,6,1842-02-01
1842-02-13,1842,February,13,1842-02-13
1842-02-20,1842,February,20,1842-02-20
1842-02-27,1842,February,27,1842-02-27
1842-03-06,1842,March,6,1842-03-01
1842-03-13,1842,March,13,1842-03-13
1842-03-20,1842,March,20,1842-03-20
1842-03-27,1842,March,27,1842-03-27
1842-04-03,1842,April,3,1842-04-01
1842-04-10,1842,April,10,1842-04-10
1842-04-17,1842,April,17,1842-04-17
1842-04-24,1842,April,24,1842-04-24
1842-05-01,1842,May,1,1842-05-01
1842-05-08,1842,May,8,1842-05-08
1842-05-15,1842,May,15,1842-05-15
1842-05-22,1842,May,22,1842-05-22
1842-05-29,1842,May,29,1842-05-29
1842-06-05,1842,June,5,1842-06-01
1842-06-12,1842,June,12,1842-06-12
1842-06-19,1842,June,19,1842-06-19
1842-06-26,1842,June,26,1842-06-26
1842-07-03,1842,July,3,1842-07-01
1842-07-10,1842,July,10,1842-07-10
1842-07-17,1842,July,17,1842-07-17
1842-07-24,1842,July,24,1842-07-24
1842-07-31,1842,July,31,1842-07-31
1842-08-07,1842,August,7,1842-08-01
1842-08-14,1842,August,14,1842-08-14
1842-08-21,1842,August,21,1842-08-21
1842-08-28,1842,August,28,1842-08-28
1842-09-04,1842,September,4,1842-09-01
1842-09-11,1842,September,11,1842-09-11
1842-09-18,1842,September,18,1842-09-18
1842-09-25,1842,September,25,1842-09-25
1842-10-02,1842,October,2,1842-10-01
1842-10-09,1842,October,9,1842-10-09
1842-10-16,1842,October,16,1842-10-16
1842-10-23,1842,October,23,1842-10-23
1842-10-30,1842,October,30,1842-10-30
1842-11-06,1842,November,6,1842-11-01
1842-11-13,1842,November,13,1842-11-13
1842-11-20,1842,November,20,1842-11-20
1842-11-27,1842,November,27,1842-11-27
1842-12-04,1842,December,4,1842-12-01
1842-12-11,1842,December,11,1842-12-11
1842-12-18,1842,December,18,1842-12-18
1842-12-25,1842,December,25,1842-12-25
1843-01-01,1843,January,1,1843-01-01
1843-01-08,1843,January,8,1843-01-08
1843-01-15,1843,January,15,1843-01-15
1843-01-22,1843,January,22,1843-01-22
1843-01-29,1843,January,29,1843-01-29
1843-02-05,1843,February,5,1843-02-01
1843-02-12,1843,February,12,1843-02-12
1843-02-19,1843,February,19,1843-02-19
1843-02-26,1843,February,26,1843-02-26
1843-03-05,1843,March,5,1843-03-01
1843-03-12,1843,March,12,1843-03-12
1843-03-19,1843,March,19,1843-03-19
1843-03-26,1843,March,26,1843-03-26
1843-04-02,1843,April,2,1843-04-01
1843-04-09,1843,April,9,1843-04-09
1843-04-16,1843,April,16,1843-04-16
1843-04-23,1843,April,23,1843-04-23
1843-04-30,1843,April,30,1843-04-30
1843-05-07,1843,May,7,1843-05-01
1843-05-14,1843,May,14,1843-05-14
1843-05-21,1843,May,21,1843-05-21
1843-05-28,1843,May,28,1843-05-28
1843-06-04,1843,June,4,1843-06-01
1843-06-11,1843,June,11,1843-06-11
1843-06-18,1843,June,18,1843-06-18
1843-06-25,1843,June,25,1843-06-25
1843-07-02,1843,July,2,1843-07-01
1843-07-09,1843,July,9,1843-07-09
1843-07-16,1843,July,16,1843-07-16
1843-07-23,1843,July,23,1843-07-23
1843-07-30,1843,July,30,1843-07-30
1843-08-06,1843,August,6,1843-08-01
1843-08-13,1843,August,13,1843-08-13
1843-08-20,1843,August,20,1843-08-20
1843-08-27,1843,August,27,1843-08-27
1843-09-03,1843,September,3,1843-09-01
1843-09-10,1843,September,10,1843-09-10
1843-09-17,1843,September,17,1843-09-17
1843-09-24,1843,September,24,1843-09-24
1843-10-01,1843,October,1,1843-10-01
1843-10-08,1843,October,8,1843-10-08
1843-10-15,1843,October,15,1843-10-15
1843-10-22,1843,October,22,1843-10-22
1843-10-29,1843,October,29,1843-10-29
1843-11-05,1843,November,5,1843-11-01
1843-11-12,1843,November,12,1843-11-12
1843-11-19,1843,November,19,1843-11-19
1843-11-26,1843,November,26,1843-11-26
1843-12-03,1843,December,3,1843-12-01
1843-12-10,1843,December,10,1843-12-10
1843-12-17,1843,December,17,1843-12-17
1843-12-24,1843,December,24,1843-12-24
1843-12-31,1843,December,31,1843-12-31
1844-01-07,1844,January,7,1844-01-01
1844-01-14,1844,January,14,1844-01-14
1844-01-21,1844,January,21,1844-01-21
1844-01-28,1844,January,28,1844-01-28
1844-02-04,1844,February,4,1844-02-01
1844-02-11,1844,February,11,1844-02-11
1844-02-18,1844,February,18,1844-02-18
1844-02-25,1844,February,25,1844-02-25
1844-03-03,1844,March,3,1844-03-01
1844-03-10,1844,March,10,1844-03-10
1844-03-17,1844,March,17,1844-03-17
1844-03-24,1844,March,24,1844-03-24
1844-03-31,1844,March,31,1844-03-31
1844-04-07,1844,April,7,1844-04-01
1844-04-14,1844,April,14,1844-04-14
1844-04-21,1844,April,21,1844-04-21
1844-04-28,1844,April,28,1844-04-28
1844-05-05,1844,May,5,1844-05-01
1844-05-12,1844,May,12,1844-05-12
1844-05-19,1844,May,19,1844-05-19
1844-05-26,1844,May,26,1844-05-26
1844-06-02,1844,June,2,1844-06-01
1844-06-09,1844,June,9,1844-06-09
1844-06-16,1844,June,16,1844-06-16
1844-06-23,1844,June,23,1844-06-23
1844-06-30,1844,June,30,1844-06-30
1844-07-07,1844,July,7,1844-07-01
1844-07-14,1844,July,14,1844-07-14
1844-07-21,1844,July,21,1844-07-21
1844-07-28,1844,July,28,1844-07-28
1844-08-04,1844,August,4,1844-08-01
1844-08-11,1844,August,11,1844-08-11
1844-08-18,1844,August,18,1844-08-18
1844-08-25,1844,August,25,1844-08-25
1844-09-01,1844,September,1,1844-09-01
1844-09-08,1844,September,8,1844-09-08
1844-09-15,1844,September,15,1844-09-15
1844-09-22,1844,September,22,1844-09-22
1844-09-29,1844,September,29,1844-09-29
1844-10-06,1844,October,6,1844-10-01
1844-10-13,1844,October,13,1844-10-13
1844-10-20,1844,October,20,1844-10-20
1844-10-27,1844,October,27,1844-10-27
1844-11-03,1844,November,3,1844-11-01
1844-11-10,1844,November,10,1844-11-10
1844-11-17,1844,November,17,1844-11-17
1844-11-24,1844,November,24,1844-11-24
1844-12-01,1844,December,1,1844-12-01
1844-12-08,1844,December,8,1844-12-08
1844-12-15,1844,December,15,1844-12-15
1844-12-22,1844,December,22,1844-12-22
1844-12-29,1844,December,29,1844-12-29
1845-01-05,1845,January,5,1845-01-01
1845-01-12,1845,January,12,1845-01-12
1845-01-19,1845,January,19,1845-01-19
1845-01-26,1845,January,26,1845-01-26
1845-02-02,1845,February,2,1845-02-01
1845-02-09,1845,February,9,1845-02-09
1845-02-16,1845,February,16,1845-02-16
1845-02-23,1845,February,23,1845-02-23
1845-03-02,1845,March,2,1845-03-01
1845-03-09,1845,March,9,1845-03-09
1845-03-16,1845,March,16,1845-03-16
1845-03-23,1845,March,23,1845-03-23
1845-03-30,1845,March,30,1845-03-30
1845-04-06,1845,April,6,1845-04-01
1845-04-13,1845,April,13,1845-04-13
1845-04-20,1845,April,20,1845-04-20
1845-04-27,1845,April,27,1845-04-27
1845-05-04,1845,May,4,1845-05-01
1845-05-11,1845,May,11,1845-05-11
1845-05-18,1845,May,18,1845-05-18
1845-05-25,1845,May,25,1845-05-25
1845-06-01,1845,June,1,1845-06-01
1845-06-08,1845,June,8,1845-06-08
1845-06-15,1845,June,15,1845-06-15
1845-06-22,1845,June,22,1845-06-22
1845-06-29,1845,June,29,1845-06-29
1845-07-06,1845,July,6,1845-07-01
1845-07-13,1845,July,13,1845-07-13
1845-07-20,1845,July,20,1845-07-20
1845-07-27,1845,July,27,1845-07-27
1845-08-03,1845,August,3,1845-08-01
1845-08-10,1845,August,10,1845-08-10
1845-08-17,1845,August,17,1845-08-17
1845-08-24,1845,August,24,1845-08-24
1845-08-31,1845,August,31,1845-08-31
1845-09-07,1845,September,7,1845-09-01
1845-09-14,1845,September,14,1845-09-14
1845-09-21,1845,September,21,1845-09-21
1845-09-28,1845,September,28,1845-09-28
1845-10-05,1845,October,5,1845-10-01
1845-10-12,1845,October,12,1845-10-12
1845-10-19,1845,October,19,1845-10-19
1845-10-26,1845,October,26,1845-10-26
1845-11-02,1845,November,2,1845-11-01
1845-11-09,1845,November,9,1845-11-09
1845-11-16,1845,November,16,1845-11-16
1845-11-23,1845,November,23,1845-11-23
1845-11-30,1845,November,30,1845-11-30
1845-12-07,1845,December,7,1845-12-01
1845-12-14,1845,December,14,1845-12-14
1845-12-21,1845,December,21,1845-12-21
1845-12-28,1845,December,28,1845-12-28
1846-01-04,1846,January,4,1846-01-01
1846-01-11,1846,January,11,1846-01-11
1846-01-18,1846,January,18,1846-01-18
1846-01-25,1846,January,25,1846-01-25
1846-02-01,1846,February,1,1846-02-01
1846-02-08,1846,February,8,1846-02-08
1846-02-15,1846,February,15,1846-02-15
1846-02-22,1846,February,22,1846-02-22
1846-03-01,1846,March,1,1846-03-01
1846-03-08,1846,March,8,1846-03-08
1846-03-15,1846,March,15,1846-03-15
1846-03-22,1846,March,22,1846-03-22
1846-03-29,1846,March,29,1846-03-29
1846-04-05,1846,April,5,1846-04-01
1846-04-12,1846,April,12,1846-04-12
1846-04-19,1846,April,19,1846-04-19
1846-04-26,1846,April,26,1846-04-26
1846-05-03,1846,May,3,1846-05-01
1846-05-10,1846,May,10,1846-05-10
1846-05-17,1846,May,17,1846-05-17
1846-05-24,1846,May,24,1846-05-24
1846-05-31,1846,May,31,1846-05-31
1846-06-07,1846,June,7,1846-06-01
1846-06-14,1846,June,14,1846-06-14
1846-06-21,1846,June,21,1846-06-21
1846-06-28,1846,June,28,1846-06-28
1846-07-05,1846,July,5,1846-07-01
1846-07-12,1846,July,12,1846-07-12
1846-07-19,1846,July,19,1846-07-19
1846-07-26,1846,July,26,1846-07-26
1846-08-02,1846,August,2,1846-08-01
1846-08-09,1846,August,9,1846-08-09
1846-08-16,1846,August,16,1846-08-16
1846-08-23,1846,August,23,1846-08-23
1846-08-30,1846,August,30,1846-08-30
1846-09-06,1846,September,6,1846-09-01
1846-09-13,1846,September,13,1846-09-13
1846-09-20,1846,September,20,1846-09-20
1846-09-27,1846,September,27,1846-09-27
1846-10-04,1846,October,4,1846-10-01
1846-10-11,1846,October,11,1846-10-11
1846-10-18,1846,October,18,1846-10-18
1846-10-25,1846,October,25,1846-10-25
1846-11-01,1846,November,1,1846-11-01
1846-11-08,1846,November,8,1846-11-08
1846-11-15,1846,November,15,1846-11-15
1846-11-22,1846,November,22,1846-11-22
1846-11-29,1846,November,29,1846-11-29
1846-12-06,1846,December,6,1846-12-01
1846-12-13,1846,December,13,1846-12-13
1846-12-20,1846,December,20,1846-12-20
1846-12-27,1846,December,27,1846-12-27
1847-01-03,1847,January,3,1847-01-01
1847-01-10,1847,January,10,1847-01-10
1847-01-17,1847,January,17,1847-01-17
1847-01-24,1847,January,24,1847-01-24
1847-01-31,1847,January,31,1847-01-31
1847-02-07,1847,February,7,1847-02-01
1847-02-14,1847,February,14,1847-02-14
1847-02-21,1847,February,21,1847-02-21
1847-02-28,1847,February,28,1847-02-28
1847-03-07,1847,March,7,1847-03-01
1847-03-14,1847,March,14,1847-03-14
1847-03-21,1847,March,21,1847-03-21
1847-03-28,1847,March,28,1847-03-28
1847-04-04,1847,April,4,1847-04-01
1847-04-11,1847,April,11,1847-04-11
1847-04-18,1847,April,18,1847-04-18
1847-04-25,1847,April,25,1847-04-25
1847-05-02,1847,May,2,1847-05-01
1847-05-09,1847,May,9,1847-05-09
1847-05-16,1847,May,16,1847-05-16
1847-05-23,1847,May,23,1847-05-23
1847-05-30,1847,May,30,1847-05-30
1847-06-06,1847,June,6,1847-06-01
1847-06-13,1847,June,13,1847-06-13
1847-06-20,1847,June,20,1847-06-20
1847-06-27,1847,June,27,1847-06-27
1847-07-04,1847,July,4,1847-07-01
1847-07-11,1847,July,11,1847-07-11
1847-07-18,1847,July,18,1847-07-18
1847-07-25,1847,July,25,1847-07-25
1847-08-01,1847,August,1,1847-08-01
1847-08-08,1847,August,8,1847-08-08
1847-08-15,1847,August,15,1847-08-15
1847-08-22,1847,August,22,1847-08-22
1847-08-29,1847,August,29,1847-08-29
1847-09-05,1847,September,5,1847-09-01
1847-09-12,1847,September,12,1847-09-12
1847-09-19,1847,September,19,1847-09-19
1847-09-26,1847,September,26,1847-09-26
1847-10-03,1847,October,3,1847-10-01
1847-10-10,1847,October,10,1847-10-10
1847-10-17,1847,October,17,1847-10-17
1847-10-24,1847,October,24,1847-10-24
1847-10-31,1847,October,31,1847-10-31
1847-11-07,1847,November,7,1847-11-01
1847-11-14,1847,November,14,1847-11-14
1847-11-21,1847,November,21,1847-11-21
1847-11-28,1847,November,28,1847-11-28
1847-12-05,1847,December,5,1847-12-01
1847-12-12,1847,December,12,1847-12-12
1847-12-19,1847,December,19,1847-12-19
1847-12-26,1847,December,26,1847-12-26
1848-01-02,1848,January,2,1848-01-01
1848-01-09,1848,January,9,1848-01-09
1848-01-16,1848,January,16,1848-01-16
1848-01-23,1848,January,23,1848-01-23
1848-01-30,1848,January,30,1848-01-30
1848-02-06,1848,February,6,1848-02-01
1848-02-13,1848,February,13,1848-02-13
1848-02-20,1848,February,20,1848-02-20
1848-02-27,1848,February,27,1848-02-27
1848-03-05,1848,March,5,1848-03-01
1848-03-12,1848,March,12,1848-03-12
1848-03-19,1848,March,19,1848-03-19
1848-03-26,1848,March,26,1848-03-26
1848-04-02,1848,April,2,1848-04-01
1848-04-09,1848,April,9,1848-04-09
1848-04-16,1848,April,16,1848-04-16
1848-04-23,1848,April,23,1848-04-23
1848-04-30,1848,April,30,1848-04-30
1848-05-07,1848,May,7,1848-05-01
1848-05-14,1848,May,14,1848-05-14
1848-05-21,1848,May,21,1848-05-21
1848-05-28,1848,May,28,1848-05-28
1848-06-04,1848,June,4,1848-06-01
1848-06-11,1848,June,11,1848-06-11
1848-06-18,1848,June,18,1848-06-18
1848-06-25,1848,June,25,1848-06-25
1848-07-02,1848,July,2,1848-07-01
1848-07-09,1848,July,9,1848-07-09
1848-07-16,1848,July,16,1848-07-16
1848-07-23,1848,July,23,1848-07-23
1848-07-30,1848,July,30,1848-07-30
1848-08-06,1848,August,6,1848-08-01
1848-08-13,1848,August,13,1848-08-13
1848-08-20,1848,August,20,1848-08-20
1848-08-27,1848,August,27,1848-08-27
1848-09-03,1848,September,3,1848-09-01
1848-09-10,1848,September,10,1848-09-10
1848-09-17,1848,September,17,1848-09-17
1848-09-24,1848,September,24,1848-09-24
1848-10-01,1848,October,1,1848-10-01
1848-10-08,1848,October,8,1848-10-08
1848-10-15,1848,October,15,1848-10-15
1848-10-22,1848,October,22,1848-10-22
1848-10-29,1848,October,29,1848-10-29
1848-11-05,1848,November,5,1848-11-01
1848-11-12,1848,November,12,1848-11-12
1848-11-19,1848,November,19,1848-11-19
1848-11-26,1848,November,26,1848-11-26
1848-12-03,1848,December,3,1848-12-01
1848-12-10,1848,December,10,1848-12-10
1848-12-17,1848,December,17,1848-12-17
1848-12-24,1848,December,24,1848-12-24
1848-12-31,1848,December,31,1848-12-31
1849-01-07,1849,January,7,1849-01-01
1849-01-14,1849,January,14,1849-01-14
1849-01-21,1849,January,21,1849-01-21
1849-01-28,1849,January,28,1849-01-28
1849-02-04,1849,February,4,1849-02-01
1849-02-11,1849,February,11,1849-02-11
1849-02-18,1849,February,18,1849-02-18
1849-02-25,1849,February,25,1849-02-25
1849-03-04,1849,March,4,1849-03-01
1849-03-11,1849,March,11,1849-03-11
1849-03-18,1849,March,18,1849-03-18
1849-03-25,1849,March,25,1849-03-25
1849-04-01,1849,April,1,1849-04-01
1849-04-08,1849,April,8,1849-04-08
1849-04-15,1849,April,15,1849-04-15
1849-04-22,1849,April,22,1849-04-22
1849-04-29,1849,April,29,1849-04-29
1849-05-06,1849,May,6,1849-05-01
1849-05-13,1849,May,13,1849-05-13
1849-05-20,1849,May,20,1849-05-20
1849-05-27,1849,May,27,1849-05-27
1849-06-03,1849,June,3,1849-06-01
1849-06-10,1849,June,10,1849-06-10
1849-06-17,1849,June,17,1849-06-17
1849-06-24,1849,June,24,1849-06-24
1849-07-01,1849,July,1,1849-07-01
1849-07-08,1849,July,8,1849-07-08
1849-07-15,1849,July,15,1849-07-15
1849-07-22,1849,July,22,1849-07-22
1849-07-29,1849,July,29,1849-07-29
1849-08-05,1849,August,5,1849-08-01
1849-08-12,1849,August,12,1849-08-12
1849-08-19,1849,August,19,1849-08-19
1849-08-26,1849,August,26,1849-08-26
1849-09-02,1849,September,2,1849-09-01
1849-09-09,1849,September,9,1849-09-09
1849-09-16,1849,September,16,1849-09-16
1849-09-23,1849,September,23,1849-09-23
1849-09-30,1849,September,30,1849-09-30
1849-10-07,1849,October,7,1849-10-01
1849-10-14,1849,October,14,1849-10-14
1849-10-21,1849,October,21,1849-10-21
1849-10-28,1849,October,28,1849-10-28
1849-11-04,1849,November,4,1849-11-01
1849-11-11,1849,November,11,1849-11-11
1849-11-18,1849,November,18,1849-11-18
1849-11-25,1849,November,25,1849-11-25
1849-12-02,1849,December,2,1849-12-01
1849-12-09,1849,December,9,1849-12-09
1849-12-16,1849,December,16,1849-12-16
1849-12-23,1849,December,23,1849-12-23
1849-12-30,1849,December,30,1849-12-30
1850-01-06,1850,January,6,1850-01-01
1850-01-13,1850,January,13,1850-01-13
1850-01-20,1850,January,20,1850-01-20
1850-01-27,1850,January,27,1850-01-27
1850-02-03,1850,February,3,1850-02-01
1850-02-10,1850,February,10,1850-02-10
1850-02-17,1850,February,17,1850-02-17
1850-02-24,1850,February,24,1850-02-24
1850-03-03,1850,March,3,1850-03-01
1850-03-10,1850,March,10,1850-03-10
1850-03-17,1850,March,17,1850-03-17
1850-03-24,1850,March,24,1850-03-24
1850-03-31,1850,March,31,1850-03-31
1850-04-07,1850,April,7,1850-04-01
1850-04-14,1850,April,14,1850-04-14
1850-04-21,1850,April,21,1850-04-21
1850-04-28,1850,April,28,1850-04-28
1850-05-05,1850,May,5,1850-05-01
1850-05-12,1850,May,12,1850-05-12
1850-05-19,1850,May,19,1850-05-19
1850-05-26,1850,May,26,1850-05-26
1850-06-02,1850,June,2,1850-06-01
1850-06-09,1850,June,9,1850-06-09
1850-06-16,1850,June,16,1850-06-16
1850-06-23,1850,June,23,1850-06-23
1850-06-30,1850,June,30,1850-06-30
1850-07-07,1850,July,7,1850-07-01
1850-07-14,1850,July,14,1850-07-14
1850-07-21,1850,July,21,1850-07-21
1850-07-28,1850,July,28,1850-07-28
1850-08-04,1850,August,4,1850-08-01
1850-08-11,1850,August,11,1850-08-11
1850-08-18,1850,August,18,1850-08-18
1850-08-25,1850,August,25,1850-08-25
1850-09-01,1850,September,1,1850-09-01
1850-09-08,1850,September,8,1850-09-08
1850-09-15,1850,September,15,1850-09-15
1850-09-22,1850,September,22,1850-09-22
1850-09-29,1850,September,29,1850-09-29
1850-10-06,1850,October,6,1850-10-01
1850-10-13,1850,October,13,1850-10-13
1850-10-20,1850,October,20,1850-10-20
1850-10-27,1850,October,27,1850-10-27
1850-11-03,1850,November,3,1850-11-01
1850-11-10,1850,November,10,1850-11-10
1850-11-17,1850,November,17,1850-11-17
1850-11-24,1850,November,24,1850-11-24
1850-12-01,1850,December,1,1850-12-01
1850-12-08,1850,December,8,1850-12-08
1850-12-15,1850,December,15,1850-12-15
1850-12-22,1850,December,22,1850-12-22
1850-12-29,1850,December,29,1850-12-29
1851-01-05,1851,January,5,1851-01-01
1851-01-12,1851,January,12,1851-01-12
1851-01-19,1851,January,19,1851-01-19
1851-01-26,1851,January,26,1851-01-26
1851-02-02,1851,February,2,1851-02-01
1851-02-09,1851,February,9,1851-02-09
1851-02-16,1851,February,16,1851-02-16
1851-02-23,1851,February,23,1851-02-23
1851-03-02,1851,March,2,1851-03-01
1851-03-09,1851,March,9,1851-03-09
1851-03-16,1851,March,16,1851-03-16
1851-03-23,1851,March,23,1851-03-23
1851-03-30,1851,March,30,1851-03-30
1851-04-06,1851,April,6,1851-04-01
1851-04-13,1851,April,13,1851-04-13
1851-04-20,1851,April,20,1851-04-20
1851-04-27,1851,April,27,1851-04-27
1851-05-04,1851,May,4,1851-05-01
1851-05-11,1851,May,11,1851-05-11
1851-05-18,1851,May,18,1851-05-18
1851-05-25,1851,May,25,1851-05-25
1851-06-01,1851,June,1,1851-06-01
1851-06-08,1851,June,8,1851-06-08
1851-06-15,1851,June,15,1851-06-15
1851-06-22,1851,June,22,1851-06-22
1851-06-29,1851,June,29,1851-06-29
1851-07-06,1851,July,6,1851-07-01
1851-07-13,1851,July,13,1851-07-13
1851-07-20,1851,July,20,1851-07-20
1851-07-27,1851,July,27,1851-07-27
1851-08-03,1851,August,3,1851-08-01
1851-08-10,1851,August,10,1851-08-10
1851-08-17,1851,August,17,1851-08-17
1851-08-24,1851,August,24,1851-08-24
1851-08-31,1851,August,31,1851-08-31
1851-09-07,1851,September,7,1851-09-01
1851-09-14,1851,September,14,1851-09-14
1851-09-21,1851,September,21,1851-09-21
1851-09-28,1851,September,28,1851-09-28
1851-10-05,1851,October,5,1851-10-01
1851-10-12,1851,October,12,1851-10-12
1851-10-19,1851,October,19,1851-10-19
1851-10-26,1851,October,26,1851-10-26
1851-11-02,1851,November,2,1851-11-01
1851-11-09,1851,November,9,1851-11-09
1851-11-16,1851,November,16,1851-11-16
1851-11-23,1851,November,23,1851-11-23
1851-11-30,1851,November,30,1851-11-30
1851-12-07,1851,December,7,1851-12-01
1851-12-14,1851,December,14,1851-12-14
1851-12-21,1851,December,21,1851-12-21
1851-12-28,1851,December,28,1851-12-28
1852-01-04,1852,January,4,1852-01-01
1852-01-11,1852,January,11,1852-01-11
1852-01-18,1852,January,18,1852-01-18
1852-01-25,1852,January,25,1852-01-25
1852-02-01,1852,February,1,1852-02-01
1852-02-08,1852,February,8,1852-02-08
1852-02-15,1852,February,15,1852-02-15
1852-02-22,1852,February,22,1852-02-22
1852-02-29,1852,February,29,1852-02-29
1852-03-07,1852,March,7,1852-03-01
1852-03-14,1852,March,14,1852-03-14
1852-03-21,1852,March,21,1852-03-21
1852-03-28,1852,March,28,1852-03-28
1852-04-04,1852,April,4,1852-04-01
1852-04-11,1852,April,11,1852-04-11
1852-04-18,1852,April,18,1852-04-18
1852-04-25,1852,April,25,1852-04-25
1852-05-02,1852,May,2,1852-05-01
1852-05-09,1852,May,9,1852-05-09
1852-05-16,1852,May,16,1852-05-16
1852-05-23,1852,May,23,1852-05-23
1852-05-30,1852,May,30,1852-05-30
1852-06-06,1852,June,6,1852-06-01
1852-06-13,1852,June,13,1852-06-13
1852-06-20,1852,June,20,1852-06-20
1852-06-27,1852,June,27,1852-06-27
1852-07-04,1852,July,4,1852-07-01
1852-07-11,1852,July,11,1852-07-11
1852-07-18,1852,July,18,1852-07-18
1852-07-25,1852,July,25,1852-07-25
1852-08-01,1852,August,1,1852-08-01
1852-08-08,1852,August,8,1852-08-08
1852-08-15,1852,August,15,1852-08-15
1852-08-22,1852,August,22,1852-08-22
1852-08-29,1852,August,29,1852-08-29
1852-09-05,1852,September,5,1852-09-01
1852-09-12,1852,September,12,1852-09-12
1852-09-19,1852,September,19,1852-09-19
1852-09-26,1852,September,26,1852-09-26
1852-10-03,1852,October,3,1852-10-01
1852-10-10,1852,October,10,1852-10-10
1852-10-17,1852,October,17,1852-10-17
1852-10-24,1852,October,24,1852-10-24
1852-10-31,1852,October,31,1852-10-31
1852-11-07,1852,November,7,1852-11-01
1852-11-14,1852,November,14,1852-11-14
1852-11-21,1852,November,21,1852-11-21
1852-11-28,1852,November,28,1852-11-28
1852-12-05,1852,December,5,1852-12-01
1852-12-12,1852,December,12,1852-12-12
1852-12-19,1852,December,19,1852-12-19
1852-12-26,1852,December,26,1852-12-26
1853-01-02,1853,January,2,1853-01-01
1853-01-09,1853,January,9,1853-01-09
1853-01-16,1853,January,16,1853-01-16
1853-01-23,1853,January,23,1853-01-23
1853-01-30,1853,January,30,1853-01-30
1853-02-06,1853,February,6,1853-02-01
1853-02-13,1853,February,13,1853-02-13
1853-02-20,1853,February,20,1853-02-20
1853-02-27,1853,February,27,1853-02-27
1853-03-06,1853,March,6,1853-03-01
1853-03-13,1853,March,13,1853-03-13
1853-03-20,1853,March,20,1853-03-20
1853-03-27,1853,March,27,1853-03-27
1853-04-03,1853,April,3,1853-04-01
1853-04-10,1853,April,10,1853-04-10
1853-04-17,1853,April,17,1853-04-17
1853-04-24,1853,April,24,1853-04-24
1853-05-01,1853,May,1,1853-05-01
1853-05-08,1853,May,8,1853-05-08
1853-05-15,1853,May,15,1853-05-15
1853-05-22,1853,May,22,1853-05-22
1853-05-29,1853,May,29,1853-05-29
1853-06-05,1853,June,5,1853-06-01
1853-06-12,1853,June,12,1853-06-12
1853-06-19,1853,June,19,1853-06-19
1853-06-26,1853,June,26,1853-06-26
1853-07-03,1853,July,3,1853-07-01
1853-07-10,1853,July,10,1853-07-10
1853-07-17,1853,July,17,1853-07-17
1853-07-24,1853,July,24,1853-07-24
1853-07-31,1853,July,31,1853-07-31
1853-08-07,1853,August,7,1853-08-01
1853-08-14,1853,August,14,1853-08-14
1853-08-21,1853,August,21,1853-08-21
1853-08-28,1853,August,28,1853-08-28
1853-09-04,1853,September,4,1853-09-01
1853-09-11,1853,September,11,1853-09-11
1853-09-18,1853,September,18,1853-09-18
1853-09-25,1853,September,25,1853-09-25
1853-10-02,1853,October,2,1853-10-01
1853-10-09,1853,October,9,1853-10-09
1853-10-16,1853,October,16,1853-10-16
1853-10-23,1853,October,23,1853-10-23
1853-10-30,1853,October,30,1853-10-30
1853-11-06,1853,November,6,1853-11-01
1853-11-13,1853,November,13,1853-11-13
1853-11-20,1853,November,20,1853-11-20
1853-11-27,1853,November,27,1853-11-27
1853-12-04,1853,December,4,1853-12-01
1853-12-11,1853,December,11,1853-12-11
1853-12-18,1853,December,18,1853-12-18
1853-12-25,1853,December,25,1853-12-25
1854-01-01,1854,January,1,1854-01-01
1854-01-08,1854,January,8,1854-01-08
1854-01-15,1854,January,15,1854-01-15
1854-01-22,1854,January,22,1854-01-22
1854-01-29,1854,January,29,1854-01-29
1854-02-05,1854,February,5,1854-02-01
1854-02-12,1854,February,12,1854-02-12
1854-02-19,1854,February,19,1854-02-19
1854-02-26,1854,February,26,1854-02-26
1854-03-05,1854,March,5,1854-03-01
1854-03-12,1854,March,12,1854-03-12
1854-03-19,1854,March,19,1854-03-19
1854-03-26,1854,March,26,1854-03-26
1854-04-02,1854,April,2,1854-04-01
1854-04-09,1854,April,9,1854-04-09
1854-04-16,1854,April,16,1854-04-16
1854-04-23,1854,April,23,1854-04-23
1854-04-30,1854,April,30,1854-04-30
1854-05-07,1854,May,7,1854-05-01
1854-05-14,1854,May,14,1854-05-14
1854-05-21,1854,May,21,1854-05-21
1854-05-28,1854,May,28,1854-05-28
1854-06-04,1854,June,4,1854-06-01
1854-06-11,1854,June,11,1854-06-11
1854-06-18,1854,June,18,1854-06-18
1854-06-25,1854,June,25,1854-06-25
1854-07-02,1854,July,2,1854-07-01
1854-07-09,1854,July,9,1854-07-09
1854-07-16,1854,July,16,1854-07-16
1854-07-23,1854,July,23,1854-07-23
1854-07-30,1854,July,30,1854-07-30
1854-08-06,1854,August,6,1854-08-01
1854-08-13,1854,August,13,1854-08-13
1854-08-20,1854,August,20,1854-08-20
1854-08-27,1854,August,27,1854-08-27
1854-09-03,1854,September,3,1854-09-01
1854-09-10,1854,September,10,1854-09-10
1854-09-17,1854,September,17,1854-09-17
1854-09-24,1854,September,24,1854-09-24
1854-10-01,1854,October,1,1854-10-01
1854-10-08,1854,October,8,1854-10-08
1854-10-15,1854,October,15,1854-10-15
1854-10-22,1854,October,22,1854-10-22
1854-10-29,1854,October,29,1854-10-29
1854-11-05,1854,November,5,1854-11-01
1854-11-12,1854,November,12,1854-11-12
1854-11-19,1854,November,19,1854-11-19
1854-11-26,1854,November,26,1854-11-26
1854-12-03,1854,December,3,1854-12-01
1854-12-10,1854,December,10,1854-12-10
1854-12-17,1854,December,17,1854-12-17
1854-12-24,1854,December,24,1854-12-24
1854-12-31,1854,December,31,1854-12-31
1855-01-07,1855,January,7,1855-01-01
1855-01-14,1855,January,14,1855-01-14
1855-01-21,1855,January,21,1855-01-21
1855-01-28,1855,January,28,1855-01-28
1855-02-04,1855,February,4,1855-02-01
1855-02-11,1855,February,11,1855-02-11
1855-02-18,1855,February,18,1855-02-18
1855-02-25,1855,February,25,1855-02-25
1855-03-04,1855,March,4,1855-03-01
1855-03-11,1855,March,11,1855-03-11
1855-03-18,1855,March,18,1855-03-18
1855-03-25,1855,March,25,1855-03-25
1855-04-01,1855,April,1,1855-04-01
1855-04-08,1855,April,8,1855-04-08
1855-04-15,1855,April,15,1855-04-15
1855-04-22,1855,April,22,1855-04-22
1855-04-29,1855,April,29,1855-04-29
1855-05-06,1855,May,6,1855-05-01
1855-05-13,1855,May,13,1855-05-13
1855-05-20,1855,May,20,1855-05-20
1855-05-27,1855,May,27,1855-05-27
1855-06-03,1855,June,3,1855-06-01
1855-06-10,1855,June,10,1855-06-10
1855-06-17,1855,June,17,1855-06-17
1855-06-24,1855,June,24,1855-06-24
1855-07-01,1855,July,1,1855-07-01
1855-07-08,1855,July,8,1855-07-08
1855-07-15,1855,July,15,1855-07-15
1855-07-22,1855,July,22,1855-07-22
1855-07-29,1855,July,29,1855-07-29
1855-08-05,1855,August,5,1855-08-01
1855-08-12,1855,August,12,1855-08-12
1855-08-19,1855,August,19,1855-08-19
1855-08-26,1855,August,26,1855-08-26
1855-09-02,1855,September,2,1855-09-01
1855-09-09,1855,September,9,1855-09-09
1855-09-16,1855,September,16,1855-09-16
1855-09-23,1855,September,23,1855-09-23
1855-09-30,1855,September,30,1855-09-30
1855-10-07,1855,October,7,1855-10-01
1855-10-14,1855,October,14,1855-10-14
1855-10-21,1855,October,21,1855-10-21
1855-10-28,1855,October,28,1855-10-28
1855-11-04,1855,November,4,1855-11-01
1855-11-11,1855,November,11,1855-11-11
1855-11-18,1855,November,18,1855-11-18
1855-11-25,1855,November,25,1855-11-25
1855-12-02,1855,December,2,1855-12-01
1855-12-09,1855,December,9,1855-12-09
1855-12-16,1855,December,16,1855-12-16
1855-12-23,1855,December,23,1855-12-23
1855-12-30,1855,December,30,1855-12-30
1856-01-06,1856,January,6,1856-01-01
1856-01-13,1856,January,13,1856-01-13
1856-01-20,1856,January,20,1856-01-20
1856-01-27,1856,January,27,1856-01-27
1856-02-03,1856,February,3,1856-02-01
1856-02-10,1856,February,10,1856-02-10
1856-02-17,1856,February,17,1856-02-17
1856-02-24,1856,February,24,1856-02-24
1856-03-02,1856,March,2,1856-03-01
1856-03-09,1856,March,9,1856-03-09
1856-03-16,1856,March,16,1856-03-16
1856-03-23,1856,March,23,1856-03-23
1856-03-30,1856,March,30,1856-03-30
1856-04-06,1856,April,6,1856-04-01
1856-04-13,1856,April,13,1856-04-13
1856-04-20,1856,April,20,1856-04-20
1856-04-27,1856,April,27,1856-04-27
1856-05-04,1856,May,4,1856-05-01
1856-05-11,1856,May,11,1856-05-11
1856-05-18,1856,May,18,1856-05-18
1856-05-25,1856,May,25,1856-05-25
1856-06-01,1856,June,1,1856-06-01
1856-06-08,1856,June,8,1856-06-08
1856-06-15,1856,June,15,1856-06-15
1856-06-22,1856,June,22,1856-06-22
1856-06-29,1856,June,29,1856-06-29
1856-07-06,1856,July,6,1856-07-01
1856-07-13,1856,July,13,1856-07-13
1856-07-20,1856,July,20,1856-07-20
1856-07-27,1856,July,27,1856-07-27
1856-08-03,1856,August,3,1856-08-01
1856-08-10,1856,August,10,1856-08-10
1856-08-17,1856,August,17,1856-08-17
1856-08-24,1856,August,24,1856-08-24
1856-08-31,1856,August,31,1856-08-31
1856-09-07,1856,September,7,1856-09-01
1856-09-14,1856,September,14,1856-09-14
1856-09-21,1856,September,21,1856-09-21
1856-09-28,1856,September,28,1856-09-28
1856-10-05,1856,October,5,1856-10-01
1856-10-12,1856,October,12,1856-10-12
1856-10-19,1856,October,19,1856-10-19
1856-10-26,1856,October,26,1856-10-26
1856-11-02,1856,November,2,1856-11-01
1856-11-09,1856,November,9,1856-11-09
1856-11-16,1856,November,16,1856-11-16
1856-11-23,1856,November,23,1856-11-23
1856-11-30,1856,November,30,1856-11-30
1856-12-07,1856,December,7,1856-12-01
1856-12-14,1856,December,14,1856-12-14
1856-12-21,1856,December,21,1856-12-21
1856-12-28,1856,December,28,1856-12-28
1857-01-04,1857,January,4,1857-01-01
1857-01-11,1857,January,11,1857-01-11
1857-01-18,1857,January,18,1857-01-18
1857-01-25,1857,January,25,1857-01-25
1857-02-01,1857,February,1,1857-02-01
1857-02-08,1857,February,8,1857-02-08
1857-02-15,1857,February,15,1857-02-15
1857-02-22,1857,February,22,1857-02-22
1857-03-01,1857,March,1,1857-03-01
1857-03-08,1857,March,8,1857-03-08
1857-03-15,1857,March,15,1857-03-15
1857-03-22,1857,March,22,1857-03-22
1857-03-29,1857,March,29,1857-03-29
1857-04-05,1857,April,5,1857-04-01
1857-04-12,1857,April,12,1857-04-12
1857-04-19,1857,April,19,1857-04-19
1857-04-26,1857,April,26,1857-04-26
1857-05-03,1857,May,3,1857-05-01
1857-05-10,1857,May,10,1857-05-10
1857-05-17,1857,May,17,1857-05-17
1857-05-24,1857,May,24,1857-05-24
1857-05-31,1857,May,31,1857-05-31
1857-06-07,1857,June,7,1857-06-01
1857-06-14,1857,June,14,1857-06-14
1857-06-21,1857,June,21,1857-06-21
1857-06-28,1857,June,28,1857-06-28
1857-07-05,1857,July,5,1857-07-01
1857-07-12,1857,July,12,1857-07-12
1857-07-19,1857,July,19,1857-07-19
1857-07-26,1857,July,26,1857-07-26
1857-08-02,1857,August,2,1857-08-01
1857-08-09,1857,August,9,1857-08-09
1857-08-16,1857,August,16,1857-08-16
1857-08-23,1857,August,23,1857-08-23
1857-08-30,1857,August,30,1857-08-30
1857-09-06,1857,September,6,1857-09-01
1857-09-13,1857,September,13,1857-09-13
1857-09-20,1857,September,20,1857-09-20
1857-09-27,1857,September,27,1857-09-27
1857-10-04,1857,October,4,1857-10-01
1857-10-11,1857,October,11,1857-10-11
1857-10-18,1857,October,18,1857-10-18
1857-10-25,1857,October,25,1857-10-25
1857-11-01,1857,November,1,1857-11-01
1857-11-08,1857,November,8,1857-11-08
1857-11-15,1857,November,15,1857-11-15
1857-11-22,1857,November,22,1857-11-22
1857-11-29,1857,November,29,1857-11-29
1857-12-06,1857,December,6,1857-12-01
1857-12-13,1857,December,13,1857-12-13
1857-12-20,1857,December,20,1857-12-20
1857-12-27,1857,December,27,1857-12-27
1858-01-03,1858,January,3,1858-01-01
1858-01-10,1858,January,10,1858-01-10
1858-01-17,1858,January,17,1858-01-17
1858-01-24,1858,January,24,1858-01-24
1858-01-31,1858,January,31,1858-01-31
1858-02-07,1858,February,7,1858-02-01
1858-02-14,1858,February,14,1858-02-14
1858-02-21,1858,February,21,1858-02-21
1858-02-28,1858,February,28,1858-02-28
1858-03-07,1858,March,7,1858-03-01
1858-03-14,1858,March,14,1858-03-14
1858-03-21,1858,March,21,1858-03-21
1858-03-28,1858,March,28,1858-03-28
1858-04-04,1858,April,4,1858-04-01
1858-04-11,1858,April,11,1858-04-11
1858-04-18,1858,April,18,1858-04-18
1858-04-25,1858,April,25,1858-04-25
1858-05-02,1858,May,2,1858-05-01
1858-05-09,1858,May,9,1858-05-09
1858-05-16,1858,May,16,1858-05-16
1858-05-23,1858,May,23,1858-05-23
1858-05-30,1858,May,30,1858-05-30
1858-06-06,1858,June,6,1858-06-01
1858-06-13,1858,June,13,1858-06-13
1858-06-20,1858,June,20,1858-06-20
1858-06-27,1858,June,27,1858-06-27
1858-07-04,1858,July,4,1858-07-01
1858-07-11,1858,July,11,1858-07-11
1858-07-18,1858,July,18,1858-07-18
1858-07-25,1858,July,25,1858-07-25
1858-08-01,1858,August,1,1858-08-01
1858-08-08,1858,August,8,1858-08-08
1858-08-15,1858,August,15,1858-08-15
1858-08-22,1858,August,22,1858-08-22
1858-08-29,1858,August,29,1858-08-29
1858-09-05,1858,September,5,1858-09-01
1858-09-12,1858,September,12,1858-09-12
1858-09-19,1858,September,19,1858-09-19
1858-09-26,1858,September,26,1858-09-26
1858-10-03,1858,October,3,1858-10-01
1858-10-10,1858,October,10,1858-10-10
1858-10-17,1858,October,17,1858-10-17
1858-10-24,1858,October,24,1858-10-24
1858-10-31,1858,October,31,1858-10-31
1858-11-07,1858,November,7,1858-11-01
1858-11-14,1858,November,14,1858-11-14
1858-11-21,1858,November,21,1858-11-21
1858-11-28,1858,November,28,1858-11-28
1858-12-05,1858,December,5,1858-12-01
1858-12-12,1858,December,12,1858-12-12
1858-12-19,1858,December,19,1858-12-19
1858-12-26,1858,December,26,1858-12-26
1859-01-02,1859,January,2,1859-01-01
1859-01-09,1859,January,9,1859-01-09
1859-01-16,1859,January,16,1859-01-16
1859-01-23,1859,January,23,1859-01-23
1859-01-30,1859,January,30,1859-01-30
1859-02-06,1859,February,6,1859-02-01
1859-02-13,1859,February,13,1859-02-13
1859-02-20,1859,February,20,1859-02-20
1859-02-27,1859,February,27,1859-02-27
1859-03-06,1859,March,6,1859-03-01
1859-03-13,1859,March,13,1859-03-13
1859-03-20,1859,March,20,1859-03-20
1859-03-27,1859,March,27,1859-03-27
1859-04-03,1859,April,3,1859-04-01
1859-04-10,1859,April,10,1859-04-10
1859-04-17,1859,April,17,1859-04-17
1859-04-24,1859,April,24,1859-04-24
1859-05-01,1859,May,1,1859-05-01
1859-05-08,1859,May,8,1859-05-08
1859-05-15,1859,May,15,1859-05-15
1859-05-22,1859,May,22,1859-05-22
1859-05-29,1859,May,29,1859-05-29
1859-06-05,1859,June,5,1859-06-01
1859-06-12,1859,June,12,1859-06-12
1859-06-19,1859,June,19,1859-06-19
1859-06-26,1859,June,26,1859-06-26
1859-07-03,1859,July,3,1859-07-01
1859-07-10,1859,July,10,1859-07-10
1859-07-17,1859,July,17,1859-07-17
1859-07-24,1859,July,24,1859-07-24
1859-07-31,1859,July,31,1859-07-31
1859-08-07,1859,August,7,1859-08-01
1859-08-14,1859,August,14,1859-08-14
1859-08-21,1859,August,21,1859-08-21
1859-08-28,1859,August,28,1859-08-28
1859-09-04,1859,September,4,1859-09-01
1859-09-11,1859,September,11,1859-09-11
1859-09-18,1859,September,18,1859-09-18
1859-09-25,1859,September,25,1859-09-25
1859-10-02,1859,October,2,1859-10-01
1859-10-09,1859,October,9,1859-10-09
1859-10-16,1859,October,16,1859-10-16
1859-10-23,1859,October,23,1859-10-23
1859-10-30,1859,October,30,1859-10-30
1859-11-06,1859,November,6,1859-11-01
1859-11-13,1859,November,13,1859-11-13
1859-11-20,1859,November,20,1859-11-20
1859-11-27,1859,November,27,1859-11-27
1859-12-04,1859,December,4,1859-12-01
1859-12-11,1859,December,11,1859-12-11
1859-12-18,1859,December,18,1859-12-18
1859-12-25,1859,December,25,1859-12-25
1860-01-01,1860,January,1,1860-01-01
1860-01-08,1860,January,8,1860-01-08
1860-01-15,1860,January,15,1860-01-15
1860-01-22,1860,January,22,1860-01-22
1860-01-29,1860,January,29,1860-01-29
1860-02-05,1860,February,5,1860-02-01
1860-02-12,1860,February,12,1860-02-12
1860-02-19,1860,February,19,1860-02-19
1860-02-26,1860,February,26,1860-02-26
1860-03-04,1860,March,4,1860-03-01
1860-03-11,1860,March,11,1860-03-11
1860-03-18,1860,March,18,1860-03-18
1860-03-25,1860,March,25,1860-03-25
1860-04-01,1860,April,1,1860-04-01
1860-04-08,1860,April,8,1860-04-08
1860-04-15,1860,April,15,1860-04-15
1860-04-22,1860,April,22,1860-04-22
1860-04-29,1860,April,29,1860-04-29
1860-05-06,1860,May,6,1860-05-01
1860-05-13,1860,May,13,1860-05-13
1860-05-20,1860,May,20,1860-05-20
1860-05-27,1860,May,27,1860-05-27
1860-06-03,1860,June,3,1860-06-01
1860-06-10,1860,June,10,1860-06-10
1860-06-17,1860,June,17,1860-06-17
1860-06-24,1860,June,24,1860-06-24
1860-07-01,1860,July,1,1860-07-01
1860-07-08,1860,July,8,1860-07-08
1860-07-15,1860,July,15,1860-07-15
1860-07-22,1860,July,22,1860-07-22
1860-07-29,1860,July,29,1860-07-29
1860-08-05,1860,August,5,1860-08-01
1860-08-12,1860,August,12,1860-08-12
1860-08-19,1860,August,19,1860-08-19
1860-08-26,1860,August,26,1860-08-26
1860-09-02,1860,September,2,1860-09-01
1860-09-09,1860,September,9,1860-09-09
1860-09-16,1860,September,16,1860-09-16
1860-09-23,1860,September,23,1860-09-23
1860-09-30,1860,September,30,1860-09-30
1860-10-07,1860,October,7,1860-10-01
1860-10-14,1860,October,14,1860-10-14
1860-10-21,1860,October,21,1860-10-21
1860-10-28,1860,October,28,1860-10-28
1860-11-04,1860,November,4,1860-11-01
1860-11-11,1860,November,11,1860-11-11
1860-11-18,1860,November,18,1860-11-18
1860-11-25,1860,November,25,1860-11-25
1860-12-02,1860,December,2,1860-12-01
1860-12-09,1860,December,9,1860-12-09
1860-12-16,1860,December,16,1860-12-16
1860-12-23,1860,December,23,1860-12-23
1860-12-30,1860,December,30,1860-12-30
1861-01-06,1861,January,6,1861-01-01
1861-01-13,1861,January,13,1861-01-13
1861-01-20,1861,January,20,1861-01-20
1861-01-27,1861,January,27,1861-01-27
1861-02-03,1861,February,3,1861-02-01
1861-02-10,1861,February,10,1861-02-10
1861-02-17,1861,February,17,1861-02-17
1861-02-24,1861,February,24,1861-02-24
1861-03-03,1861,March,3,1861-03-01
1861-03-10,1861,March,10,1861-03-10
1861-03-17,1861,March,17,1861-03-17
1861-03-24,1861,March,24,1861-03-24
1861-03-31,1861,March,31,1861-03-31
1861-04-07,1861,April,7,1861-04-01
1861-04-14,1861,April,14,1861-04-14
1861-04-21,1861,April,21,1861-04-21
1861-04-28,1861,April,28,1861-04-28
1861-05-05,1861,May,5,1861-05-01
1861-05-12,1861,May,12,1861-05-12
1861-05-19,1861,May,19,1861-05-19
1861-05-26,1861,May,26,1861-05-26
1861-06-02,1861,June,2,1861-06-01
1861-06-09,1861,June,9,1861-06-09
1861-06-16,1861,June,16,1861-06-16
1861-06-23,1861,June,23,1861-06-23
1861-06-30,1861,June,30,1861-06-30
1861-07-07,1861,July,7,1861-07-01
1861-07-14,1861,July,14,1861-07-14
1861-07-21,1861,July,21,1861-07-21
1861-07-28,1861,July,28,1861-07-28
1861-08-04,1861,August,4,1861-08-01
1861-08-11,1861,August,11,1861-08-11
1861-08-18,1861,August,18,1861-08-18
1861-08-25,1861,August,25,1861-08-25
1861-09-01,1861,September,1,1861-09-01
1861-09-08,1861,September,8,1861-09-08
1861-09-15,1861,September,15,1861-09-15
1861-09-22,1861,September,22,1861-09-22
1861-09-29,1861,September,29,1861-09-29
1861-10-06,1861,October,6,1861-10-01
1861-10-13,1861,October,13,1861-10-13
1861-10-20,1861,October,20,1861-10-20
1861-10-27,1861,October,27,1861-10-27
1861-11-03,1861,November,3,1861-11-01
1861-11-10,1861,November,10,1861-11-10
1861-11-17,1861,November,17,1861-11-17
1861-11-24,1861,November,24,1861-11-24
1861-12-01,1861,December,1,1861-12-01
1861-12-08,1861,December,8,1861-12-08
1861-12-15,1861,December,15,1861-12-15
1861-12-22,1861,December,22,1861-12-22
1861-12-29,1861,December,29,1861-12-29
1862-01-05,1862,January,5,1862-01-01
1862-01-12,1862,January,12,1862-01-12
1862-01-19,1862,January,19,1862-01-19
1862-01-26,1862,January,26,1862-01-26
1862-02-02,1862,February,2,1862-02-01
1862-02-09,1862,February,9,1862-02-09
1862-02-16,1862,February,16,1862-02-16
1862-02-23,1862,February,23,1862-02-23
1862-03-02,1862,March,2,1862-03-01
1862-03-09,1862,March,9,1862-03-09
1862-03-16,1862,March,16,1862-03-16
1862-03-23,1862,March,23,1862-03-23
1862-03-30,1862,March,30,1862-03-30
1862-04-06,1862,April,6,1862-04-01
1862-04-13,1862,April,13,1862-04-13
1862-04-20,1862,April,20,1862-04-20
1862-04-27,1862,April,27,1862-04-27
1862-05-04,1862,May,4,1862-05-01
1862-05-11,1862,May,11,1862-05-11
1862-05-18,1862,May,18,1862-05-18
1862-05-25,1862,May,25,1862-05-25
1862-06-01,1862,June,1,1862-06-01
1862-06-08,1862,June,8,1862-06-08
1862-06-15,1862,June,15,1862-06-15
1862-06-22,1862,June,22,1862-06-22
1862-06-29,1862,June,29,1862-06-29
1862-07-06,1862,July,6,1862-07-01
1862-07-13,1862,July,13,1862-07-13
1862-07-20,1862,July,20,1862-07-20
1862-07-27,1862,July,27,1862-07-27
1862-08-03,1862,August,3,1862-08-01
1862-08-10,1862,August,10,1862-08-10
1862-08-17,1862,August,17,1862-08-17
1862-08-24,1862,August,24,1862-08-24
1862-08-31,1862,August,31,1862-08-31
1862-09-07,1862,September,7,1862-09-01
1862-09-14,1862,September,14,1862-09-14
1862-09-21,1862,September,21,1862-09-21
1862-09-28,1862,September,28,1862-09-28
1862-10-05,1862,October,5,1862-10-01
1862-10-12,1862,October,12,1862-10-12
1862-10-19,1862,October,19,1862-10-19
1862-10-26,1862,October,26,1862-10-26
1862-11-02,1862,November,2,1862-11-01
1862-11-09,1862,November,9,1862-11-09
1862-11-16,1862,November,16,1862-11-16
1862-11-23,1862,November,23,1862-11-23
1862-11-30,1862,November,30,1862-11-30
1862-12-07,1862,December,7,1862-12-01
1862-12-14,1862,December,14,1862-12-14
1862-12-21,1862,December,21,1862-12-21
1862-12-28,1862,December,28,1862-12-28
1863-01-04,1863,January,4,1863-01-01
1863-01-11,1863,January,11,1863-01-11
1863-01-18,1863,January,18,1863-01-18
1863-01-25,1863,January,25,1863-01-25
1863-02-01,1863,February,1,1863-02-01
1863-02-08,1863,February,8,1863-02-08
1863-02-15,1863,February,15,1863-02-15
1863-02-22,1863,February,22,1863-02-22
1863-03-01,1863,March,1,1863-03-01
1863-03-08,1863,March,8,1863-03-08
1863-03-15,1863,March,15,1863-03-15
1863-03-22,1863,March,22,1863-03-22
1863-03-29,1863,March,29,1863-03-29
1863-04-05,1863,April,5,1863-04-01
1863-04-12,1863,April,12,1863-04-12
1863-04-19,1863,April,19,1863-04-19
1863-04-26,1863,April,26,1863-04-26
1863-05-03,1863,May,3,1863-05-01
1863-05-10,1863,May,10,1863-05-10
1863-05-17,1863,May,17,1863-05-17
1863-05-24,1863,May,24,1863-05-24
1863-05-31,1863,May,31,1863-05-31
1863-06-07,1863,June,7,1863-06-01
1863-06-14,1863,June,14,1863-06-14
1863-06-21,1863,June,21,1863-06-21
1863-06-28,1863,June,28,1863-06-28
1863-07-05,1863,July,5,1863-07-01
1863-07-12,1863,July,12,1863-07-12
1863-07-19,1863,July,19,1863-07-19
1863-07-26,1863,July,26,1863-07-26
1863-08-02,1863,August,2,1863-08-01
1863-08-09,1863,August,9,1863-08-09
1863-08-16,1863,August,16,1863-08-16
1863-08-23,1863,August,23,1863-08-23
1863-08-30,1863,August,30,1863-08-30
1863-09-06,1863,September,6,1863-09-01
1863-09-13,1863,September,13,1863-09-13
1863-09-20,1863,September,20,1863-09-20
1863-09-27,1863,September,27,1863-09-27
1863-10-04,1863,October,4,1863-10-01
1863-10-11,1863,October,11,1863-10-11
1863-10-18,1863,October,18,1863-10-18
1863-10-25,1863,October,25,1863-10-25
1863-11-01,1863,November,1,1863-11-01
1863-11-08,1863,November,8,1863-11-08
1863-11-15,1863,November,15,1863-11-15
1863-11-22,1863,November,22,1863-11-22
1863-11-29,1863,November,29,1863-11-29
1863-12-06,1863,December,6,1863-12-01
1863-12-13,1863,December,13,1863-12-13
1863-12-20,1863,December,20,1863-12-20
1863-12-27,1863,December,27,1863-12-27
1864-01-03,1864,January,3,1864-01-01
1864-01-10,1864,January,10,1864-01-10
1864-01-17,1864,January,17,1864-01-17
1864-01-24,1864,January,24,1864-01-24
1864-01-31,1864,January,31,1864-01-31
1864-02-07,1864,February,7,1864-02-01
1864-02-14,1864,February,14,1864-02-14
1864-02-21,1864,February,21,1864-02-21
1864-02-28,1864,February,28,1864-02-28
1864-03-06,1864,March,6,1864-03-01
1864-03-13,1864,March,13,1864-03-13
1864-03-20,1864,March,20,1864-03-20
1864-03-27,1864,March,27,1864-03-27
1864-04-03,1864,April,3,1864-04-01
1864-04-10,1864,April,10,1864-04-10
1864-04-17,1864,April,17,1864-04-17
1864-04-24,1864,April,24,1864-04-24
1864-05-01,1864,May,1,1864-05-01
1864-05-08,1864,May,8,1864-05-08
1864-05-15,1864,May,15,1864-05-15
1864-05-22,1864,May,22,1864-05-22
1864-05-29,1864,May,29,1864-05-29
1864-06-05,1864,June,5,1864-06-01
1864-06-12,1864,June,12,1864-06-12
1864-06-19,1864,June,19,1864-06-19
1864-06-26,1864,June,26,1864-06-26
1864-07-03,1864,July,3,1864-07-01
1864-07-10,1864,July,10,1864-07-10
1864-07-17,1864,July,17,1864-07-17
1864-07-24,1864,July,24,1864-07-24
1864-07-31,1864,July,31,1864-07-31
1864-08-07,1864,August,7,1864-08-01
1864-08-14,1864,August,14,1864-08-14
1864-08-21,1864,August,21,1864-08-21
1864-08-28,1864,August,28,1864-08-28
1864-09-04,1864,September,4,1864-09-01
1864-09-11,1864,September,11,1864-09-11
1864-09-18,1864,September,18,1864-09-18
1864-09-25,1864,September,25,1864-09-25
1864-10-02,1864,October,2,1864-10-01
1864-10-09,1864,October,9,1864-10-09
1864-10-16,1864,October,16,1864-10-16
1864-10-23,1864,October,23,1864-10-23
1864-10-30,1864,October,30,1864-10-30
1864-11-06,1864,November,6,1864-11-01
1864-11-13,1864,November,13,1864-11-13
1864-11-20,1864,November,20,1864-11-20
1864-11-27,1864,November,27,1864-11-27
1864-12-04,1864,December,4,1864-12-01
1864-12-11,1864,December,11,1864-12-11
1864-12-18,1864,December,18,1864-12-18
1864-12-25,1864,December,25,1864-12-25
1865-01-01,1865,January,1,1865-01-01
1865-01-08,1865,January,8,1865-01-08
1865-01-15,1865,January,15,1865-01-15
1865-01-22,1865,January,22,1865-01-22
1865-01-29,1865,January,29,1865-01-29
1865-02-05,1865,February,5,1865-02-01
1865-02-12,1865,February,12,1865-02-12
1865-02-19,1865,February,19,1865-02-19
1865-02-26,1865,February,26,1865-02-26
1865-03-05,1865,March,5,1865-03-01
1865-03-12,1865,March,12,1865-03-12
1865-03-19,1865,March,19,1865-03-19
1865-03-26,1865,March,26,1865-03-26
1865-04-02,1865,April,2,1865-04-01
1865-04-09,1865,April,9,1865-04-09
1865-04-16,1865,April,16,1865-04-16
1865-04-23,1865,April,23,1865-04-23
1865-04-30,1865,April,30,1865-04-30
1865-05-07,1865,May,7,1865-05-01
1865-05-14,1865,May,14,1865-05-14
1865-05-21,1865,May,21,1865-05-21
1865-05-28,1865,May,28,1865-05-28
1865-06-04,1865,June,4,1865-06-01
1865-06-11,1865,June,11,1865-06-11
1865-06-18,1865,June,18,1865-06-18
1865-06-25,1865,June,25,1865-06-25
1865-07-02,1865,July,2,1865-07-01
1865-07-09,1865,July,9,1865-07-09
1865-07-16,1865,July,16,1865-07-16
1865-07-23,1865,July,23,1865-07-23
1865-07-30,1865,July,30,1865-07-30
1865-08-06,1865,August,6,1865-08-01
1865-08-13,1865,August,13,1865-08-13
1865-08-20,1865,August,20,1865-08-20
1865-08-27,1865,August,27,1865-08-27
1865-09-03,1865,September,3,1865-09-01
1865-09-10,1865,September,10,1865-09-10
1865-09-17,1865,September,17,1865-09-17
1865-09-24,1865,September,24,1865-09-24
1865-10-01,1865,October,1,1865-10-01
1865-10-08,1865,October,8,1865-10-08
1865-10-15,1865,October,15,1865-10-15
1865-10-22,1865,October,22,1865-10-22
1865-10-29,1865,October,29,1865-10-29
1865-11-05,1865,November,5,1865-11-01
1865-11-12,1865,November,12,1865-11-12
1865-11-19,1865,November,19,1865-11-19
1865-11-26,1865,November,26,1865-11-26
1865-12-03,1865,December,3,1865-12-01
1865-12-10,1865,December,10,1865-12-10
1865-12-17,1865,December,17,1865-12-17
1865-12-24,1865,December,24,1865-12-24
1865-12-31,1865,December,31,1865-12-31
1866-01-07,1866,January,7,1866-01-01
1866-01-14,1866,January,14,1866-01-14
1866-01-21,1866,January,21,1866-01-21
1866-01-28,1866,January,28,1866-01-28
1866-02-04,1866,February,4,1866-02-01
1866-02-11,1866,February,11,1866-02-11
1866-02-18,1866,February,18,1866-02-18
1866-02-25,1866,February,25,1866-02-25
1866-03-04,1866,March,4,1866-03-01
1866-03-11,1866,March,11,1866-03-11
1866-03-18,1866,March,18,1866-03-18
1866-03-25,1866,March,25,1866-03-25
1866-04-01,1866,April,1,1866-04-01
1866-04-08,1866,April,8,1866-04-08
1866-04-15,1866,April,15,1866-04-15
1866-04-22,1866,April,22,1866-04-22
1866-04-29,1866,April,29,1866-04-29
1866-05-06,1866,May,6,1866-05-01
1866-05-13,1866,May,13,1866-05-13
1866-05-20,1866,May,20,1866-05-20
1866-05-27,1866,May,27,1866-05-27
1866-06-03,1866,June,3,1866-06-01
1866-06-10,1866,June,10,1866-06-10
1866-06-17,1866,June,17,1866-06-17
1866-06-24,1866,June,24,1866-06-24
1866-07-01,1866,July,1,1866-07-01
1866-07-08,1866,July,8,1866-07-08
1866-07-15,1866,July,15,1866-07-15
1866-07-22,1866,July,22,1866-07-22
1866-07-29,1866,July,29,1866-07-29
1866-08-05,1866,August,5,1866-08-01
1866-08-12,1866,August,12,1866-08-12
1866-08-19,1866,August,19,1866-08-19
1866-08-26,1866,August,26,1866-08-26
1866-09-02,1866,September,2,1866-09-01
1866-09-09,1866,September,9,1866-09-09
1866-09-16,1866,September,16,1866-09-16
1866-09-23,1866,September,23,1866-09-23
1866-09-30,1866,September,30,1866-09-30
1866-10-07,1866,October,7,1866-10-01
1866-10-14,1866,October,14,1866-10-14
1866-10-21,1866,October,21,1866-10-21
1866-10-28,1866,October,28,1866-10-28
1866-11-04,1866,November,4,1866-11-01
1866-11-11,1866,November,11,1866-11-11
1866-11-18,1866,November,18,1866-11-18
1866-11-25,1866,November,25,1866-11-25
1866-12-02,1866,December,2,1866-12-01
1866-12-09,1866,December,9,1866-12-09
1866-12-16,1866,December,16,1866-12-16
1866-12-23,1866,December,23,1866-12-23
1866-12-30,1866,December,30,1866-12-30
1867-01-06,1867,January,6,1867-01-01
1867-01-13,1867,January,13,1867-01-13
1867-01-20,1867,January,20,1867-01-20
1867-01-27,1867,January,27,1867-01-27
1867-02-03,1867,February,3,1867-02-01
1867-02-10,1867,February,10,1867-02-10
1867-02-17,1867,February,17,1867-02-17
1867-02-24,1867,February,24,1867-02-24
1867-03-03,1867,March,3,1867-03-01
1867-03-10,1867,March,10,1867-03-10
1867-03-17,1867,March,17,1867-03-17
1867-03-24,1867,March,24,1867-03-24
1867-03-31,1867,March,31,1867-03-31
1867-04-07,1867,April,7,1867-04-01
1867-04-14,1867,April,14,1867-04-14
1867-04-21,1867,April,21,1867-04-21
1867-04-28,1867,April,28,1867-04-28
1867-05-05,1867,May,5,1867-05-01
1867-05-12,1867,May,12,1867-05-12
1867-05-19,1867,May,19,1867-05-19
1867-05-26,1867,May,26,1867-05-26
1867-06-02,1867,June,2,1867-06-01
1867-06-09,1867,June,9,1867-06-09
1867-06-16,1867,June,16,1867-06-16
1867-06-23,1867,June,23,1867-06-23
1867-06-30,1867,June,30,1867-06-30
1867-07-07,1867,July,7,1867-07-01
1867-07-14,1867,July,14,1867-07-14
1867-07-21,1867,July,21,1867-07-21
1867-07-28,1867,July,28,1867-07-28
1867-08-04,1867,August,4,1867-08-01
1867-08-11,1867,August,11,1867-08-11
1867-08-18,1867,August,18,1867-08-18
1867-08-25,1867,August,25,1867-08-25
1867-09-01,1867,September,1,1867-09-01
1867-09-08,1867,September,8,1867-09-08
1867-09-15,1867,September,15,1867-09-15
1867-09-22,1867,September,22,1867-09-22
1867-09-29,1867,September,29,1867-09-29
1867-10-06,1867,October,6,1867-10-01
1867-10-13,1867,October,13,1867-10-13
1867-10-20,1867,October,20,1867-10-20
1867-10-27,1867,October,27,1867-10-27
1867-11-03,1867,November,3,1867-11-01
1867-11-10,1867,November,10,1867-11-10
1867-11-17,1867,November,17,1867-11-17
1867-11-24,1867,November,24,1867-11-24
1867-12-01,1867,December,1,1867-12-01
1867-12-08,1867,December,8,1867-12-08
1867-12-15,1867,December,15,1867-12-15
1867-12-22,1867,December,22,1867-12-22
1867-12-29,1867,December,29,1867-12-29
1868-01-05,1868,January,5,1868-01-01
1868-01-12,1868,January,12,1868-01-12
1868-01-19,1868,January,19,1868-01-19
1868-01-26,1868,January,26,1868-01-26
1868-02-02,1868,February,2,1868-02-01
1868-02-09,1868,February,9,1868-02-09
1868-02-16,1868,February,16,1868-02-16
1868-02-23,1868,February,23,1868-02-23
1868-03-01,1868,March,1,1868-03-01
1868-03-08,1868,March,8,1868-03-08
1868-03-15,1868,March,15,1868-03-15
1868-03-22,1868,March,22,1868-03-22
1868-03-29,1868,March,29,1868-03-29
1868-04-05,1868,April,5,1868-04-01
1868-04-12,1868,April,12,1868-04-12
1868-04-19,1868,April,19,1868-04-19
1868-04-26,1868,April,26,1868-04-26
1868-05-03,1868,May,3,1868-05-01
1868-05-10,1868,May,10,1868-05-10
1868-05-17,1868,May,17,1868-05-17
1868-05-24,1868,May,24,1868-05-24
1868-05-31,1868,May,31,1868-05-31
1868-06-07,1868,June,7,1868-06-01
1868-06-14,1868,June,14,1868-06-14
1868-06-21,1868,June,21,1868-06-21
1868-06-28,1868,June,28,1868-06-28
1868-07-05,1868,July,5,1868-07-01
1868-07-12,1868,July,12,1868-07-12
1868-07-19,1868,July,19,1868-07-19
1868-07-26,1868,July,26,1868-07-26
1868-08-02,1868,August,2,1868-08-01
1868-08-09,1868,August,9,1868-08-09
1868-08-16,1868,August,16,1868-08-16
1868-08-23,1868,August,23,1868-08-23
1868-08-30,1868,August,30,1868-08-30
1868-09-06,1868,September,6,1868-09-01
1868-09-13,1868,September,13,1868-09-13
1868-09-20,1868,September,20,1868-09-20
1868-09-27,1868,September,27,1868-09-27
1868-10-04,1868,October,4,1868-10-01
1868-10-11,1868,October,11,1868-10-11
1868-10-18,1868,October,18,1868-10-18
1868-10-25,1868,October,25,1868-10-25
1868-11-01,1868,November,1,1868-11-01
1868-11-08,1868,November,8,1868-11-08
1868-11-15,1868,November,15,1868-11-15
1868-11-22,1868,November,22,1868-11-22
1868-11-29,1868,November,29,1868-11-29
1868-12-06,1868,December,6,1868-12-01
1868-12-13,1868,December,13,1868-12-13
1868-12-20,1868,December,20,1868-12-20
1868-12-27,1868,December,27,1868-12-27
1869-01-03,1869,January,3,1869-01-01
1869-01-10,1869,January,10,1869-01-10
1869-01-17,1869,January,17,1869-01-17
1869-01-24,1869,January,24,1869-01-24
1869-01-31,1869,January,31,1869-01-31
1869-02-07,1869,February,7,1869-02-01
1869-02-14,1869,February,14,1869-02-14
1869-02-21,1869,February,21,1869-02-21
1869-02-28,1869,February,28,1869-02-28
1869-03-07,1869,March,7,1869-03-01
1869-03-14,1869,March,14,1869-03-14
1869-03-21,1869,March,21,1869-03-21
1869-03-28,1869,March,28,1869-03-28
1869-04-04,1869,April,4,1869-04-01
1869-04-11,1869,April,11,1869-04-11
1869-04-18,1869,April,18,1869-04-18
1869-04-25,1869,April,25,1869-04-25
1869-05-02,1869,May,2,1869-05-01
1869-05-09,1869,May,9,1869-05-09
1869-05-16,1869,May,16,1869-05-16
1869-05-23,1869,May,23,1869-05-23
1869-05-30,1869,May,30,1869-05-30
1869-06-06,1869,June,6,1869-06-01
1869-06-13,1869,June,13,1869-06-13
1869-06-20,1869,June,20,1869-06-20
1869-06-27,1869,June,27,1869-06-27
1869-07-04,1869,July,4,1869-07-01
1869-07-11,1869,July,11,1869-07-11
1869-07-18,1869,July,18,1869-07-18
1869-07-25,1869,July,25,1869-07-25
1869-08-01,1869,August,1,1869-08-01
1869-08-08,1869,August,8,1869-08-08
1869-08-15,1869,August,15,1869-08-15
1869-08-22,1869,August,22,1869-08-22
1869-08-29,1869,August,29,1869-08-29
1869-09-05,1869,September,5,1869-09-01
1869-09-12,1869,September,12,1869-09-12
1869-09-19,1869,September,19,1869-09-19
1869-09-26,1869,September,26,1869-09-26
1869-10-03,1869,October,3,1869-10-01
1869-10-10,1869,October,10,1869-10-10
1869-10-17,1869,October,17,1869-10-17
1869-10-24,1869,October,24,1869-10-24
1869-10-31,1869,October,31,1869-10-31
1869-11-07,1869,November,7,1869-11-01
1869-11-14,1869,November,14,1869-11-14
1869-11-21,1869,November,21,1869-11-21
1869-11-28,1869,November,28,1869-11-28
1869-12-05,1869,December,5,1869-12-01
1869-12-12,1869,December,12,1869-12-12
1869-12-19,1869,December,19,1869-12-19
1869-12-26,1869,December,26,1869-12-26
1870-01-02,1870,January,2,1870-01-01
1870-01-09,1870,January,9,1870-01-09
1870-01-16,1870,January,16,1870-01-16
1870-01-23,1870,January,23,1870-01-23
1870-01-30,1870,January,30,1870-01-30
1870-02-06,1870,February,6,1870-02-01
1870-02-13,1870,February,13,1870-02-13
1870-02-20,1870,February,20,1870-02-20
1870-02-27,1870,February,27,1870-02-27
1870-03-06,1870,March,6,1870-03-01
1870-03-13,1870,March,13,1870-03-13
1870-03-20,1870,March,20,1870-03-20
1870-03-27,1870,March,27,1870-03-27
1870-04-03,1870,April,3,1870-04-01
1870-04-10,1870,April,10,1870-04-10
1870-04-17,1870,April,17,1870-04-17
1870-04-24,1870,April,24,1870-04-24
1870-05-01,1870,May,1,1870-05-01
1870-05-08,1870,May,8,1870-05-08
1870-05-15,1870,May,15,1870-05-15
1870-05-22,1870,May,22,1870-05-22
1870-05-29,1870,May,29,1870-05-29
1870-06-05,1870,June,5,1870-06-01
1870-06-12,1870,June,12,1870-06-12
1870-06-19,1870,June,19,1870-06-19
1870-06-26,1870,June,26,1870-06-26
1870-07-03,1870,July,3,1870-07-01
1870-07-10,1870,July,10,1870-07-10
1870-07-17,1870,July,17,1870-07-17
1870-07-24,1870,July,24,1870-07-24
1870-07-31,1870,July,31,1870-07-31
1870-08-07,1870,August,7,1870-08-01
1870-08-14,1870,August,14,1870-08-14
1870-08-21,1870,August,21,1870-08-21
1870-08-28,1870,August,28,1870-08-28
1870-09-04,1870,September,4,1870-09-01
1870-09-11,1870,September,11,1870-09-11
1870-09-18,1870,September,18,1870-09-18
1870-09-25,1870,September,25,1870-09-25
1870-10-02,1870,October,2,1870-10-01
1870-10-09,1870,October,9,1870-10-09
1870-10-16,1870,October,16,1870-10-16
1870-10-23,1870,October,23,1870-10-23
1870-10-30,1870,October,30,1870-10-30
1870-11-06,1870,November,6,1870-11-01
1870-11-13,1870,November,13,1870-11-13
1870-11-20,1870,November,20,1870-11-20
1870-11-27,1870,November,27,1870-11-27
1870-12-04,1870,December,4,1870-12-01
1870-12-11,1870,December,11,1870-12-11
1870-12-18,1870,December,18,1870-12-18
1870-12-25,1870,December,25,1870-12-25
1871-01-01,1871,January,1,1871-01-01
1871-01-08,1871,January,8,1871-01-08
1871-01-15,1871,January,15,1871-01-15
1871-01-22,1871,January,22,1871-01-22
1871-01-29,1871,January,29,1871-01-29
1871-02-05,1871,February,5,1871-02-01
1871-02-12,1871,February,12,1871-02-12
1871-02-19,1871,February,19,1871-02-19
1871-02-26,1871,February,26,1871-02-26
1871-03-05,1871,March,5,1871-03-01
1871-03-12,1871,March,12,1871-03-12
1871-03-19,1871,March,19,1871-03-19
1871-03-26,1871,March,26,1871-03-26
1871-04-02,1871,April,2,1871-04-01
1871-04-09,1871,April,9,1871-04-09
1871-04-16,1871,April,16,1871-04-16
1871-04-23,1871,April,23,1871-04-23
1871-04-30,1871,April,30,1871-04-30
1871-05-07,1871,May,7,1871-05-01
1871-05-14,1871,May,14,1871-05-14
1871-05-21,1871,May,21,1871-05-21
1871-05-28,1871,May,28,1871-05-28
1871-06-04,1871,June,4,1871-06-01
1871-06-11,1871,June,11,1871-06-11
1871-06-18,1871,June,18,1871-06-18
1871-06-25,1871,June,25,1871-06-25
1871-07-02,1871,July,2,1871-07-01
1871-07-09,1871,July,9,1871-07-09
1871-07-16,1871,July,16,1871-07-16
1871-07-23,1871,July,23,1871-07-23
1871-07-30,1871,July,30,1871-07-30
1871-08-06,1871,August,6,1871-08-01
1871-08-13,1871,August,13,1871-08-13
1871-08-20,1871,August,20,1871-08-20
1871-08-27,1871,August,27,1871-08-27
1871-09-03,1871,September,3,1871-09-01
1871-09-10,1871,September,10,1871-09-10
1871-09-17,1871,September,17,1871-09-17
1871-09-24,1871,September,24,1871-09-24
1871-10-01,1871,October,1,1871-10-01
1871-10-08,1871,October,8,1871-10-08
1871-10-15,1871,October,15,1871-10-15
1871-10-22,1871,October,22,1871-10-22
1871-10-29,1871,October,29,1871-10-29
1871-11-05,1871,November,5,1871-11-01
1871-11-12,1871,November,12,1871-11-12
1871-11-19,1871,November,19,1871-11-19
1871-11-26,1871,November,26,1871-11-26
1871-12-03,1871,December,3,1871-12-01
1871-12-10,1871,December,10,1871-12-10
1871-12-17,1871,December,17,1871-12-17
1871-12-24,1871,December,24,1871-12-24
1871-12-31,1871,December,31,1871-12-31
1872-01-07,1872,January,7,1872-01-01
1872-01-14,1872,January,14,1872-01-14
1872-01-21,1872,January,21,1872-01-21
1872-01-28,1872,January,28,1872-01-28
1872-02-04,1872,February,4,1872-02-01
1872-02-11,1872,February,11,1872-02-11
1872-02-18,1872,February,18,1872-02-18
1872-02-25,1872,February,25,1872-02-25
1872-03-03,1872,March,3,1872-03-01
1872-03-10,1872,March,10,1872-03-10
1872-03-17,1872,March,17,1872-03-17
1872-03-24,1872,March,24,1872-03-24
1872-03-31,1872,March,31,1872-03-31
1872-04-07,1872,April,7,1872-04-01
1872-04-14,1872,April,14,1872-04-14
1872-04-21,1872,April,21,1872-04-21
1872-04-28,1872,April,28,1872-04-28
1872-05-05,1872,May,5,1872-05-01
1872-05-12,1872,May,12,1872-05-12
1872-05-19,1872,May,19,1872-05-19
1872-05-26,1872,May,26,1872-05-26
1872-06-02,1872,June,2,1872-06-01
1872-06-09,1872,June,9,1872-06-09
1872-06-16,1872,June,16,1872-06-16
1872-06-23,1872,June,23,1872-06-23
1872-06-30,1872,June,30,1872-06-30
1872-07-07,1872,July,7,1872-07-01
1872-07-14,1872,July,14,1872-07-14
1872-07-21,1872,July,21,1872-07-21
1872-07-28,1872,July,28,1872-07-28
1872-08-04,1872,August,4,1872-08-01
1872-08-11,1872,August,11,1872-08-11
1872-08-18,1872,August,18,1872-08-18
1872-08-25,1872,August,25,1872-08-25
1872-09-01,1872,September,1,1872-09-01
1872-09-08,1872,September,8,1872-09-08
1872-09-15,1872,September,15,1872-09-15
1872-09-22,1872,September,22,1872-09-22
1872-09-29,1872,September,29,1872-09-29
1872-10-06,1872,October,6,1872-10-01
1872-10-13,1872,October,13,1872-10-13
1872-10-20,1872,October,20,1872-10-20
1872-10-27,1872,October,27,1872-10-27
1872-11-03,1872,November,3,1872-11-01
1872-11-10,1872,November,10,1872-11-10
1872-11-17,1872,November,17,1872-11-17
1872-11-24,1872,November,24,1872-11-24
1872-12-01,1872,December,1,1872-12-01
1872-12-08,1872,December,8,1872-12-08
1872-12-15,1872,December,15,1872-12-15
1872-12-22,1872,December,22,1872-12-22
1872-12-29,1872,December,29,1872-12-29
1873-01-05,1873,January,5,1873-01-01
1873-01-12,1873,January,12,1873-01-12
1873-01-19,1873,January,19,1873-01-19
1873-01-26,1873,January,26,1873-01-26
1873-02-02,1873,February,2,1873-02-01
1873-02-09,1873,February,9,1873-02-09
1873-02-16,1873,February,16,1873-02-16
1873-02-23,1873,February,23,1873-02-23
1873-03-02,1873,March,2,1873-03-01
1873-03-09,1873,March,9,1873-03-09
1873-03-16,1873,March,16,1873-03-16
1873-03-23,1873,March,23,1873-03-23
1873-03-30,1873,March,30,1873-03-30
1873-04-06,1873,April,6,1873-04-01
1873-04-13,1873,April,13,1873-04-13
1873-04-20,1873,April,20,1873-04-20
1873-04-27,1873,April,27,1873-04-27
1873-05-04,1873,May,4,1873-05-01
1873-05-11,1873,May,11,1873-05-11
1873-05-18,1873,May,18,1873-05-18
1873-05-25,1873,May,25,1873-05-25
1873-06-01,1873,June,1,1873-06-01
1873-06-08,1873,June,8,1873-06-08
1873-06-15,1873,June,15,1873-06-15
1873-06-22,1873,June,22,1873-06-22
1873-06-29,1873,June,29,1873-06-29
1873-07-06,1873,July,6,1873-07-01
1873-07-13,1873,July,13,1873-07-13
1873-07-20,1873,July,20,1873-07-20
1873-07-27,1873,July,27,1873-07-27
1873-08-03,1873,August,3,1873-08-01
1873-08-10,1873,August,10,1873-08-10
1873-08-17,1873,August,17,1873-08-17
1873-08-24,1873,August,24,1873-08-24
1873-08-31,1873,August,31,1873-08-31
1873-09-07,1873,September,7,1873-09-01
1873-09-14,1873,September,14,1873-09-14
1873-09-21,1873,September,21,1873-09-21
1873-09-28,1873,September,28,1873-09-28
1873-10-05,1873,October,5,1873-10-01
1873-10-12,1873,October,12,1873-10-12
1873-10-19,1873,October,19,1873-10-19
1873-10-26,1873,October,26,1873-10-26
1873-11-02,1873,November,2,1873-11-01
1873-11-09,1873,November,9,1873-11-09
1873-11-16,1873,November,16,1873-11-16
1873-11-23,1873,November,23,1873-11-23
1873-11-30,1873,November,30,1873-11-30
1873-12-07,1873,December,7,1873-12-01
1873-12-14,1873,December,14,1873-12-14
1873-12-21,1873,December,21,1873-12-21
1873-12-28,1873,December,28,1873-12-28
1874-01-04,1874,January,4,1874-01-01
1874-01-11,1874,January,11,1874-01-11
1874-01-18,1874,January,18,1874-01-18
1874-01-25,1874,January,25,1874-01-25
1874-02-01,1874,February,1,1874-02-01
1874-02-08,1874,February,8,1874-02-08
1874-02-15,1874,February,15,1874-02-15
1874-02-22,1874,February,22,1874-02-22
1874-03-01,1874,March,1,1874-03-01
1874-03-08,1874,March,8,1874-03-08
1874-03-15,1874,March,15,1874-03-15
1874-03-22,1874,March,22,1874-03-22
1874-03-29,1874,March,29,1874-03-29
1874-04-05,1874,April,5,1874-04-01
1874-04-12,1874,April,12,1874-04-12
1874-04-19,1874,April,19,1874-04-19
1874-04-26,1874,April,26,1874-04-26
1874-05-03,1874,May,3,1874-05-01
1874-05-10,1874,May,10,1874-05-10
1874-05-17,1874,May,17,1874-05-17
1874-05-24,1874,May,24,1874-05-24
1874-05-31,1874,May,31,1874-05-31
1874-06-07,1874,June,7,1874-06-01
1874-06-14,1874,June,14,1874-06-14
1874-06-21,1874,June,21,1874-06-21
1874-06-28,1874,June,28,1874-06-28
1874-07-05,1874,July,5,1874-07-01
1874-07-12,1874,July,12,1874-07-12
1874-07-19,1874,July,19,1874-07-19
1874-07-26,1874,July,26,1874-07-26
1874-08-02,1874,August,2,1874-08-01
1874-08-09,1874,August,9,1874-08-09
1874-08-16,1874,August,16,1874-08-16
1874-08-23,1874,August,23,1874-08-23
1874-08-30,1874,August,30,1874-08-30
1874-09-06,1874,September,6,1874-09-01
1874-09-13,1874,September,13,1874-09-13
1874-09-20,1874,September,20,1874-09-20
1874-09-27,1874,September,27,1874-09-27
1874-10-04,1874,October,4,1874-10-01
1874-10-11,1874,October,11,1874-10-11
1874-10-18,1874,October,18,1874-10-18
1874-10-25,1874,October,25,1874-10-25
1874-11-01,1874,November,1,1874-11-01
1874-11-08,1874,November,8,1874-11-08
1874-11-15,1874,November,15,1874-11-15
1874-11-22,1874,November,22,1874-11-22
1874-11-29,1874,November,29,1874-11-29
1874-12-06,1874,December,6,1874-12-01
1874-12-13,1874,December,13,1874-12-13
1874-12-20,1874,December,20,1874-12-20
1874-12-27,1874,December,27,1874-12-27
1875-01-03,1875,January,3,1875-01-01
1875-01-10,1875,January,10,1875-01-10
1875-01-17,1875,January,17,1875-01-17
1875-01-24,1875,January,24,1875-01-24
1875-01-31,1875,January,31,1875-01-31
1875-02-07,1875,February,7,1875-02-01
1875-02-14,1875,February,14,1875-02-14
1875-02-21,1875,February,21,1875-02-21
1875-02-28,1875,February,28,1875-02-28
1875-03-07,1875,March,7,1875-03-01
1875-03-14,1875,March,14,1875-03-14
1875-03-21,1875,March,21,1875-03-21
1875-03-28,1875,March,28,1875-03-28
1875-04-04,1875,April,4,1875-04-01
1875-04-11,1875,April,11,1875-04-11
1875-04-18,1875,April,18,1875-04-18
1875-04-25,1875,April,25,1875-04-25
1875-05-02,1875,May,2,1875-05-01
1875-05-09,1875,May,9,1875-05-09
1875-05-16,1875,May,16,1875-05-16
1875-05-23,1875,May,23,1875-05-23
1875-05-30,1875,May,30,1875-05-30
1875-06-06,1875,June,6,1875-06-01
1875-06-13,1875,June,13,1875-06-13
1875-06-20,1875,June,20,1875-06-20
1875-06-27,1875,June,27,1875-06-27
1875-07-04,1875,July,4,1875-07-01
1875-07-11,1875,July,11,1875-07-11
1875-07-18,1875,July,18,1875-07-18
1875-07-25,1875,July,25,1875-07-25
1875-08-01,1875,August,1,1875-08-01
1875-08-08,1875,August,8,1875-08-08
1875-08-15,1875,August,15,1875-08-15
1875-08-22,1875,August,22,1875-08-22
1875-08-29,1875,August,29,1875-08-29
1875-09-05,1875,September,5,1875-09-01
1875-09-12,1875,September,12,1875-09-12
1875-09-19,1875,September,19,1875-09-19
1875-09-26,1875,September,26,1875-09-26
1875-10-03,1875,October,3,1875-10-01
1875-10-10,1875,October,10,1875-10-10
1875-10-17,1875,October,17,1875-10-17
1875-10-24,1875,October,24,1875-10-24
1875-10-31,1875,October,31,1875-10-31
1875-11-07,1875,November,7,1875-11-01
1875-11-14,1875,November,14,1875-11-14
1875-11-21,1875,November,21,1875-11-21
1875-11-28,1875,November,28,1875-11-28
1875-12-05,1875,December,5,1875-12-01
1875-12-12,1875,December,12,1875-12-12
1875-12-19,1875,December,19,1875-12-19
1875-12-26,1875,December,26,1875-12-26
1876-01-02,1876,January,2,1876-01-01
1876-01-09,1876,January,9,1876-01-09
1876-01-16,1876,January,16,1876-01-16
1876-01-23,1876,January,23,1876-01-23
1876-01-30,1876,January,30,1876-01-30
1876-02-06,1876,February,6,1876-02-01
1876-02-13,1876,February,13,1876-02-13
1876-02-20,1876,February,20,1876-02-20
1876-02-27,1876,February,27,1876-02-27
1876-03-05,1876,March,5,1876-03-01
1876-03-12,1876,March,12,1876-03-12
1876-03-19,1876,March,19,1876-03-19
1876-03-26,1876,March,26,1876-03-26
1876-04-02,1876,April,2,1876-04-01
1876-04-09,1876,April,9,1876-04-09
1876-04-16,1876,April,16,1876-04-16
1876-04-23,1876,April,23,1876-04-23
1876-04-30,1876,April,30,1876-04-30
1876-05-07,1876,May,7,1876-05-01
1876-05-14,1876,May,14,1876-05-14
1876-05-21,1876,May,21,1876-05-21
1876-05-28,1876,May,28,1876-05-28
1876-06-04,1876,June,4,1876-06-01
1876-06-11,1876,June,11,1876-06-11
1876-06-18,1876,June,18,1876-06-18
1876-06-25,1876,June,25,1876-06-25
1876-07-02,1876,July,2,1876-07-01
1876-07-09,1876,July,9,1876-07-09
1876-07-16,1876,July,16,1876-07-16
1876-07-23,1876,July,23,1876-07-23
1876-07-30,1876,July,30,1876-07-30
1876-08-06,1876,August,6,1876-08-01
1876-08-13,1876,August,13,1876-08-13
1876-08-20,1876,August,20,1876-08-20
1876-08-27,1876,August,27,1876-08-27
1876-09-03,1876,September,3,1876-09-01
1876-09-10,1876,September,10,1876-09-10
1876-09-17,1876,September,17,1876-09-17
1876-09-24,1876,September,24,1876-09-24
1876-10-01,1876,October,1,1876-10-01
1876-10-08,1876,October,8,1876-10-08
1876-10-15,1876,October,15,1876-10-15
1876-10-22,1876,October,22,1876-10-22
1876-10-29,1876,October,29,1876-10-29
1876-11-05,1876,November,5,1876-11-01
1876-11-12,1876,November,12,1876-11-12
1876-11-19,1876,November,19,1876-11-19
1876-11-26,1876,November,26,1876-11-26
1876-12-03,1876,December,3,1876-12-01
1876-12-10,1876,December,10,1876-12-10
1876-12-17,1876,December,17,1876-12-17
1876-12-24,1876,December,24,1876-12-24
1876-12-31,1876,December,31,1876-12-31
1877-01-07,1877,January,7,1877-01-01
1877-01-14,1877,January,14,1877-01-14
1877-01-21,1877,January,21,1877-01-21
1877-01-28,1877,January,28,1877-01-28
1877-02-04,1877,February,4,1877-02-01
1877-02-11,1877,February,11,1877-02-11
1877-02-18,1877,February,18,1877-02-18
1877-02-25,1877,February,25,1877-02-25
1877-03-04,1877,March,4,1877-03-01
1877-03-11,1877,March,11,1877-03-11
1877-03-18,1877,March,18,1877-03-18
1877-03-25,1877,March,25,1877-03-25
1877-04-01,1877,April,1,1877-04-01
1877-04-08,1877,April,8,1877-04-08
1877-04-15,1877,April,15,1877-04-15
1877-04-22,1877,April,22,1877-04-22
1877-04-29,1877,April,29,1877-04-29
1877-05-06,1877,May,6,1877-05-01
1877-05-13,1877,May,13,1877-05-13
1877-05-20,1877,May,20,1877-05-20
1877-05-27,1877,May,27,1877-05-27
1877-06-03,1877,June,3,1877-06-01
1877-06-10,1877,June,10,1877-06-10
1877-06-17,1877,June,17,1877-06-17
1877-06-24,1877,June,24,1877-06-24
1877-07-01,1877,July,1,1877-07-01
1877-07-08,1877,July,8,1877-07-08
1877-07-15,1877,July,15,1877-07-15
1877-07-22,1877,July,22,1877-07-22
1877-07-29,1877,July,29,1877-07-29
1877-08-05,1877,August,5,1877-08-01
1877-08-12,1877,August,12,1877-08-12
1877-08-19,1877,August,19,1877-08-19
1877-08-26,1877,August,26,1877-08-26
1877-09-02,1877,September,2,1877-09-01
1877-09-09,1877,September,9,1877-09-09
1877-09-16,1877,September,16,1877-09-16
1877-09-23,1877,September,23,1877-09-23
1877-09-30,1877,September,30,1877-09-30
1877-10-07,1877,October,7,1877-10-01
1877-10-14,1877,October,14,1877-10-14
1877-10-21,1877,October,21,1877-10-21
1877-10-28,1877,October,28,1877-10-28
1877-11-04,1877,November,4,1877-11-01
1877-11-11,1877,November,11,1877-11-11
1877-11-18,1877,November,18,1877-11-18
1877-11-25,1877,November,25,1877-11-25
1877-12-02,1877,December,2,1877-12-01
1877-12-09,1877,December,9,1877-12-09
1877-12-16,1877,December,16,1877-12-16
1877-12-23,1877,December,23,1877-12-23
1877-12-30,1877,December,30,1877-12-30
1878-01-06,1878,January,6,1878-01-01
1878-01-13,1878,January,13,1878-01-13
1878-01-20,1878,January,20,1878-01-20
1878-01-27,1878,January,27,1878-01-27
1878-02-03,1878,February,3,1878-02-01
1878-02-10,1878,February,10,1878-02-10
1878-02-17,1878,February,17,1878-02-17
1878-02-24,1878,February,24,1878-02-24
1878-03-03,1878,March,3,1878-03-01
1878-03-10,1878,March,10,1878-03-10
1878-03-17,1878,March,17,1878-03-17
1878-03-24,1878,March,24,1878-03-24
1878-03-31,1878,March,31,1878-03-31
1878-04-07,1878,April,7,1878-04-01
1878-04-14,1878,April,14,1878-04-14
1878-04-21,1878,April,21,1878-04-21
1878-04-28,1878,April,28,1878-04-28
1878-05-05,1878,May,5,1878-05-01
1878-05-12,1878,May,12,1878-05-12
1878-05-19,1878,May,19,1878-05-19
1878-05-26,1878,May,26,1878-05-26
1878-06-02,1878,June,2,1878-06-01
1878-06-09,1878,June,9,1878-06-09
1878-06-16,1878,June,16,1878-06-16
1878-06-23,1878,June,23,1878-06-23
1878-06-30,1878,June,30,1878-06-30
1878-07-07,1878,July,7,1878-07-01
1878-07-14,1878,July,14,1878-07-14
1878-07-21,1878,July,21,1878-07-21
1878-07-28,1878,July,28,1878-07-28
1878-08-04,1878,August,4,1878-08-01
1878-08-11,1878,August,11,1878-08-11
1878-08-18,1878,August,18,1878-08-18
1878-08-25,1878,August,25,1878-08-25
1878-09-01,1878,September,1,1878-09-01
1878-09-08,1878,September,8,1878-09-08
1878-09-15,1878,September,15,1878-09-15
1878-09-22,1878,September,22,1878-09-22
1878-09-29,1878,September,29,1878-09-29
1878-10-06,1878,October,6,1878-10-01
1878-10-13,1878,October,13,1878-10-13
1878-10-20,1878,October,20,1878-10-20
1878-10-27,1878,October,27,1878-10-27
1878-11-03,1878,November,3,1878-11-01
1878-11-10,1878,November,10,1878-11-10
1878-11-17,1878,November,17,1878-11-17
1878-11-24,1878,November,24,1878-11-24
1878-12-01,1878,December,1,1878-12-01
1878-12-08,1878,December,8,1878-12-08
1878-12-15,1878,December,15,1878-12-15
1878-12-22,1878,December,22,1878-12-22
1878-12-29,1878,December,29,1878-12-29
1879-01-05,1879,January,5,1879-01-01
1879-01-12,1879,January,12,1879-01-12
1879-01-19,1879,January,19,1879-01-19
1879-01-26,1879,January,26,1879-01-26
1879-02-02,1879,February,2,1879-02-01
1879-02-09,1879,February,9,1879-02-09
1879-02-16,1879,February,16,1879-02-16
1879-02-23,1879,February,23,1879-02-23
1879-03-02,1879,March,2,1879-03-01
1879-03-09,1879,March,9,1879-03-09
1879-03-16,1879,March,16,1879-03-16
1879-03-23,1879,March,23,1879-03-23
1879-03-30,1879,March,30,1879-03-30
1879-04-06,1879,April,6,1879-04-01
1879-04-13,1879,April,13,1879-04-13
1879-04-20,1879,April,20,1879-04-20
1879-04-27,1879,April,27,1879-04-27
1879-05-04,1879,May,4,1879-05-01
1879-05-11,1879,May,11,1879-05-11
1879-05-18,1879,May,18,1879-05-18
1879-05-25,1879,May,25,1879-05-25
1879-06-01,1879,June,1,1879-06-01
1879-06-08,1879,June,8,1879-06-08
1879-06-15,1879,June,15,1879-06-15
1879-06-22,1879,June,22,1879-06-22
1879-06-29,1879,June,29,1879-06-29
1879-07-06,1879,July,6,1879-07-01
1879-07-13,1879,July,13,1879-07-13
1879-07-20,1879,July,20,1879-07-20
1879-07-27,1879,July,27,1879-07-27
1879-08-03,1879,August,3,1879-08-01
1879-08-10,1879,August,10,1879-08-10
1879-08-17,1879,August,17,1879-08-17
1879-08-24,1879,August,24,1879-08-24
1879-08-31,1879,August,31,1879-08-31
1879-09-07,1879,September,7,1879-09-01
1879-09-14,1879,September,14,1879-09-14
1879-09-21,1879,September,21,1879-09-21
1879-09-28,1879,September,28,1879-09-28
1879-10-05,1879,October,5,1879-10-01
1879-10-12,1879,October,12,1879-10-12
1879-10-19,1879,October,19,1879-10-19
1879-10-26,1879,October,26,1879-10-26
1879-11-02,1879,November,2,1879-11-01
1879-11-09,1879,November,9,1879-11-09
1879-11-16,1879,November,16,1879-11-16
1879-11-23,1879,November,23,1879-11-23
1879-11-30,1879,November,30,1879-11-30
1879-12-07,1879,December,7,1879-12-01
1879-12-14,1879,December,14,1879-12-14
1879-12-21,1879,December,21,1879-12-21
1879-12-28,1879,December,28,1879-12-28
1880-01-04,1880,January,4,1880-01-01
1880-01-11,1880,January,11,1880-01-11
1880-01-18,1880,January,18,1880-01-18
1880-01-25,1880,January,25,1880-01-25
1880-02-01,1880,February,1,1880-02-01
1880-02-08,1880,February,8,1880-02-08
1880-02-15,1880,February,15,1880-02-15
1880-02-22,1880,February,22,1880-02-22
1880-02-29,1880,February,29,1880-02-29
1880-03-07,1880,March,7,1880-03-01
1880-03-14,1880,March,14,1880-03-14
1880-03-21,1880,March,21,1880-03-21
1880-03-28,1880,March,28,1880-03-28
1880-04-04,1880,April,4,1880-04-01
1880-04-11,1880,April,11,1880-04-11
1880-04-18,1880,April,18,1880-04-18
1880-04-25,1880,April,25,1880-04-25
1880-05-02,1880,May,2,1880-05-01
1880-05-09,1880,May,9,1880-05-09
1880-05-16,1880,May,16,1880-05-16
1880-05-23,1880,May,23,1880-05-23
1880-05-30,1880,May,30,1880-05-30
1880-06-06,1880,June,6,1880-06-01
1880-06-13,1880,June,13,1880-06-13
1880-06-20,1880,June,20,1880-06-20
1880-06-27,1880,June,27,1880-06-27
1880-07-04,1880,July,4,1880-07-01
1880-07-11,1880,July,11,1880-07-11
1880-07-18,1880,July,18,1880-07-18
1880-07-25,1880,July,25,1880-07-25
1880-08-01,1880,August,1,1880-08-01
1880-08-08,1880,August,8,1880-08-08
1880-08-15,1880,August,15,1880-08-15
1880-08-22,1880,August,22,1880-08-22
1880-08-29,1880,August,29,1880-08-29
1880-09-05,1880,September,5,1880-09-01
1880-09-12,1880,September,12,1880-09-12
1880-09-19,1880,September,19,1880-09-19
1880-09-26,1880,September,26,1880-09-26
1880-10-03,1880,October,3,1880-10-01
1880-10-10,1880,October,10,1880-10-10
1880-10-17,1880,October,17,1880-10-17
1880-10-24,1880,October,24,1880-10-24
1880-10-31,1880,October,31,1880-10-31
1880-11-07,1880,November,7,1880-11-01
1880-11-14,1880,November,14,1880-11-14
1880-11-21,1880,November,21,1880-11-21
1880-11-28,1880,November,28,1880-11-28
1880-12-05,1880,December,5,1880-12-01
1880-12-12,1880,December,12,1880-12-12
1880-12-19,1880,December,19,1880-12-19
1880-12-26,1880,December,26,1880-12-26
1881-01-02,1881,January,2,1881-01-01
1881-01-09,1881,January,9,1881-01-09
1881-01-16,1881,January,16,1881-01-16
1881-01-23,1881,January,23,1881-01-23
1881-01-30,1881,January,30,1881-01-30
1881-02-06,1881,February,6,1881-02-01
1881-02-13,1881,February,13,1881-02-13
1881-02-20,1881,February,20,1881-02-20
1881-02-27,1881,February,27,1881-02-27
1881-03-06,1881,March,6,1881-03-01
1881-03-13,1881,March,13,1881-03-13
1881-03-20,1881,March,20,1881-03-20
1881-03-27,1881,March,27,1881-03-27
1881-04-03,1881,April,3,1881-04-01
1881-04-10,1881,April,10,1881-04-10
1881-04-17,1881,April,17,1881-04-17
1881-04-24,1881,April,24,1881-04-24
1881-05-01,1881,May,1,1881-05-01
1881-05-08,1881,May,8,1881-05-08
1881-05-15,1881,May,15,1881-05-15
1881-05-22,1881,May,22,1881-05-22
1881-05-29,1881,May,29,1881-05-29
1881-06-05,1881,June,5,1881-06-01
1881-06-12,1881,June,12,1881-06-12
1881-06-19,1881,June,19,1881-06-19
1881-06-26,1881,June,26,1881-06-26
1881-07-03,1881,July,3,1881-07-01
1881-07-10,1881,July,10,1881-07-10
1881-07-17,1881,July,17,1881-07-17
1881-07-24,1881,July,24,1881-07-24
1881-07-31,1881,July,31,1881-07-31
1881-08-07,1881,August,7,1881-08-01
1881-08-14,1881,August,14,1881-08-14
1881-08-21,1881,August,21,1881-08-21
1881-08-28,1881,August,28,1881-08-28
1881-09-04,1881,September,4,1881-09-01
1881-09-11,1881,September,11,1881-09-11
1881-09-18,1881,September,18,1881-09-18
1881-09-25,1881,September,25,1881-09-25
1881-10-02,1881,October,2,1881-10-01
1881-10-09,1881,October,9,1881-10-09
1881-10-16,1881,October,16,1881-10-16
1881-10-23,1881,October,23,1881-10-23
1881-10-30,1881,October,30,1881-10-30
1881-11-06,1881,November,6,1881-11-01
1881-11-13,1881,November,13,1881-11-13
1881-11-20,1881,November,20,1881-11-20
1881-11-27,1881,November,27,1881-11-27
1881-12-04,1881,December,4,1881-12-01
1881-12-11,1881,December,11,1881-12-11
1881-12-18,1881,December,18,1881-12-18
1881-12-25,1881,December,25,1881-12-25
1882-01-01,1882,January,1,1882-01-01
1882-01-08,1882,January,8,1882-01-08
1882-01-15,1882,January,15,1882-01-15
1882-01-22,1882,January,22,1882-01-22
1882-01-29,1882,January,29,1882-01-29
1882-02-05,1882,February,5,1882-02-01
1882-02-12,1882,February,12,1882-02-12
1882-02-19,1882,February,19,1882-02-19
1882-02-26,1882,February,26,1882-02-26
1882-03-05,1882,March,5,1882-03-01
1882-03-12,1882,March,12,1882-03-12
1882-03-19,1882,March,19,1882-03-19
1882-03-26,1882,March,26,1882-03-26
1882-04-02,1882,April,2,1882-04-01
1882-04-09,1882,April,9,1882-04-09
1882-04-16,1882,April,16,1882-04-16
1882-04-23,1882,April,23,1882-04-23
1882-04-30,1882,April,30,1882-04-30
1882-05-07,1882,May,7,1882-05-01
1882-05-14,1882,May,14,1882-05-14
1882-05-21,1882,May,21,1882-05-21
1882-05-28,1882,May,28,1882-05-28
1882-06-04,1882,June,4,1882-06-01
1882-06-11,1882,June,11,1882-06-11
1882-06-18,1882,June,18,1882-06-18
1882-06-25,1882,June,25,1882-06-25
1882-07-02,1882,July,2,1882-07-01
1882-07-09,1882,July,9,1882-07-09
1882-07-16,1882,July,16,1882-07-16
1882-07-23,1882,July,23,1882-07-23
1882-07-30,1882,July,30,1882-07-30
1882-08-06,1882,August,6,1882-08-01
1882-08-13,1882,August,13,1882-08-13
1882-08-20,1882,August,20,1882-08-20
1882-08-27,1882,August,27,1882-08-27
1882-09-03,1882,September,3,1882-09-01
1882-09-10,1882,September,10,1882-09-10
1882-09-17,1882,September,17,1882-09-17
1882-09-24,1882,September,24,1882-09-24
1882-10-01,1882,October,1,1882-10-01
1882-10-08,1882,October,8,1882-10-08
1882-10-15,1882,October,15,1882-10-15
1882-10-22,1882,October,22,1882-10-22
1882-10-29,1882,October,29,1882-10-29
1882-11-05,1882,November,5,1882-11-01
1882-11-12,1882,November,12,1882-11-12
1882-11-19,1882,November,19,1882-11-19
1882-11-26,1882,November,26,1882-11-26
1882-12-03,1882,December,3,1882-12-01
1882-12-10,1882,December,10,1882-12-10
1882-12-17,1882,December,17,1882-12-17
1882-12-24,1882,December,24,1882-12-24
1882-12-31,1882,December,31,1882-12-31
1883-01-07,1883,January,7,1883-01-01
1883-01-14,1883,January,14,1883-01-14
1883-01-21,1883,January,21,1883-01-21
1883-01-28,1883,January,28,1883-01-28
1883-02-04,1883,February,4,1883-02-01
1883-02-11,1883,February,11,1883-02-11
1883-02-18,1883,February,18,1883-02-18
1883-02-25,1883,February,25,1883-02-25
1883-03-04,1883,March,4,1883-03-01
1883-03-11,1883,March,11,1883-03-11
1883-03-18,1883,March,18,1883-03-18
1883-03-25,1883,March,25,1883-03-25
1883-04-01,1883,April,1,1883-04-01
1883-04-08,1883,April,8,1883-04-08
1883-04-15,1883,April,15,1883-04-15
1883-04-22,1883,April,22,1883-04-22
1883-04-29,1883,April,29,1883-04-29
1883-05-06,1883,May,6,1883-05-01
1883-05-13,1883,May,13,1883-05-13
1883-05-20,1883,May,20,1883-05-20
1883-05-27,1883,May,27,1883-05-27
1883-06-03,1883,June,3,1883-06-01
1883-06-10,1883,June,10,1883-06-10
1883-06-17,1883,June,17,1883-06-17
1883-06-24,1883,June,24,1883-06-24
1883-07-01,1883,July,1,1883-07-01
1883-07-08,1883,July,8,1883-07-08
1883-07-15,1883,July,15,1883-07-15
1883-07-22,1883,July,22,1883-07-22
1883-07-29,1883,July,29,1883-07-29
1883-08-05,1883,August,5,1883-08-01
1883-08-12,1883,August,12,1883-08-12
1883-08-19,1883,August,19,1883-08-19
1883-08-26,1883,August,26,1883-08-26
1883-09-02,1883,September,2,1883-09-01
1883-09-09,1883,September,9,1883-09-09
1883-09-16,1883,September,16,1883-09-16
1883-09-23,1883,September,23,1883-09-23
1883-09-30,1883,September,30,1883-09-30
1883-10-07,1883,October,7,1883-10-01
1883-10-14,1883,October,14,1883-10-14
1883-10-21,1883,October,21,1883-10-21
1883-10-28,1883,October,28,1883-10-28
1883-11-04,1883,November,4,1883-11-01
1883-11-11,1883,November,11,1883-11-11
1883-11-18,1883,November,18,1883-11-18
1883-11-25,1883,November,25,1883-11-25
1883-12-02,1883,December,2,1883-12-01
1883-12-09,1883,December,9,1883-12-09
1883-12-16,1883,December,16,1883-12-16
1883-12-23,1883,December,23,1883-12-23
1883-12-30,1883,December,30,1883-12-30
1884-01-06,1884,January,6,1884-01-01
1884-01-13,1884,January,13,1884-01-13
1884-01-20,1884,January,20,1884-01-20
1884-01-27,1884,January,27,1884-01-27
1884-02-03,1884,February,3,1884-02-01
1884-02-10,1884,February,10,1884-02-10
1884-02-17,1884,February,17,1884-02-17
1884-02-24,1884,February,24,1884-02-24
1884-03-02,1884,March,2,1884-03-01
1884-03-09,1884,March,9,1884-03-09
1884-03-16,1884,March,16,1884-03-16
1884-03-23,1884,March,23,1884-03-23
1884-03-30,1884,March,30,1884-03-30
1884-04-06,1884,April,6,1884-04-01
1884-04-13,1884,April,13,1884-04-13
1884-04-20,1884,April,20,1884-04-20
1884-04-27,1884,April,27,1884-04-27
1884-05-04,1884,May,4,1884-05-01
1884-05-11,1884,May,11,1884-05-11
1884-05-18,1884,May,18,1884-05-18
1884-05-25,1884,May,25,1884-05-25
1884-06-01,1884,June,1,1884-06-01
1884-06-08,1884,June,8,1884-06-08
1884-06-15,1884,June,15,1884-06-15
1884-06-22,1884,June,22,1884-06-22
1884-06-29,1884,June,29,1884-06-29
1884-07-06,1884,July,6,1884-07-01
1884-07-13,1884,July,13,1884-07-13
1884-07-20,1884,July,20,1884-07-20
1884-07-27,1884,July,27,1884-07-27
1884-08-03,1884,August,3,1884-08-01
1884-08-10,1884,August,10,1884-08-10
1884-08-17,1884,August,17,1884-08-17
1884-08-24,1884,August,24,1884-08-24
1884-08-31,1884,August,31,1884-08-31
1884-09-07,1884,September,7,1884-09-01
1884-09-14,1884,September,14,1884-09-14
1884-09-21,1884,September,21,1884-09-21
1884-09-28,1884,September,28,1884-09-28
1884-10-05,1884,October,5,1884-10-01
1884-10-12,1884,October,12,1884-10-12
1884-10-19,1884,October,19,1884-10-19
1884-10-26,1884,October,26,1884-10-26
1884-11-02,1884,November,2,1884-11-01
1884-11-09,1884,November,9,1884-11-09
1884-11-16,1884,November,16,1884-11-16
1884-11-23,1884,November,23,1884-11-23
1884-11-30,1884,November,30,1884-11-30
1884-12-07,1884,December,7,1884-12-01
1884-12-14,1884,December,14,1884-12-14
1884-12-21,1884,December,21,1884-12-21
1884-12-28,1884,December,28,1884-12-28
1885-01-04,1885,January,4,1885-01-01
1885-01-11,1885,January,11,1885-01-11
1885-01-18,1885,January,18,1885-01-18
1885-01-25,1885,January,25,1885-01-25
1885-02-01,1885,February,1,1885-02-01
1885-02-08,1885,February,8,1885-02-08
1885-02-15,1885,February,15,1885-02-15
1885-02-22,1885,February,22,1885-02-22
1885-03-01,1885,March,1,1885-03-01
1885-03-08,1885,March,8,1885-03-08
1885-03-15,1885,March,15,1885-03-15
1885-03-22,1885,March,22,1885-03-22
1885-03-29,1885,March,29,1885-03-29
1885-04-05,1885,April,5,1885-04-01
1885-04-12,1885,April,12,1885-04-12
1885-04-19,1885,April,19,1885-04-19
1885-04-26,1885,April,26,1885-04-26
1885-05-03,1885,May,3,1885-05-01
1885-05-10,1885,May,10,1885-05-10
1885-05-17,1885,May,17,1885-05-17
1885-05-24,1885,May,24,1885-05-24
1885-05-31,1885,May,31,1885-05-31
1885-06-07,1885,June,7,1885-06-01
1885-06-14,1885,June,14,1885-06-14
1885-06-21,1885,June,21,1885-06-21
1885-06-28,1885,June,28,1885-06-28
1885-07-05,1885,July,5,1885-07-01
1885-07-12,1885,July,12,1885-07-12
1885-07-19,1885,July,19,1885-07-19
1885-07-26,1885,July,26,1885-07-26
1885-08-02,1885,August,2,1885-08-01
1885-08-09,1885,August,9,1885-08-09
1885-08-16,1885,August,16,1885-08-16
1885-08-23,1885,August,23,1885-08-23
1885-08-30,1885,August,30,1885-08-30
1885-09-06,1885,September,6,1885-09-01
1885-09-13,1885,September,13,1885-09-13
1885-09-20,1885,September,20,1885-09-20
1885-09-27,1885,September,27,1885-09-27
1885-10-04,1885,October,4,1885-10-01
1885-10-11,1885,October,11,1885-10-11
1885-10-18,1885,October,18,1885-10-18
1885-10-25,1885,October,25,1885-10-25
1885-11-01,1885,November,1,1885-11-01
1885-11-08,1885,November,8,1885-11-08
1885-11-15,1885,November,15,1885-11-15
1885-11-22,1885,November,22,1885-11-22
1885-11-29,1885,November,29,1885-11-29
1885-12-06,1885,December,6,1885-12-01
1885-12-13,1885,December,13,1885-12-13
1885-12-20,1885,December,20,1885-12-20
1885-12-27,1885,December,27,1885-12-27
1886-01-03,1886,January,3,1886-01-01
1886-01-10,1886,January,10,1886-01-10
1886-01-17,1886,January,17,1886-01-17
1886-01-24,1886,January,24,1886-01-24
1886-01-31,1886,January,31,1886-01-31
1886-02-07,1886,February,7,1886-02-01
1886-02-14,1886,February,14,1886-02-14
1886-02-21,1886,February,21,1886-02-21
1886-02-28,1886,February,28,1886-02-28
1886-03-07,1886,March,7,1886-03-01
1886-03-14,1886,March,14,1886-03-14
1886-03-21,1886,March,21,1886-03-21
1886-03-28,1886,March,28,1886-03-28
1886-04-04,1886,April,4,1886-04-01
1886-04-11,1886,April,11,1886-04-11
1886-04-18,1886,April,18,1886-04-18
1886-04-25,1886,April,25,1886-04-25
1886-05-02,1886,May,2,1886-05-01
1886-05-09,1886,May,9,1886-05-09
1886-05-16,1886,May,16,1886-05-16
1886-05-23,1886,May,23,1886-05-23
1886-05-30,1886,May,30,1886-05-30
1886-06-06,1886,June,6,1886-06-01
1886-06-13,1886,June,13,1886-06-13
1886-06-20,1886,June,20,1886-06-20
1886-06-27,1886,June,27,1886-06-27
1886-07-04,1886,July,4,1886-07-01
1886-07-11,1886,July,11,1886-07-11
1886-07-18,1886,July,18,1886-07-18
1886-07-25,1886,July,25,1886-07-25
1886-08-01,1886,August,1,1886-08-01
1886-08-08,1886,August,8,1886-08-08
1886-08-15,1886,August,15,1886-08-15
1886-08-22,1886,August,22,1886-08-22
1886-08-29,1886,August,29,1886-08-29
1886-09-05,1886,September,5,1886-09-01
1886-09-12,1886,September,12,1886-09-12
1886-09-19,1886,September,19,1886-09-19
1886-09-26,1886,September,26,1886-09-26
1886-10-03,1886,October,3,1886-10-01
1886-10-10,1886,October,10,1886-10-10
1886-10-17,1886,October,17,1886-10-17
1886-10-24,1886,October,24,1886-10-24
1886-10-31,1886,October,31,1886-10-31
1886-11-07,1886,November,7,1886-11-01
1886-11-14,1886,November,14,1886-11-14
1886-11-21,1886,November,21,1886-11-21
1886-11-28,1886,November,28,1886-11-28
1886-12-05,1886,December,5,1886-12-01
1886-12-12,1886,December,12,1886-12-12
1886-12-19,1886,December,19,1886-12-19
1886-12-26,1886,December,26,1886-12-26
1887-01-02,1887,January,2,1887-01-01
1887-01-09,1887,January,9,1887-01-09
1887-01-16,1887,January,16,1887-01-16
1887-01-23,1887,January,23,1887-01-23
1887-01-30,1887,January,30,1887-01-30
1887-02-06,1887,February,6,1887-02-01
1887-02-13,1887,February,13,1887-02-13
1887-02-20,1887,February,20,1887-02-20
1887-02-27,1887,February,27,1887-02-27
1887-03-06,1887,March,6,1887-03-01
1887-03-13,1887,March,13,1887-03-13
1887-03-20,1887,March,20,1887-03-20
1887-03-27,1887,March,27,1887-03-27
1887-04-03,1887,April,3,1887-04-01
1887-04-10,1887,April,10,1887-04-10
1887-04-17,1887,April,17,1887-04-17
1887-04-24,1887,April,24,1887-04-24
1887-05-01,1887,May,1,1887-05-01
1887-05-08,1887,May,8,1887-05-08
1887-05-15,1887,May,15,1887-05-15
1887-05-22,1887,May,22,1887-05-22
1887-05-29,1887,May,29,1887-05-29
1887-06-05,1887,June,5,1887-06-01
1887-06-12,1887,June,12,1887-06-12
1887-06-19,1887,June,19,1887-06-19
1887-06-26,1887,June,26,1887-06-26
1887-07-03,1887,July,3,1887-07-01
1887-07-10,1887,July,10,1887-07-10
1887-07-17,1887,July,17,1887-07-17
1887-07-24,1887,July,24,1887-07-24
1887-07-31,1887,July,31,1887-07-31
1887-08-07,1887,August,7,1887-08-01
1887-08-14,1887,August,14,1887-08-14
1887-08-21,1887,August,21,1887-08-21
1887-08-28,1887,August,28,1887-08-28
1887-09-04,1887,September,4,1887-09-01
1887-09-11,1887,September,11,1887-09-11
1887-09-18,1887,September,18,1887-09-18
1887-09-25,1887,September,25,1887-09-25
1887-10-02,1887,October,2,1887-10-01
1887-10-09,1887,October,9,1887-10-09
1887-10-16,1887,October,16,1887-10-16
1887-10-23,1887,October,23,1887-10-23
1887-10-30,1887,October,30,1887-10-30
1887-11-06,1887,November,6,1887-11-01
1887-11-13,1887,November,13,1887-11-13
1887-11-20,1887,November,20,1887-11-20
1887-11-27,1887,November,27,1887-11-27
1887-12-04,1887,December,4,1887-12-01
1887-12-11,1887,December,11,1887-12-11
1887-12-18,1887,December,18,1887-12-18
1887-12-25,1887,December,25,1887-12-25
1888-01-01,1888,January,1,1888-01-01
1888-01-08,1888,January,8,1888-01-08
1888-01-15,1888,January,15,1888-01-15
1888-01-22,1888,January,22,1888-01-22
1888-01-29,1888,January,29,1888-01-29
1888-02-05,1888,February,5,1888-02-01
1888-02-12,1888,February,12,1888-02-12
1888-02-19,1888,February,19,1888-02-19
1888-02-26,1888,February,26,1888-02-26
1888-03-04,1888,March,4,1888-03-01
1888-03-11,1888,March,11,1888-03-11
1888-03-18,1888,March,18,1888-03-18
1888-03-25,1888,March,25,1888-03-25
1888-04-01,1888,April,1,1888-04-01
1888-04-08,1888,April,8,1888-04-08
1888-04-15,1888,April,15,1888-04-15
1888-04-22,1888,April,22,1888-04-22
1888-04-29,1888,April,29,1888-04-29
1888-05-06,1888,May,6,1888-05-01
1888-05-13,1888,May,13,1888-05-13
1888-05-20,1888,May,20,1888-05-20
1888-05-27,1888,May,27,1888-05-27
1888-06-03,1888,June,3,1888-06-01
1888-06-10,1888,June,10,1888-06-10
1888-06-17,1888,June,17,1888-06-17
1888-06-24,1888,June,24,1888-06-24
1888-07-01,1888,July,1,1888-07-01
1888-07-08,1888,July,8,1888-07-08
1888-07-15,1888,July,15,1888-07-15
1888-07-22,1888,July,22,1888-07-22
1888-07-29,1888,July,29,1888-07-29
1888-08-05,1888,August,5,1888-08-01
1888-08-12,1888,August,12,1888-08-12
1888-08-19,1888,August,19,1888-08-19
1888-08-26,1888,August,26,1888-08-26
1888-09-02,1888,September,2,1888-09-01
1888-09-09,1888,September,9,1888-09-09
1888-09-16,1888,September,16,1888-09-16
1888-09-23,1888,September,23,1888-09-23
1888-09-30,1888,September,30,1888-09-30
1888-10-07,1888,October,7,1888-10-01
1888-10-14,1888,October,14,1888-10-14
1888-10-21,1888,October,21,1888-10-21
1888-10-28,1888,October,28,1888-10-28
1888-11-04,1888,November,4,1888-11-01
1888-11-11,1888,November,11,1888-11-11
1888-11-18,1888,November,18,1888-11-18
1888-11-25,1888,November,25,1888-11-25
1888-12-02,1888,December,2,1888-12-01
1888-12-09,1888,December,9,1888-12-09
1888-12-16,1888,December,16,1888-12-16
1888-12-23,1888,December,23,1888-12-23
1888-12-30,1888,December,30,1888-12-30
1889-01-06,1889,January,6,1889-01-01
1889-01-13,1889,January,13,1889-01-13
1889-01-20,1889,January,20,1889-01-20
1889-01-27,1889,January,27,1889-01-27
1889-02-03,1889,February,3,1889-02-01
1889-02-10,1889,February,10,1889-02-10
1889-02-17,1889,February,17,1889-02-17
1889-02-24,1889,February,24,1889-02-24
1889-03-03,1889,March,3,1889-03-01
1889-03-10,1889,March,10,1889-03-10
1889-03-17,1889,March,17,1889-03-17
1889-03-24,1889,March,24,1889-03-24
1889-03-31,1889,March,31,1889-03-31
1889-04-07,1889,April,7,1889-04-01
1889-04-14,1889,April,14,1889-04-14
1889-04-21,1889,April,21,1889-04-21
1889-04-28,1889,April,28,1889-04-28
1889-05-05,1889,May,5,1889-05-01
1889-05-12,1889,May,12,1889-05-12
1889-05-19,1889,May,19,1889-05-19
1889-05-26,1889,May,26,1889-05-26
1889-06-02,1889,June,2,1889-06-01
1889-06-09,1889,June,9,1889-06-09
1889-06-16,1889,June,16,1889-06-16
1889-06-23,1889,June,23,1889-06-23
1889-06-30,1889,June,30,1889-06-30
1889-07-07,1889,July,7,1889-07-01
1889-07-14,1889,July,14,1889-07-14
1889-07-21,1889,July,21,1889-07-21
1889-07-28,1889,July,28,1889-07-28
1889-08-04,1889,August,4,1889-08-01
1889-08-11,1889,August,11,1889-08-11
1889-08-18,1889,August,18,1889-08-18
1889-08-25,1889,August,25,1889-08-25
1889-09-01,1889,September,1,1889-09-01
1889-09-08,1889,September,8,1889-09-08
1889-09-15,1889,September,15,1889-09-15
1889-09-22,1889,September,22,1889-09-22
1889-09-29,1889,September,29,1889-09-29
1889-10-06,1889,October,6,1889-10-01
1889-10-13,1889,October,13,1889-10-13
1889-10-20,1889,October,20,1889-10-20
1889-10-27,1889,October,27,1889-10-27
1889-11-03,1889,November,3,1889-11-01
1889-11-10,1889,November,10,1889-11-10
1889-11-17,1889,November,17,1889-11-17
1889-11-24,1889,November,24,1889-11-24
1889-12-01,1889,December,1,1889-12-01
1889-12-08,1889,December,8,1889-12-08
1889-12-15,1889,December,15,1889-12-15
1889-12-22,1889,December,22,1889-12-22
1889-12-29,1889,December,29,1889-12-29
1890-01-05,1890,January,5,1890-01-01
1890-01-12,1890,January,12,1890-01-12
1890-01-19,1890,January,19,1890-01-19
1890-01-26,1890,January,26,1890-01-26
1890-02-02,1890,February,2,1890-02-01
1890-02-09,1890,February,9,1890-02-09
1890-02-16,1890,February,16,1890-02-16
1890-02-23,1890,February,23,1890-02-23
1890-03-02,1890,March,2,1890-03-01
1890-03-09,1890,March,9,1890-03-09
1890-03-16,1890,March,16,1890-03-16
1890-03-23,1890,March,23,1890-03-23
1890-03-30,1890,March,30,1890-03-30
1890-04-06,1890,April,6,1890-04-01
1890-04-13,1890,April,13,1890-04-13
1890-04-20,1890,April,20,1890-04-20
1890-04-27,1890,April,27,1890-04-27
1890-05-04,1890,May,4,1890-05-01
1890-05-11,1890,May,11,1890-05-11
1890-05-18,1890,May,18,1890-05-18
1890-05-25,1890,May,25,1890-05-25
1890-06-01,1890,June,1,1890-06-01
1890-06-08,1890,June,8,1890-06-08
1890-06-15,1890,June,15,1890-06-15
1890-06-22,1890,June,22,1890-06-22
1890-06-29,1890,June,29,1890-06-29
1890-07-06,1890,July,6,1890-07-01
1890-07-13,1890,July,13,1890-07-13
1890-07-20,1890,July,20,1890-07-20
1890-07-27,1890,July,27,1890-07-27
1890-08-03,1890,August,3,1890-08-01
1890-08-10,1890,August,10,1890-08-10
1890-08-17,1890,August,17,1890-08-17
1890-08-24,1890,August,24,1890-08-24
1890-08-31,1890,August,31,1890-08-31
1890-09-07,1890,September,7,1890-09-01
1890-09-14,1890,September,14,1890-09-14
1890-09-21,1890,September,21,1890-09-21
1890-09-28,1890,September,28,1890-09-28
1890-10-05,1890,October,5,1890-10-01
1890-10-12,1890,October,12,1890-10-12
1890-10-19,1890,October,19,1890-10-19
1890-10-26,1890,October,26,1890-10-26
1890-11-02,1890,November,2,1890-11-01
1890-11-09,1890,November,9,1890-11-09
1890-11-16,1890,November,16,1890-11-16
1890-11-23,1890,November,23,1890-11-23
1890-11-30,1890,November,30,1890-11-30
1890-12-07,1890,December,7,1890-12-01
1890-12-14,1890,December,14,1890-12-14
1890-12-21,1890,December,21,1890-12-21
1890-12-28,1890,December,28,1890-12-28
1891-01-04,1891,January,4,1891-01-01
1891-01-11,1891,January,11,1891-01-11
1891-01-18,1891,January,18,1891-01-18
1891-01-25,1891,January,25,1891-01-25
1891-02-01,1891,February,1,1891-02-01
1891-02-08,1891,February,8,1891-02-08
1891-02-15,1891,February,15,1891-02-15
1891-02-22,1891,February,22,1891-02-22
1891-03-01,1891,March,1,1891-03-01
1891-03-08,1891,March,8,1891-03-08
1891-03-15,1891,March,15,1891-03-15
1891-03-22,1891,March,22,1891-03-22
1891-03-29,1891,March,29,1891-03-29
1891-04-05,1891,April,5,1891-04-01
1891-04-12,1891,April,12,1891-04-12
1891-04-19,1891,April,19,1891-04-19
1891-04-26,1891,April,26,1891-04-26
1891-05-03,1891,May,3,1891-05-01
1891-05-10,1891,May,10,1891-05-10
1891-05-17,1891,May,17,1891-05-17
1891-05-24,1891,May,24,1891-05-24
1891-05-31,1891,May,31,1891-05-31
1891-06-07,1891,June,7,1891-06-01
1891-06-14,1891,June,14,1891-06-14
1891-06-21,1891,June,21,1891-06-21
1891-06-28,1891,June,28,1891-06-28
1891-07-05,1891,July,5,1891-07-01
1891-07-12,1891,July,12,1891-07-12
1891-07-19,1891,July,19,1891-07-19
1891-07-26,1891,July,26,1891-07-26
1891-08-02,1891,August,2,1891-08-01
1891-08-09,1891,August,9,1891-08-09
1891-08-16,1891,August,16,1891-08-16
1891-08-23,1891,August,23,1891-08-23
1891-08-30,1891,August,30,1891-08-30
1891-09-06,1891,September,6,1891-09-01
1891-09-13,1891,September,13,1891-09-13
1891-09-20,1891,September,20,1891-09-20
1891-09-27,1891,September,27,1891-09-27
1891-10-04,1891,October,4,1891-10-01
1891-10-11,1891,October,11,1891-10-11
1891-10-18,1891,October,18,1891-10-18
1891-10-25,1891,October,25,1891-10-25
1891-11-01,1891,November,1,1891-11-01
1891-11-08,1891,November,8,1891-11-08
1891-11-15,1891,November,15,1891-11-15
1891-11-22,1891,November,22,1891-11-22
1891-11-29,1891,November,29,1891-11-29
1891-12-06,1891,December,6,1891-12-01
1891-12-13,1891,December,13,1891-12-13
1891-12-20,1891,December,20,1891-12-20
1891-12-27,1891,December,27,1891-12-27
1892-01-03,1892,January,3,1892-01-01
1892-01-10,1892,January,10,1892-01-10
1892-01-17,1892,January,17,1892-01-17
1892-01-24,1892,January,24,1892-01-24
1892-01-31,1892,January,31,1892-01-31
1892-02-07,1892,February,7,1892-02-01
1892-02-14,1892,February,14,1892-02-14
1892-02-21,1892,February,21,1892-02-21
1892-02-28,1892,February,28,1892-02-28
1892-03-06,1892,March,6,1892-03-01
1892-03-13,1892,March,13,1892-03-13
1892-03-20,1892,March,20,1892-03-20
1892-03-27,1892,March,27,1892-03-27
1892-04-03,1892,April,3,1892-04-01
1892-04-10,1892,April,10,1892-04-10
1892-04-17,1892,April,17,1892-04-17
1892-04-24,1892,April,24,1892-04-24
1892-05-01,1892,May,1,1892-05-01
1892-05-08,1892,May,8,1892-05-08
1892-05-15,1892,May,15,1892-05-15
1892-05-22,1892,May,22,1892-05-22
1892-05-29,1892,May,29,1892-05-29
1892-06-05,1892,June,5,1892-06-01
1892-06-12,1892,June,12,1892-06-12
1892-06-19,1892,June,19,1892-06-19
1892-06-26,1892,June,26,1892-06-26
1892-07-03,1892,July,3,1892-07-01
1892-07-10,1892,July,10,1892-07-10
1892-07-17,1892,July,17,1892-07-17
1892-07-24,1892,July,24,1892-07-24
1892-07-31,1892,July,31,1892-07-31
1892-08-07,1892,August,7,1892-08-01
1892-08-14,1892,August,14,1892-08-14
1892-08-21,1892,August,21,1892-08-21
1892-08-28,1892,August,28,1892-08-28
1892-09-04,1892,September,4,1892-09-01
1892-09-11,1892,September,11,1892-09-11
1892-09-18,1892,September,18,1892-09-18
1892-09-25,1892,September,25,1892-09-25
1892-10-02,1892,October,2,1892-10-01
1892-10-09,1892,October,9,1892-10-09
1892-10-16,1892,October,16,1892-10-16
1892-10-23,1892,October,23,1892-10-23
1892-10-30,1892,October,30,1892-10-30
1892-11-06,1892,November,6,1892-11-01
1892-11-13,1892,November,13,1892-11-13
1892-11-20,1892,November,20,1892-11-20
1892-11-27,1892,November,27,1892-11-27
1892-12-04,1892,December,4,1892-12-01
1892-12-11,1892,December,11,1892-12-11
1892-12-18,1892,December,18,1892-12-18
1892-12-25,1892,December,25,1892-12-25
1893-01-01,1893,January,1,1893-01-01
1893-01-08,1893,January,8,1893-01-08
1893-01-15,1893,January,15,1893-01-15
1893-01-22,1893,January,22,1893-01-22
1893-01-29,1893,January,29,1893-01-29
1893-02-05,1893,February,5,1893-02-01
1893-02-12,1893,February,12,1893-02-12
1893-02-19,1893,February,19,1893-02-19
1893-02-26,1893,February,26,1893-02-26
1893-03-05,1893,March,5,1893-03-01
1893-03-12,1893,March,12,1893-03-12
1893-03-19,1893,March,19,1893-03-19
1893-03-26,1893,March,26,1893-03-26
1893-04-02,1893,April,2,1893-04-01
1893-04-09,1893,April,9,1893-04-09
1893-04-16,1893,April,16,1893-04-16
1893-04-23,1893,April,23,1893-04-23
1893-04-30,1893,April,30,1893-04-30
1893-05-07,1893,May,7,1893-05-01
1893-05-14,1893,May,14,1893-05-14
1893-05-21,1893,May,21,1893-05-21
1893-05-28,1893,May,28,1893-05-28
1893-06-04,1893,June,4,1893-06-01
1893-06-11,1893,June,11,1893-06-11
1893-06-18,1893,June,18,1893-06-18
1893-06-25,1893,June,25,1893-06-25
1893-07-02,1893,July,2,1893-07-01
1893-07-09,1893,July,9,1893-07-09
1893-07-16,1893,July,16,1893-07-16
1893-07-23,1893,July,23,1893-07-23
1893-07-30,1893,July,30,1893-07-30
1893-08-06,1893,August,6,1893-08-01
1893-08-13,1893,August,13,1893-08-13
1893-08-20,1893,August,20,1893-08-20
1893-08-27,1893,August,27,1893-08-27
1893-09-03,1893,September,3,1893-09-01
1893-09-10,1893,September,10,1893-09-10
1893-09-17,1893,September,17,1893-09-17
1893-09-24,1893,September,24,1893-09-24
1893-10-01,1893,October,1,1893-10-01
1893-10-08,1893,October,8,1893-10-08
1893-10-15,1893,October,15,1893-10-15
1893-10-22,1893,October,22,1893-10-22
1893-10-29,1893,October,29,1893-10-29
1893-11-05,1893,November,5,1893-11-01
1893-11-12,1893,November,12,1893-11-12
1893-11-19,1893,November,19,1893-11-19
1893-11-26,1893,November,26,1893-11-26
1893-12-03,1893,December,3,1893-12-01
1893-12-10,1893,December,10,1893-12-10
1893-12-17,1893,December,17,1893-12-17
1893-12-24,1893,December,24,1893-12-24
1893-12-31,1893,December,31,1893-12-31
1894-01-07,1894,January,7,1894-01-01
1894-01-14,1894,January,14,1894-01-14
1894-01-21,1894,January,21,1894-01-21
1894-01-28,1894,January,28,1894-01-28
1894-02-04,1894,February,4,1894-02-01
1894-02-11,1894,February,11,1894-02-11
1894-02-18,1894,February,18,1894-02-18
1894-02-25,1894,February,25,1894-02-25
1894-03-04,1894,March,4,1894-03-01
1894-03-11,1894,March,11,1894-03-11
1894-03-18,1894,March,18,1894-03-18
1894-03-25,1894,March,25,1894-03-25
1894-04-01,1894,April,1,1894-04-01
1894-04-08,1894,April,8,1894-04-08
1894-04-15,1894,April,15,1894-04-15
1894-04-22,1894,April,22,1894-04-22
1894-04-29,1894,April,29,1894-04-29
1894-05-06,1894,May,6,1894-05-01
1894-05-13,1894,May,13,1894-05-13
1894-05-20,1894,May,20,1894-05-20
1894-05-27,1894,May,27,1894-05-27
1894-06-03,1894,June,3,1894-06-01
1894-06-10,1894,June,10,1894-06-10
1894-06-17,1894,June,17,1894-06-17
1894-06-24,1894,June,24,1894-06-24
1894-07-01,1894,July,1,1894-07-01
1894-07-08,1894,July,8,1894-07-08
1894-07-15,1894,July,15,1894-07-15
1894-07-22,1894,July,22,1894-07-22
1894-07-29,1894,July,29,1894-07-29
1894-08-05,1894,August,5,1894-08-01
1894-08-12,1894,August,12,1894-08-12
1894-08-19,1894,August,19,1894-08-19
1894-08-26,1894,August,26,1894-08-26
1894-09-02,1894,September,2,1894-09-01
1894-09-09,1894,September,9,1894-09-09
1894-09-16,1894,September,16,1894-09-16
1894-09-23,1894,September,23,1894-09-23
1894-09-30,1894,September,30,1894-09-30
1894-10-07,1894,October,7,1894-10-01
1894-10-14,1894,October,14,1894-10-14
1894-10-21,1894,October,21,1894-10-21
1894-10-28,1894,October,28,1894-10-28
1894-11-04,1894,November,4,1894-11-01
1894-11-11,1894,November,11,1894-11-11
1894-11-18,1894,November,18,1894-11-18
1894-11-25,1894,November,25,1894-11-25
1894-12-02,1894,December,2,1894-12-01
1894-12-09,1894,December,9,1894-12-09
1894-12-16,1894,December,16,1894-12-16
1894-12-23,1894,December,23,1894-12-23
1894-12-30,1894,December,30,1894-12-30
1895-01-06,1895,January,6,1895-01-01
1895-01-13,1895,January,13,1895-01-13
1895-01-20,1895,January,20,1895-01-20
1895-01-27,1895,January,27,1895-01-27
1895-02-03,1895,February,3,1895-02-01
1895-02-10,1895,February,10,1895-02-10
1895-02-17,1895,February,17,1895-02-17
1895-02-24,1895,February,24,1895-02-24
1895-03-03,1895,March,3,1895-03-01
1895-03-10,1895,March,10,1895-03-10
1895-03-17,1895,March,17,1895-03-17
1895-03-24,1895,March,24,1895-03-24
1895-03-31,1895,March,31,1895-03-31
1895-04-07,1895,April,7,1895-04-01
1895-04-14,1895,April,14,1895-04-14
1895-04-21,1895,April,21,1895-04-21
1895-04-28,1895,April,28,1895-04-28
1895-05-05,1895,May,5,1895-05-01
1895-05-12,1895,May,12,1895-05-12
1895-05-19,1895,May,19,1895-05-19
1895-05-26,1895,May,26,1895-05-26
1895-06-02,1895,June,2,1895-06-01
1895-06-09,1895,June,9,1895-06-09
1895-06-16,1895,June,16,1895-06-16
1895-06-23,1895,June,23,1895-06-23
1895-06-30,1895,June,30,1895-06-30
1895-07-07,1895,July,7,1895-07-01
1895-07-14,1895,July,14,1895-07-14
1895-07-21,1895,July,21,1895-07-21
1895-07-28,1895,July,28,1895-07-28
1895-08-04,1895,August,4,1895-08-01
1895-08-11,1895,August,11,1895-08-11
1895-08-18,1895,August,18,1895-08-18
1895-08-25,1895,August,25,1895-08-25
1895-09-01,1895,September,1,1895-09-01
1895-09-08,1895,September,8,1895-09-08
1895-09-15,1895,September,15,1895-09-15
1895-09-22,1895,September,22,1895-09-22
1895-09-29,1895,September,29,1895-09-29
1895-10-06,1895,October,6,1895-10-01
1895-10-13,1895,October,13,1895-10-13
1895-10-20,1895,October,20,1895-10-20
1895-10-27,1895,October,27,1895-10-27
1895-11-03,1895,November,3,1895-11-01
1895-11-10,1895,November,10,1895-11-10
1895-11-17,1895,November,17,1895-11-17
1895-11-24,1895,November,24,1895-11-24
1895-12-01,1895,December,1,1895-12-01
1895-12-08,1895,December,8,1895-12-08
1895-12-15,1895,December,15,1895-12-15
1895-12-22,1895,December,22,1895-12-22
1895-12-29,1895,December,29,1895-12-29
1896-01-05,1896,January,5,1896-01-01
1896-01-12,1896,January,12,1896-01-12
1896-01-19,1896,January,19,1896-01-19
1896-01-26,1896,January,26,1896-01-26
1896-02-02,1896,February,2,1896-02-01
1896-02-09,1896,February,9,1896-02-09
1896-02-16,1896,February,16,1896-02-16
1896-02-23,1896,February,23,1896-02-23
1896-03-01,1896,March,1,1896-03-01
1896-03-08,1896,March,8,1896-03-08
1896-03-15,1896,March,15,1896-03-15
1896-03-22,1896,March,22,1896-03-22
1896-03-29,1896,March,29,1896-03-29
1896-04-05,1896,April,5,1896-04-01
1896-04-12,1896,April,12,1896-04-12
1896-04-19,1896,April,19,1896-04-19
1896-04-26,1896,April,26,1896-04-26
1896-05-03,1896,May,3,1896-05-01
1896-05-10,1896,May,10,1896-05-10
1896-05-17,1896,May,17,1896-05-17
1896-05-24,1896,May,24,1896-05-24
1896-05-31,1896,May,31,1896-05-31
1896-06-07,1896,June,7,1896-06-01
1896-06-14,1896,June,14,1896-06-14
1896-06-21,1896,June,21,1896-06-21
1896-06-28,1896,June,28,1896-06-28
1896-07-05,1896,July,5,1896-07-01
1896-07-12,1896,July,12,1896-07-12
1896-07-19,1896,July,19,1896-07-19
1896-07-26,1896,July,26,1896-07-26
1896-08-02,1896,August,2,1896-08-01
1896-08-09,1896,August,9,1896-08-09
1896-08-16,1896,August,16,1896-08-16
1896-08-23,1896,August,23,1896-08-23
1896-08-30,1896,August,30,1896-08-30
1896-09-06,1896,September,6,1896-09-01
1896-09-13,1896,September,13,1896-09-13
1896-09-20,1896,September,20,1896-09-20
1896-09-27,1896,September,27,1896-09-27
1896-10-04,1896,October,4,1896-10-01
1896-10-11,1896,October,11,1896-10-11
1896-10-18,1896,October,18,1896-10-18
1896-10-25,1896,October,25,1896-10-25
1896-11-01,1896,November,1,1896-11-01
1896-11-08,1896,November,8,1896-11-08
1896-11-15,1896,November,15,1896-11-15
1896-11-22,1896,November,22,1896-11-22
1896-11-29,1896,November,29,1896-11-29
1896-12-06,1896,December,6,1896-12-01
1896-12-13,1896,December,13,1896-12-13
1896-12-20,1896,December,20,1896-12-20
1896-12-27,1896,December,27,1896-12-27
1897-01-03,1897,January,3,1897-01-01
1897-01-10,1897,January,10,1897-01-10
1897-01-17,1897,January,17,1897-01-17
1897-01-24,1897,January,24,1897-01-24
1897-01-31,1897,January,31,1897-01-31
1897-02-07,1897,February,7,1897-02-01
1897-02-14,1897,February,14,1897-02-14
1897-02-21,1897,February,21,1897-02-21
1897-02-28,1897,February,28,1897-02-28
1897-03-07,1897,March,7,1897-03-01
1897-03-14,1897,March,14,1897-03-14
1897-03-21,1897,March,21,1897-03-21
1897-03-28,1897,March,28,1897-03-28
1897-04-04,1897,April,4,1897-04-01
1897-04-11,1897,April,11,1897-04-11
1897-04-18,1897,April,18,1897-04-18
1897-04-25,1897,April,25,1897-04-25
1897-05-02,1897,May,2,1897-05-01
1897-05-09,1897,May,9,1897-05-09
1897-05-16,1897,May,16,1897-05-16
1897-05-23,1897,May,23,1897-05-23
1897-05-30,1897,May,30,1897-05-30
1897-06-06,1897,June,6,1897-06-01
1897-06-13,1897,June,13,1897-06-13
1897-06-20,1897,June,20,1897-06-20
1897-06-27,1897,June,27,1897-06-27
1897-07-04,1897,July,4,1897-07-01
1897-07-11,1897,July,11,1897-07-11
1897-07-18,1897,July,18,1897-07-18
1897-07-25,1897,July,25,1897-07-25
1897-08-01,1897,August,1,1897-08-01
1897-08-08,1897,August,8,1897-08-08
1897-08-15,1897,August,15,1897-08-15
1897-08-22,1897,August,22,1897-08-22
1897-08-29,1897,August,29,1897-08-29
1897-09-05,1897,September,5,1897-09-01
1897-09-12,1897,September,12,1897-09-12
1897-09-19,1897,September,19,1897-09-19
1897-09-26,1897,September,26,1897-09-26
1897-10-03,1897,October,3,1897-10-01
1897-10-10,1897,October,10,1897-10-10
1897-10-17,1897,October,17,1897-10-17
1897-10-24,1897,October,24,1897-10-24
1897-10-31,1897,October,31,1897-10-31
1897-11-07,1897,November,7,1897-11-01
1897-11-14,1897,November,14,1897-11-14
1897-11-21,1897,November,21,1897-11-21
1897-11-28,1897,November,28,1897-11-28
1897-12-05,1897,December,5,1897-12-01
1897-12-12,1897,December,12,1897-12-12
1897-12-19,1897,December,19,1897-12-19
1897-12-26,1897,December,26,1897-12-26
1898-01-02,1898,January,2,1898-01-01
1898-01-09,1898,January,9,1898-01-09
1898-01-16,1898,January,16,1898-01-16
1898-01-23,1898,January,23,1898-01-23
1898-01-30,1898,January,30,1898-01-30
1898-02-06,1898,February,6,1898-02-01
1898-02-13,1898,February,13,1898-02-13
1898-02-20,1898,February,20,1898-02-20
1898-02-27,1898,February,27,1898-02-27
1898-03-06,1898,March,6,1898-03-01
1898-03-13,1898,March,13,1898-03-13
1898-03-20,1898,March,20,1898-03-20
1898-03-27,1898,March,27,1898-03-27
1898-04-03,1898,April,3,1898-04-01
1898-04-10,1898,April,10,1898-04-10
1898-04-17,1898,April,17,1898-04-17
1898-04-24,1898,April,24,1898-04-24
1898-05-01,1898,May,1,1898-05-01
1898-05-08,1898,May,8,1898-05-08
1898-05-15,1898,May,15,1898-05-15
1898-05-22,1898,May,22,1898-05-22
1898-05-29,1898,May,29,1898-05-29
1898-06-05,1898,June,5,1898-06-01
1898-06-12,1898,June,12,1898-06-12
1898-06-19,1898,June,19,1898-06-19
1898-06-26,1898,June,26,1898-06-26
1898-07-03,1898,July,3,1898-07-01
1898-07-10,1898,July,10,1898-07-10
1898-07-17,1898,July,17,1898-07-17
1898-07-24,1898,July,24,1898-07-24
1898-07-31,1898,July,31,1898-07-31
1898-08-07,1898,August,7,1898-08-01
1898-08-14,1898,August,14,1898-08-14
1898-08-21,1898,August,21,1898-08-21
1898-08-28,1898,August,28,1898-08-28
1898-09-04,1898,September,4,1898-09-01
1898-09-11,1898,September,11,1898-09-11
1898-09-18,1898,September,18,1898-09-18
1898-09-25,1898,September,25,1898-09-25
1898-10-02,1898,October,2,1898-10-01
1898-10-09,1898,October,9,1898-10-09
1898-10-16,1898,October,16,1898-10-16
1898-10-23,1898,October,23,1898-10-23
1898-10-30,1898,October,30,1898-10-30
1898-11-06,1898,November,6,1898-11-01
1898-11-13,1898,November,13,1898-11-13
1898-11-20,1898,November,20,1898-11-20
1898-11-27,1898,November,27,1898-11-27
1898-12-04,1898,December,4,1898-12-01
1898-12-11,1898,December,11,1898-12-11
1898-12-18,1898,December,18,1898-12-18
1898-12-25,1898,December,25,1898-12-25
1899-01-01,1899,January,1,1899-01-01
1899-01-08,1899,January,8,1899-01-08
1899-01-15,1899,January,15,1899-01-15
1899-01-22,1899,January,22,1899-01-22
1899-01-29,1899,January,29,1899-01-29
1899-02-05,1899,February,5,1899-02-01
1899-02-12,1899,February,12,1899-02-12
1899-02-19,1899,February,19,1899-02-19
1899-02-26,1899,February,26,1899-02-26
1899-03-05,1899,March,5,1899-03-01
1899-03-12,1899,March,12,1899-03-12
1899-03-19,1899,March,19,1899-03-19
1899-03-26,1899,March,26,1899-03-26
1899-04-02,1899,April,2,1899-04-01
1899-04-09,1899,April,9,1899-04-09
1899-04-16,1899,April,16,1899-04-16
1899-04-23,1899,April,23,1899-04-23
1899-04-30,1899,April,30,1899-04-30
1899-05-07,1899,May,7,1899-05-01
1899-05-14,1899,May,14,1899-05-14
1899-05-21,1899,May,21,1899-05-21
1899-05-28,1899,May,28,1899-05-28
1899-06-04,1899,June,4,1899-06-01
1899-06-11,1899,June,11,1899-06-11
1899-06-18,1899,June,18,1899-06-18
1899-06-25,1899,June,25,1899-06-25
1899-07-02,1899,July,2,1899-07-01
1899-07-09,1899,July,9,1899-07-09
1899-07-16,1899,July,16,1899-07-16
1899-07-23,1899,July,23,1899-07-23
1899-07-30,1899,July,30,1899-07-30
1899-08-06,1899,August,6,1899-08-01
1899-08-13,1899,August,13,1899-08-13
1899-08-20,1899,August,20,1899-08-20
1899-08-27,1899,August,27,1899-08-27
1899-09-03,1899,September,3,1899-09-01
1899-09-10,1899,September,10,1899-09-10
1899-09-17,1899,September,17,1899-09-17
1899-09-24,1899,September,24,1899-09-24
1899-10-01,1899,October,1,1899-10-01
1899-10-08,1899,October,8,1899-10-08
1899-10-15,1899,October,15,1899-10-15
1899-10-22,1899,October,22,1899-10-22
1899-10-29,1899,October,29,1899-10-29
1899-11-05,1899,November,5,1899-11-01
1899-11-12,1899,November,12,1899-11-12
1899-11-19,1899,November,19,1899-11-19
1899-11-26,1899,November,26,1899-11-26
1899-12-03,1899,December,3,1899-12-01
1899-12-10,1899,December,10,1899-12-10
1899-12-17,1899,December,17,1899-12-17
1899-12-24,1899,December,24,1899-12-24
1899-12-31,1899,December,31,1899-12-31
1900-01-07,1900,January,7,1900-01-01
1900-01-14,1900,January,14,1900-01-14
1900-01-21,1900,January,21,1900-01-21
1900-01-28,1900,January,28,1900-01-28
1900-02-04,1900,February,4,1900-02-01
1900-02-11,1900,February,11,1900-02-11
1900-02-18,1900,February,18,1900-02-18
1900-02-25,1900,February,25,1900-02-25
1900-03-04,1900,March,4,1900-03-01
1900-03-11,1900,March,11,1900-03-11
1900-03-18,1900,March,18,1900-03-18
1900-03-25,1900,March,25,1900-03-25
1900-04-01,1900,April,1,1900-04-01
1900-04-08,1900,April,8,1900-04-08
1900-04-15,1900,April,15,1900-04-15
1900-04-22,1900,April,22,1900-04-22
1900-04-29,1900,April,29,1900-04-29
1900-05-06,1900,May,6,1900-05-01
1900-05-13,1900,May,13,1900-05-13
1900-05-20,1900,May,20,1900-05-20
1900-05-27,1900,May,27,1900-05-27
1900-06-03,1900,June,3,1900-06-01
1900-06-10,1900,June,10,1900-06-10
1900-06-17,1900,June,17,1900-06-17
1900-06-24,1900,June,24,1900-06-24
1900-07-01,1900,July,1,1900-07-01
1900-07-08,1900,July,8,1900-07-08
1900-07-15,1900,July,15,1900-07-15
1900-07-22,1900,July,22,1900-07-22
1900-07-29,1900,July,29,1900-07-29
1900-08-05,1900,August,5,1900-08-01
1900-08-12,1900,August,12,1900-08-12
1900-08-19,1900,August,19,1900-08-19
1900-08-26,1900,August,26,1900-08-26
1900-09-02,1900,September,2,1900-09-01
1900-09-09,1900,September,9,1900-09-09
1900-09-16,1900,September,16,1900-09-16
1900-09-23,1900,September,23,1900-09-23
1900-09-30,1900,September,30,1900-09-30
1900-10-07,1900,October,7,1900-10-01
1900-10-14,1900,October,14,1900-10-14
1900-10-21,1900,October,21,1900-10-21
1900-10-28,1900,October,28,1900-10-28
1900-11-04,1900,November,4,1900-11-01
1900-11-11,1900,November,11,1900-11-11
1900-11-18,1900,November,18,1900-11-18
1900-11-25,1900,November,25,1900-11-25
1900-12-02,1900,December,2,1900-12-01
1900-12-09,1900,December,9,1900-12-09
1900-12-16,1900,December,16,1900-12-16
1900-12-23,1900,December,23,1900-12-23
1900-12-30,1900,December,30,1900-12-30
1901-01-06,1901,January,6,1901-01-01
1901-01-13,1901,January,13,1901-01-13
1901-01-20,1901,January,20,1901-01-20
1901-01-27,1901,January,27,1901-01-27
1901-02-03,1901,February,3,1901-02-01
1901-02-10,1901,February,10,1901-02-10
1901-02-17,1901,February,17,1901-02-17
1901-02-24,1901,February,24,1901-02-24
1901-03-03,1901,March,3,1901-03-01
1901-03-10,1901,March,10,1901-03-10
1901-03-17,1901,March,17,1901-03-17
1901-03-24,1901,March,24,1901-03-24
1901-03-31,1901,March,31,1901-03-31
1901-04-07,1901,April,7,1901-04-01
1901-04-14,1901,April,14,1901-04-14
1901-04-21,1901,April,21,1901-04-21
1901-04-28,1901,April,28,1901-04-28
1901-05-05,1901,May,5,1901-05-01
1901-05-12,1901,May,12,1901-05-12
1901-05-19,1901,May,19,1901-05-19
1901-05-26,1901,May,26,1901-05-26
1901-06-02,1901,June,2,1901-06-01
1901-06-09,1901,June,9,1901-06-09
1901-06-16,1901,June,16,1901-06-16
1901-06-23,1901,June,23,1901-06-23
1901-06-30,1901,June,30,1901-06-30
1901-07-07,1901,July,7,1901-07-01
1901-07-14,1901,July,14,1901-07-14
1901-07-21,1901,July,21,1901-07-21
1901-07-28,1901,July,28,1901-07-28
1901-08-04,1901,August,4,1901-08-01
1901-08-11,1901,August,11,1901-08-11
1901-08-18,1901,August,18,1901-08-18
1901-08-25,1901,August,25,1901-08-25
1901-09-01,1901,September,1,1901-09-01
1901-09-08,1901,September,8,1901-09-08
1901-09-15,1901,September,15,1901-09-15
1901-09-22,1901,September,22,1901-09-22
1901-09-29,1901,September,29,1901-09-29
1901-10-06,1901,October,6,1901-10-01
1901-10-13,1901,October,13,1901-10-13
1901-10-20,1901,October,20,1901-10-20
1901-10-27,1901,October,27,1901-10-27
1901-11-03,1901,November,3,1901-11-01
1901-11-10,1901,November,10,1901-11-10
1901-11-17,1901,November,17,1901-11-17
1901-11-24,1901,November,24,1901-11-24
1901-12-01,1901,December,1,1901-12-01
1901-12-08,1901,December,8,1901-12-08
1901-12-15,1901,December,15,1901-12-15
1901-12-22,1901,December,22,1901-12-22
1901-12-29,1901,December,29,1901-12-29
1902-01-05,1902,January,5,1902-01-01
1902-01-12,1902,January,12,1902-01-12
1902-01-19,1902,January,19,1902-01-19
1902-01-26,1902,January,26,1902-01-26
1902-02-02,1902,February,2,1902-02-01
1902-02-09,1902,February,9,1902-02-09
1902-02-16,1902,February,16,1902-02-16
1902-02-23,1902,February,23,1902-02-23
1902-03-02,1902,March,2,1902-03-01
1902-03-09,1902,March,9,1902-03-09
1902-03-16,1902,March,16,1902-03-16
1902-03-23,1902,March,23,1902-03-23
1902-03-30,1902,March,30,1902-03-30
1902-04-06,1902,April,6,1902-04-01
1902-04-13,1902,April,13,1902-04-13
1902-04-20,1902,April,20,1902-04-20
1902-04-27,1902,April,27,1902-04-27
1902-05-04,1902,May,4,1902-05-01
1902-05-11,1902,May,11,1902-05-11
1902-05-18,1902,May,18,1902-05-18
1902-05-25,1902,May,25,1902-05-25
1902-06-01,1902,June,1,1902-06-01
1902-06-08,1902,June,8,1902-06-08
1902-06-15,1902,June,15,1902-06-15
1902-06-22,1902,June,22,1902-06-22
1902-06-29,1902,June,29,1902-06-29
1902-07-06,1902,July,6,1902-07-01
1902-07-13,1902,July,13,1902-07-13
1902-07-20,1902,July,20,1902-07-20
1902-07-27,1902,July,27,1902-07-27
1902-08-03,1902,August,3,1902-08-01
1902-08-10,1902,August,10,1902-08-10
1902-08-17,1902,August,17,1902-08-17
1902-08-24,1902,August,24,1902-08-24
1902-08-31,1902,August,31,1902-08-31
1902-09-07,1902,September,7,1902-09-01
1902-09-14,1902,September,14,1902-09-14
1902-09-21,1902,September,21,1902-09-21
1902-09-28,1902,September,28,1902-09-28
1902-10-05,1902,October,5,1902-10-01
1902-10-12,1902,October,12,1902-10-12
1902-10-19,1902,October,19,1902-10-19
1902-10-26,1902,October,26,1902-10-26
1902-11-02,1902,November,2,1902-11-01
1902-11-09,1902,November,9,1902-11-09
1902-11-16,1902,November,16,1902-11-16
1902-11-23,1902,November,23,1902-11-23
1902-11-30,1902,November,30,1902-11-30
1902-12-07,1902,December,7,1902-12-01
1902-12-14,1902,December,14,1902-12-14
1902-12-21,1902,December,21,1902-12-21
1902-12-28,1902,December,28,1902-12-28
1903-01-04,1903,January,4,1903-01-01
1903-01-11,1903,January,11,1903-01-11
1903-01-18,1903,January,18,1903-01-18
1903-01-25,1903,January,25,1903-01-25
1903-02-01,1903,February,1,1903-02-01
1903-02-08,1903,February,8,1903-02-08
1903-02-15,1903,February,15,1903-02-15
1903-02-22,1903,February,22,1903-02-22
1903-03-01,1903,March,1,1903-03-01
1903-03-08,1903,March,8,1903-03-08
1903-03-15,1903,March,15,1903-03-15
1903-03-22,1903,March,22,1903-03-22
1903-03-29,1903,March,29,1903-03-29
1903-04-05,1903,April,5,1903-04-01
1903-04-12,1903,April,12,1903-04-12
1903-04-19,1903,April,19,1903-04-19
1903-04-26,1903,April,26,1903-04-26
1903-05-03,1903,May,3,1903-05-01
1903-05-10,1903,May,10,1903-05-10
1903-05-17,1903,May,17,1903-05-17
1903-05-24,1903,May,24,1903-05-24
1903-05-31,1903,May,31,1903-05-31
1903-06-07,1903,June,7,1903-06-01
1903-06-14,1903,June,14,1903-06-14
1903-06-21,1903,June,21,1903-06-21
1903-06-28,1903,June,28,1903-06-28
1903-07-05,1903,July,5,1903-07-01
1903-07-12,1903,July,12,1903-07-12
1903-07-19,1903,July,19,1903-07-19
1903-07-26,1903,July,26,1903-07-26
1903-08-02,1903,August,2,1903-08-01
1903-08-09,1903,August,9,1903-08-09
1903-08-16,1903,August,16,1903-08-16
1903-08-23,1903,August,23,1903-08-23
1903-08-30,1903,August,30,1903-08-30
1903-09-06,1903,September,6,1903-09-01
1903-09-13,1903,September,13,1903-09-13
1903-09-20,1903,September,20,1903-09-20
1903-09-27,1903,September,27,1903-09-27
1903-10-04,1903,October,4,1903-10-01
1903-10-11,1903,October,11,1903-10-11
1903-10-18,1903,October,18,1903-10-18
1903-10-25,1903,October,25,1903-10-25
1903-11-01,1903,November,1,1903-11-01
1903-11-08,1903,November,8,1903-11-08
1903-11-15,1903,November,15,1903-11-15
1903-11-22,1903,November,22,1903-11-22
1903-11-29,1903,November,29,1903-11-29
1903-12-06,1903,December,6,1903-12-01
1903-12-13,1903,December,13,1903-12-13
1903-12-20,1903,December,20,1903-12-20
1903-12-27,1903,December,27,1903-12-27
1904-01-03,1904,January,3,1904-01-01
1904-01-10,1904,January,10,1904-01-10
1904-01-17,1904,January,17,1904-01-17
1904-01-24,1904,January,24,1904-01-24
1904-01-31,1904,January,31,1904-01-31
1904-02-07,1904,February,7,1904-02-01
1904-02-14,1904,February,14,1904-02-14
1904-02-21,1904,February,21,1904-02-21
1904-02-28,1904,February,28,1904-02-28
1904-03-06,1904,March,6,1904-03-01
1904-03-13,1904,March,13,1904-03-13
1904-03-20,1904,March,20,1904-03-20
1904-03-27,1904,March,27,1904-03-27
1904-04-03,1904,April,3,1904-04-01
1904-04-10,1904,April,10,1904-04-10
1904-04-17,1904,April,17,1904-04-17
1904-04-24,1904,April,24,1904-04-24
1904-05-01,1904,May,1,1904-05-01
1904-05-08,1904,May,8,1904-05-08
1904-05-15,1904,May,15,1904-05-15
1904-05-22,1904,May,22,1904-05-22
1904-05-29,1904,May,29,1904-05-29
1904-06-05,1904,June,5,1904-06-01
1904-06-12,1904,June,12,1904-06-12
1904-06-19,1904,June,19,1904-06-19
1904-06-26,1904,June,26,1904-06-26
1904-07-03,1904,July,3,1904-07-01
1904-07-10,1904,July,10,1904-07-10
1904-07-17,1904,July,17,1904-07-17
1904-07-24,1904,July,24,1904-07-24
1904-07-31,1904,July,31,1904-07-31
1904-08-07,1904,August,7,1904-08-01
1904-08-14,1904,August,14,1904-08-14
1904-08-21,1904,August,21,1904-08-21
1904-08-28,1904,August,28,1904-08-28
1904-09-04,1904,September,4,1904-09-01
1904-09-11,1904,September,11,1904-09-11
1904-09-18,1904,September,18,1904-09-18
1904-09-25,1904,September,25,1904-09-25
1904-10-02,1904,October,2,1904-10-01
1904-10-09,1904,October,9,1904-10-09
1904-10-16,1904,October,16,1904-10-16
1904-10-23,1904,October,23,1904-10-23
1904-10-30,1904,October,30,1904-10-30
1904-11-06,1904,November,6,1904-11-01
1904-11-13,1904,November,13,1904-11-13
1904-11-20,1904,November,20,1904-11-20
1904-11-27,1904,November,27,1904-11-27
1904-12-04,1904,December,4,1904-12-01
1904-12-11,1904,December,11,1904-12-11
1904-12-18,1904,December,18,1904-12-18
1904-12-25,1904,December,25,1904-12-25
1905-01-01,1905,January,1,1905-01-01
1905-01-08,1905,January,8,1905-01-08
1905-01-15,1905,January,15,1905-01-15
1905-01-22,1905,January,22,1905-01-22
1905-01-29,1905,January,29,1905-01-29
1905-02-05,1905,February,5,1905-02-01
1905-02-12,1905,February,12,1905-02-12
1905-02-19,1905,February,19,1905-02-19
1905-02-26,1905,February,26,1905-02-26
1905-03-05,1905,March,5,1905-03-01
1905-03-12,1905,March,12,1905-03-12
1905-03-19,1905,March,19,1905-03-19
1905-03-26,1905,March,26,1905-03-26
1905-04-02,1905,April,2,1905-04-01
1905-04-09,1905,April,9,1905-04-09
1905-04-16,1905,April,16,1905-04-16
1905-04-23,1905,April,23,1905-04-23
1905-04-30,1905,April,30,1905-04-30
1905-05-07,1905,May,7,1905-05-01
1905-05-14,1905,May,14,1905-05-14
1905-05-21,1905,May,21,1905-05-21
1905-05-28,1905,May,28,1905-05-28
1905-06-04,1905,June,4,1905-06-01
1905-06-11,1905,June,11,1905-06-11
1905-06-18,1905,June,18,1905-06-18
1905-06-25,1905,June,25,1905-06-25
1905-07-02,1905,July,2,1905-07-01
1905-07-09,1905,July,9,1905-07-09
1905-07-16,1905,July,16,1905-07-16
1905-07-23,1905,July,23,1905-07-23
1905-07-30,1905,July,30,1905-07-30
1905-08-06,1905,August,6,1905-08-01
1905-08-13,1905,August,13,1905-08-13
1905-08-20,1905,August,20,1905-08-20
1905-08-27,1905,August,27,1905-08-27
1905-09-03,1905,September,3,1905-09-01
1905-09-10,1905,September,10,1905-09-10
1905-09-17,1905,September,17,1905-09-17
1905-09-24,1905,September,24,1905-09-24
1905-10-01,1905,October,1,1905-10-01
1905-10-08,1905,October,8,1905-10-08
1905-10-15,1905,October,15,1905-10-15
1905-10-22,1905,October,22,1905-10-22
1905-10-29,1905,October,29,1905-10-29
1905-11-05,1905,November,5,1905-11-01
1905-11-12,1905,November,12,1905-11-12
1905-11-19,1905,November,19,1905-11-19
1905-11-26,1905,November,26,1905-11-26
1905-12-03,1905,December,3,1905-12-01
1905-12-10,1905,December,10,1905-12-10
1905-12-17,1905,December,17,1905-12-17
1905-12-24,1905,December,24,1905-12-24
1905-12-31,1905,December,31,1905-12-31
1906-01-07,1906,January,7,1906-01-01
1906-01-14,1906,January,14,1906-01-14
1906-01-21,1906,January,21,1906-01-21
1906-01-28,1906,January,28,1906-01-28
1906-02-04,1906,February,4,1906-02-01
1906-02-11,1906,February,11,1906-02-11
1906-02-18,1906,February,18,1906-02-18
1906-02-25,1906,February,25,1906-02-25
1906-03-04,1906,March,4,1906-03-01
1906-03-11,1906,March,11,1906-03-11
1906-03-18,1906,March,18,1906-03-18
1906-03-25,1906,March,25,1906-03-25
1906-04-01,1906,April,1,1906-04-01
1906-04-08,1906,April,8,1906-04-08
1906-04-15,1906,April,15,1906-04-15
1906-04-22,1906,April,22,1906-04-22
1906-04-29,1906,April,29,1906-04-29
1906-05-06,1906,May,6,1906-05-01
1906-05-13,1906,May,13,1906-05-13
1906-05-20,1906,May,20,1906-05-20
1906-05-27,1906,May,27,1906-05-27
1906-06-03,1906,June,3,1906-06-01
1906-06-10,1906,June,10,1906-06-10
1906-06-17,1906,June,17,1906-06-17
1906-06-24,1906,June,24,1906-06-24
1906-07-01,1906,July,1,1906-07-01
1906-07-08,1906,July,8,1906-07-08
1906-07-15,1906,July,15,1906-07-15
1906-07-22,1906,July,22,1906-07-22
1906-07-29,1906,July,29,1906-07-29
1906-08-05,1906,August,5,1906-08-01
1906-08-12,1906,August,12,1906-08-12
1906-08-19,1906,August,19,1906-08-19
1906-08-26,1906,August,26,1906-08-26
1906-09-02,1906,September,2,1906-09-01
1906-09-09,1906,September,9,1906-09-09
1906-09-16,1906,September,16,1906-09-16
1906-09-23,1906,September,23,1906-09-23
1906-09-30,1906,September,30,1906-09-30
1906-10-07,1906,October,7,1906-10-01
1906-10-14,1906,October,14,1906-10-14
1906-10-21,1906,October,21,1906-10-21
1906-10-28,1906,October,28,1906-10-28
1906-11-04,1906,November,4,1906-11-01
1906-11-11,1906,November,11,1906-11-11
1906-11-18,1906,November,18,1906-11-18
1906-11-25,1906,November,25,1906-11-25
1906-12-02,1906,December,2,1906-12-01
1906-12-09,1906,December,9,1906-12-09
1906-12-16,1906,December,16,1906-12-16
1906-12-23,1906,December,23,1906-12-23
1906-12-30,1906,December,30,1906-12-30
1907-01-06,1907,January,6,1907-01-01
1907-01-13,1907,January,13,1907-01-13
1907-01-20,1907,January,20,1907-01-20
1907-01-27,1907,January,27,1907-01-27
1907-02-03,1907,February,3,1907-02-01
1907-02-10,1907,February,10,1907-02-10
1907-02-17,1907,February,17,1907-02-17
1907-02-24,1907,February,24,1907-02-24
1907-03-03,1907,March,3,1907-03-01
1907-03-10,1907,March,10,1907-03-10
1907-03-17,1907,March,17,1907-03-17
1907-03-24,1907,March,24,1907-03-24
1907-03-31,1907,March,31,1907-03-31
1907-04-07,1907,April,7,1907-04-01
1907-04-14,1907,April,14,1907-04-14
1907-04-21,1907,April,21,1907-04-21
1907-04-28,1907,April,28,1907-04-28
1907-05-05,1907,May,5,1907-05-01
1907-05-12,1907,May,12,1907-05-12
1907-05-19,1907,May,19,1907-05-19
1907-05-26,1907,May,26,1907-05-26
1907-06-02,1907,June,2,1907-06-01
1907-06-09,1907,June,9,1907-06-09
1907-06-16,1907,June,16,1907-06-16
1907-06-23,1907,June,23,1907-06-23
1907-06-30,1907,June,30,1907-06-30
1907-07-07,1907,July,7,1907-07-01
1907-07-14,1907,July,14,1907-07-14
1907-07-21,1907,July,21,1907-07-21
1907-07-28,1907,July,28,1907-07-28
1907-08-04,1907,August,4,1907-08-01
1907-08-11,1907,August,11,1907-08-11
1907-08-18,1907,August,18,1907-08-18
1907-08-25,1907,August,25,1907-08-25
1907-09-01,1907,September,1,1907-09-01
1907-09-08,1907,September,8,1907-09-08
1907-09-15,1907,September,15,1907-09-15
1907-09-22,1907,September,22,1907-09-22
1907-09-29,1907,September,29,1907-09-29
1907-10-06,1907,October,6,1907-10-01
1907-10-13,1907,October,13,1907-10-13
1907-10-20,1907,October,20,1907-10-20
1907-10-27,1907,October,27,1907-10-27
1907-11-03,1907,November,3,1907-11-01
1907-11-10,1907,November,10,1907-11-10
1907-11-17,1907,November,17,1907-11-17
1907-11-24,1907,November,24,1907-11-24
1907-12-01,1907,December,1,1907-12-01
1907-12-08,1907,December,8,1907-12-08
1907-12-15,1907,December,15,1907-12-15
1907-12-22,1907,December,22,1907-12-22
1907-12-29,1907,December,29,1907-12-29
1908-01-05,1908,January,5,1908-01-01
1908-01-12,1908,January,12,1908-01-12
1908-01-19,1908,January,19,1908-01-19
1908-01-26,1908,January,26,1908-01-26
1908-02-02,1908,February,2,1908-02-01
1908-02-09,1908,February,9,1908-02-09
1908-02-16,1908,February,16,1908-02-16
1908-02-23,1908,February,23,1908-02-23
1908-03-01,1908,March,1,1908-03-01
1908-03-08,1908,March,8,1908-03-08
1908-03-15,1908,March,15,1908-03-15
1908-03-22,1908,March,22,1908-03-22
1908-03-29,1908,March,29,1908-03-29
1908-04-05,1908,April,5,1908-04-01
1908-04-12,1908,April,12,1908-04-12
1908-04-19,1908,April,19,1908-04-19
1908-04-26,1908,April,26,1908-04-26
1908-05-03,1908,May,3,1908-05-01
1908-05-10,1908,May,10,1908-05-10
1908-05-17,1908,May,17,1908-05-17
1908-05-24,1908,May,24,1908-05-24
1908-05-31,1908,May,31,1908-05-31
1908-06-07,1908,June,7,1908-06-01
1908-06-14,1908,June,14,1908-06-14
1908-06-21,1908,June,21,1908-06-21
1908-06-28,1908,June,28,1908-06-28
1908-07-05,1908,July,5,1908-07-01
1908-07-12,1908,July,12,1908-07-12
1908-07-19,1908,July,19,1908-07-19
1908-07-26,1908,July,26,1908-07-26
1908-08-02,1908,August,2,1908-08-01
1908-08-09,1908,August,9,1908-08-09
1908-08-16,1908,August,16,1908-08-16
1908-08-23,1908,August,23,1908-08-23
1908-08-30,1908,August,30,1908-08-30
1908-09-06,1908,September,6,1908-09-01
1908-09-13,1908,September,13,1908-09-13
1908-09-20,1908,September,20,1908-09-20
1908-09-27,1908,September,27,1908-09-27
1908-10-04,1908,October,4,1908-10-01
1908-10-11,1908,October,11,1908-10-11
1908-10-18,1908,October,18,1908-10-18
1908-10-25,1908,October,25,1908-10-25
1908-11-01,1908,November,1,1908-11-01
1908-11-08,1908,November,8,1908-11-08
1908-11-15,1908,November,15,1908-11-15
1908-11-22,1908,November,22,1908-11-22
1908-11-29,1908,November,29,1908-11-29
1908-12-06,1908,December,6,1908-12-01
1908-12-13,1908,December,13,1908-12-13
1908-12-20,1908,December,20,1908-12-20
1908-12-27,1908,December,27,1908-12-27
1909-01-03,1909,January,3,1909-01-01
1909-01-10,1909,January,10,1909-01-10
1909-01-17,1909,January,17,1909-01-17
1909-01-24,1909,January,24,1909-01-24
1909-01-31,1909,January,31,1909-01-31
1909-02-07,1909,February,7,1909-02-01
1909-02-14,1909,February,14,1909-02-14
1909-02-21,1909,February,21,1909-02-21
1909-02-28,1909,February,28,1909-02-28
1909-03-07,1909,March,7,1909-03-01
1909-03-14,1909,March,14,1909-03-14
1909-03-21,1909,March,21,1909-03-21
1909-03-28,1909,March,28,1909-03-28
1909-04-04,1909,April,4,1909-04-01
1909-04-11,1909,April,11,1909-04-11
1909-04-18,1909,April,18,1909-04-18
1909-04-25,1909,April,25,1909-04-25
1909-05-02,1909,May,2,1909-05-01
1909-05-09,1909,May,9,1909-05-09
1909-05-16,1909,May,16,1909-05-16
1909-05-23,1909,May,23,1909-05-23
1909-05-30,1909,May,30,1909-05-30
1909-06-06,1909,June,6,1909-06-01
1909-06-13,1909,June,13,1909-06-13
1909-06-20,1909,June,20,1909-06-20
1909-06-27,1909,June,27,1909-06-27
1909-07-04,1909,July,4,1909-07-01
1909-07-11,1909,July,11,1909-07-11
1909-07-18,1909,July,18,1909-07-18
1909-07-25,1909,July,25,1909-07-25
1909-08-01,1909,August,1,1909-08-01
1909-08-08,1909,August,8,1909-08-08
1909-08-15,1909,August,15,1909-08-15
1909-08-22,1909,August,22,1909-08-22
1909-08-29,1909,August,29,1909-08-29
1909-09-05,1909,September,5,1909-09-01
1909-09-12,1909,September,12,1909-09-12
1909-09-19,1909,September,19,1909-09-19
1909-09-26,1909,September,26,1909-09-26
1909-10-03,1909,October,3,1909-10-01
1909-10-10,1909,October,10,1909-10-10
1909-10-17,1909,October,17,1909-10-17
1909-10-24,1909,October,24,1909-10-24
1909-10-31,1909,October,31,1909-10-31
1909-11-07,1909,November,7,1909-11-01
1909-11-14,1909,November,14,1909-11-14
1909-11-21,1909,November,21,1909-11-21
1909-11-28,1909,November,28,1909-11-28
1909-12-05,1909,December,5,1909-12-01
1909-12-12,1909,December,12,1909-12-12
1909-12-19,1909,December,19,1909-12-19
1909-12-26,1909,December,26,1909-12-26
1910-01-02,1910,January,2,1910-01-01
1910-01-09,1910,January,9,1910-01-09
1910-01-16,1910,January,16,1910-01-16
1910-01-23,1910,January,23,1910-01-23
1910-01-30,1910,January,30,1910-01-30
1910-02-06,1910,February,6,1910-02-01
1910-02-13,1910,February,13,1910-02-13
1910-02-20,1910,February,20,1910-02-20
1910-02-27,1910,February,27,1910-02-27
1910-03-06,1910,March,6,1910-03-01
1910-03-13,1910,March,13,1910-03-13
1910-03-20,1910,March,20,1910-03-20
1910-03-27,1910,March,27,1910-03-27
1910-04-03,1910,April,3,1910-04-01
1910-04-10,1910,April,10,1910-04-10
1910-04-17,1910,April,17,1910-04-17
1910-04-24,1910,April,24,1910-04-24
1910-05-01,1910,May,1,1910-05-01
1910-05-08,1910,May,8,1910-05-08
1910-05-15,1910,May,15,1910-05-15
1910-05-22,1910,May,22,1910-05-22
1910-05-29,1910,May,29,1910-05-29
1910-06-05,1910,June,5,1910-06-01
1910-06-12,1910,June,12,1910-06-12
1910-06-19,1910,June,19,1910-06-19
1910-06-26,1910,June,26,1910-06-26
1910-07-03,1910,July,3,1910-07-01
1910-07-10,1910,July,10,1910-07-10
1910-07-17,1910,July,17,1910-07-17
1910-07-24,1910,July,24,1910-07-24
1910-07-31,1910,July,31,1910-07-31
1910-08-07,1910,August,7,1910-08-01
1910-08-14,1910,August,14,1910-08-14
1910-08-21,1910,August,21,1910-08-21
1910-08-28,1910,August,28,1910-08-28
1910-09-04,1910,September,4,1910-09-01
1910-09-11,1910,September,11,1910-09-11
1910-09-18,1910,September,18,1910-09-18
1910-09-25,1910,September,25,1910-09-25
1910-10-02,1910,October,2,1910-10-01
1910-10-09,1910,October,9,1910-10-09
1910-10-16,1910,October,16,1910-10-16
1910-10-23,1910,October,23,1910-10-23
1910-10-30,1910,October,30,1910-10-30
1910-11-06,1910,November,6,1910-11-01
1910-11-13,1910,November,13,1910-11-13
1910-11-20,1910,November,20,1910-11-20
1910-11-27,1910,November,27,1910-11-27
1910-12-04,1910,December,4,1910-12-01
1910-12-11,1910,December,11,1910-12-11
1910-12-18,1910,December,18,1910-12-18
1910-12-25,1910,December,25,1910-12-25
1911-01-01,1911,January,1,1911-01-01
1911-01-08,1911,January,8,1911-01-08
1911-01-15,1911,January,15,1911-01-15
1911-01-22,1911,January,22,1911-01-22
1911-01-29,1911,January,29,1911-01-29
1911-02-05,1911,February,5,1911-02-01
1911-02-12,1911,February,12,1911-02-12
1911-02-19,1911,February,19,1911-02-19
1911-02-26,1911,February,26,1911-02-26
1911-03-05,1911,March,5,1911-03-01
1911-03-12,1911,March,12,1911-03-12
1911-03-19,1911,March,19,1911-03-19
1911-03-26,1911,March,26,1911-03-26
1911-04-02,1911,April,2,1911-04-01
1911-04-09,1911,April,9,1911-04-09
1911-04-16,1911,April,16,1911-04-16
1911-04-23,1911,April,23,1911-04-23
1911-04-30,1911,April,30,1911-04-30
1911-05-07,1911,May,7,1911-05-01
1911-05-14,1911,May,14,1911-05-14
1911-05-21,1911,May,21,1911-05-21
1911-05-28,1911,May,28,1911-05-28
1911-06-04,1911,June,4,1911-06-01
1911-06-11,1911,June,11,1911-06-11
1911-06-18,1911,June,18,1911-06-18
1911-06-25,1911,June,25,1911-06-25
1911-07-02,1911,July,2,1911-07-01
1911-07-09,1911,July,9,1911-07-09
1911-07-16,1911,July,16,1911-07-16
1911-07-23,1911,July,23,1911-07-23
1911-07-30,1911,July,30,1911-07-30
1911-08-06,1911,August,6,1911-08-01
1911-08-13,1911,August,13,1911-08-13
1911-08-20,1911,August,20,1911-08-20
1911-08-27,1911,August,27,1911-08-27
1911-09-03,1911,September,3,1911-09-01
1911-09-10,1911,September,10,1911-09-10
1911-09-17,1911,September,17,1911-09-17
1911-09-24,1911,September,24,1911-09-24
1911-10-01,1911,October,1,1911-10-01
1911-10-08,1911,October,8,1911-10-08
1911-10-15,1911,October,15,1911-10-15
1911-10-22,1911,October,22,1911-10-22
1911-10-29,1911,October,29,1911-10-29
1911-11-05,1911,November,5,1911-11-01
1911-11-12,1911,November,12,1911-11-12
1911-11-19,1911,November,19,1911-11-19
1911-11-26,1911,November,26,1911-11-26
1911-12-03,1911,December,3,1911-12-01
1911-12-10,1911,December,10,1911-12-10
1911-12-17,1911,December,17,1911-12-17
1911-12-24,1911,December,24,1911-12-24
1911-12-31,1911,December,31,1911-12-31
1912-01-07,1912,January,7,1912-01-01
1912-01-14,1912,January,14,1912-01-14
1912-01-21,1912,January,21,1912-01-21
1912-01-28,1912,January,28,1912-01-28
1912-02-04,1912,February,4,1912-02-01
1912-02-11,1912,February,11,1912-02-11
1912-02-18,1912,February,18,1912-02-18
1912-02-25,1912,February,25,1912-02-25
1912-03-03,1912,March,3,1912-03-01
1912-03-10,1912,March,10,1912-03-10
1912-03-17,1912,March,17,1912-03-17
1912-03-24,1912,March,24,1912-03-24
1912-03-31,1912,March,31,1912-03-31
1912-04-07,1912,April,7,1912-04-01
1912-04-14,1912,April,14,1912-04-14
1912-04-21,1912,April,21,1912-04-21
1912-04-28,1912,April,28,1912-04-28
1912-05-05,1912,May,5,1912-05-01
1912-05-12,1912,May,12,1912-05-12
1912-05-19,1912,May,19,1912-05-19
1912-05-26,1912,May,26,1912-05-26
1912-06-02,1912,June,2,1912-06-01
1912-06-09,1912,June,9,1912-06-09
1912-06-16,1912,June,16,1912-06-16
1912-06-23,1912,June,23,1912-06-23
1912-06-30,1912,June,30,1912-06-30
1912-07-07,1912,July,7,1912-07-01
1912-07-14,1912,July,14,1912-07-14
1912-07-21,1912,July,21,1912-07-21
1912-07-28,1912,July,28,1912-07-28
1912-08-04,1912,August,4,1912-08-01
1912-08-11,1912,August,11,1912-08-11
1912-08-18,1912,August,18,1912-08-18
1912-08-25,1912,August,25,1912-08-25
1912-09-01,1912,September,1,1912-09-01
1912-09-08,1912,September,8,1912-09-08
1912-09-15,1912,September,15,1912-09-15
1912-09-22,1912,September,22,1912-09-22
1912-09-29,1912,September,29,1912-09-29
1912-10-06,1912,October,6,1912-10-01
1912-10-13,1912,October,13,1912-10-13
1912-10-20,1912,October,20,1912-10-20
1912-10-27,1912,October,27,1912-10-27
1912-11-03,1912,November,3,1912-11-01
1912-11-10,1912,November,10,1912-11-10
1912-11-17,1912,November,17,1912-11-17
1912-11-24,1912,November,24,1912-11-24
1912-12-01,1912,December,1,1912-12-01
1912-12-08,1912,December,8,1912-12-08
1912-12-15,1912,December,15,1912-12-15
1912-12-22,1912,December,22,1912-12-22
1912-12-29,1912,December,29,1912-12-29
1913-01-05,1913,January,5,1913-01-01
1913-01-12,1913,January,12,1913-01-12
1913-01-19,1913,January,19,1913-01-19
1913-01-26,1913,January,26,1913-01-26
1913-02-02,1913,February,2,1913-02-01
1913-02-09,1913,February,9,1913-02-09
1913-02-16,1913,February,16,1913-02-16
1913-02-23,1913,February,23,1913-02-23
1913-03-02,1913,March,2,1913-03-01
1913-03-09,1913,March,9,1913-03-09
1913-03-16,1913,March,16,1913-03-16
1913-03-23,1913,March,23,1913-03-23
1913-03-30,1913,March,30,1913-03-30
1913-04-06,1913,April,6,1913-04-01
1913-04-13,1913,April,13,1913-04-13
1913-04-20,1913,April,20,1913-04-20
1913-04-27,1913,April,27,1913-04-27
1913-05-04,1913,May,4,1913-05-01
1913-05-11,1913,May,11,1913-05-11
1913-05-18,1913,May,18,1913-05-18
1913-05-25,1913,May,25,1913-05-25
1913-06-01,1913,June,1,1913-06-01
1913-06-08,1913,June,8,1913-06-08
1913-06-15,1913,June,15,1913-06-15
1913-06-22,1913,June,22,1913-06-22
1913-06-29,1913,June,29,1913-06-29
1913-07-06,1913,July,6,1913-07-01
1913-07-13,1913,July,13,1913-07-13
1913-07-20,1913,July,20,1913-07-20
1913-07-27,1913,July,27,1913-07-27
1913-08-03,1913,August,3,1913-08-01
1913-08-10,1913,August,10,1913-08-10
1913-08-17,1913,August,17,1913-08-17
1913-08-24,1913,August,24,1913-08-24
1913-08-31,1913,August,31,1913-08-31
1913-09-07,1913,September,7,1913-09-01
1913-09-14,1913,September,14,1913-09-14
1913-09-21,1913,September,21,1913-09-21
1913-09-28,1913,September,28,1913-09-28
1913-10-05,1913,October,5,1913-10-01
1913-10-12,1913,October,12,1913-10-12
1913-10-19,1913,October,19,1913-10-19
1913-10-26,1913,October,26,1913-10-26
1913-11-02,1913,November,2,1913-11-01
1913-11-09,1913,November,9,1913-11-09
1913-11-16,1913,November,16,1913-11-16
1913-11-23,1913,November,23,1913-11-23
1913-11-30,1913,November,30,1913-11-30
1913-12-07,1913,December,7,1913-12-01
1913-12-14,1913,December,14,1913-12-14
1913-12-21,1913,December,21,1913-12-21
1913-12-28,1913,December,28,1913-12-28
1914-01-04,1914,January,4,1914-01-01
1914-01-11,1914,January,11,1914-01-11
1914-01-18,1914,January,18,1914-01-18
1914-01-25,1914,January,25,1914-01-25
1914-02-01,1914,February,1,1914-02-01
1914-02-08,1914,February,8,1914-02-08
1914-02-15,1914,February,15,1914-02-15
1914-02-22,1914,February,22,1914-02-22
1914-03-01,1914,March,1,1914-03-01
1914-03-08,1914,March,8,1914-03-08
1914-03-15,1914,March,15,1914-03-15
1914-03-22,1914,March,22,1914-03-22
1914-03-29,1914,March,29,1914-03-29
1914-04-05,1914,April,5,1914-04-01
1914-04-12,1914,April,12,1914-04-12
1914-04-19,1914,April,19,1914-04-19
1914-04-26,1914,April,26,1914-04-26
1914-05-03,1914,May,3,1914-05-01
1914-05-10,1914,May,10,1914-05-10
1914-05-17,1914,May,17,1914-05-17
1914-05-24,1914,May,24,1914-05-24
1914-05-31,1914,May,31,1914-05-31
1914-06-07,1914,June,7,1914-06-01
1914-06-14,1914,June,14,1914-06-14
1914-06-21,1914,June,21,1914-06-21
1914-06-28,1914,June,28,1914-06-28
1914-07-05,1914,July,5,1914-07-01
1914-07-12,1914,July,12,1914-07-12
1914-07-19,1914,July,19,1914-07-19
1914-07-26,1914,July,26,1914-07-26
1914-08-02,1914,August,2,1914-08-01
1914-08-09,1914,August,9,1914-08-09
1914-08-16,1914,August,16,1914-08-16
1914-08-23,1914,August,23,1914-08-23
1914-08-30,1914,August,30,1914-08-30
1914-09-06,1914,September,6,1914-09-01
1914-09-13,1914,September,13,1914-09-13
1914-09-20,1914,September,20,1914-09-20
1914-09-27,1914,September,27,1914-09-27
1914-10-04,1914,October,4,1914-10-01
1914-10-11,1914,October,11,1914-10-11
1914-10-18,1914,October,18,1914-10-18
1914-10-25,1914,October,25,1914-10-25
1914-11-01,1914,November,1,1914-11-01
1914-11-08,1914,November,8,1914-11-08
1914-11-15,1914,November,15,1914-11-15
1914-11-22,1914,November,22,1914-11-22
1914-11-29,1914,November,29,1914-11-29
1914-12-06,1914,December,6,1914-12-01
1914-12-13,1914,December,13,1914-12-13
1914-12-20,1914,December,20,1914-12-20
1914-12-27,1914,December,27,1914-12-27
1915-01-03,1915,January,3,1915-01-01
1915-01-10,1915,January,10,1915-01-10
1915-01-17,1915,January,17,1915-01-17
1915-01-24,1915,January,24,1915-01-24
1915-01-31,1915,January,31,1915-01-31
1915-02-07,1915,February,7,1915-02-01
1915-02-14,1915,February,14,1915-02-14
1915-02-21,1915,February,21,1915-02-21
1915-02-28,1915,February,28,1915-02-28
1915-03-07,1915,March,7,1915-03-01
1915-03-14,1915,March,14,1915-03-14
1915-03-21,1915,March,21,1915-03-21
1915-03-28,1915,March,28,1915-03-28
1915-04-04,1915,April,4,1915-04-01
1915-04-11,1915,April,11,1915-04-11
1915-04-18,1915,April,18,1915-04-18
1915-04-25,1915,April,25,1915-04-25
1915-05-02,1915,May,2,1915-05-01
1915-05-09,1915,May,9,1915-05-09
1915-05-16,1915,May,16,1915-05-16
1915-05-23,1915,May,23,1915-05-23
1915-05-30,1915,May,30,1915-05-30
1915-06-06,1915,June,6,1915-06-01
1915-06-13,1915,June,13,1915-06-13
1915-06-20,1915,June,20,1915-06-20
1915-06-27,1915,June,27,1915-06-27
1915-07-04,1915,July,4,1915-07-01
1915-07-11,1915,July,11,1915-07-11
1915-07-18,1915,July,18,1915-07-18
1915-07-25,1915,July,25,1915-07-25
1915-08-01,1915,August,1,1915-08-01
1915-08-08,1915,August,8,1915-08-08
1915-08-15,1915,August,15,1915-08-15
1915-08-22,1915,August,22,1915-08-22
1915-08-29,1915,August,29,1915-08-29
1915-09-05,1915,September,5,1915-09-01
1915-09-12,1915,September,12,1915-09-12
1915-09-19,1915,September,19,1915-09-19
1915-09-26,1915,September,26,1915-09-26
1915-10-03,1915,October,3,1915-10-01
1915-10-10,1915,October,10,1915-10-10
1915-10-17,1915,October,17,1915-10-17
1915-10-24,1915,October,24,1915-10-24
1915-10-31,1915,October,31,1915-10-31
1915-11-07,1915,November,7,1915-11-01
1915-11-14,1915,November,14,1915-11-14
1915-11-21,1915,November,21,1915-11-21
1915-11-28,1915,November,28,1915-11-28
1915-12-05,1915,December,5,1915-12-01
1915-12-12,1915,December,12,1915-12-12
1915-12-19,1915,December,19,1915-12-19
1915-12-26,1915,December,26,1915-12-26
1916-01-02,1916,January,2,1916-01-01
1916-01-09,1916,January,9,1916-01-09
1916-01-16,1916,January,16,1916-01-16
1916-01-23,1916,January,23,1916-01-23
1916-01-30,1916,January,30,1916-01-30
1916-02-06,1916,February,6,1916-02-01
1916-02-13,1916,February,13,1916-02-13
1916-02-20,1916,February,20,1916-02-20
1916-02-27,1916,February,27,1916-02-27
1916-03-05,1916,March,5,1916-03-01
1916-03-12,1916,March,12,1916-03-12
1916-03-19,1916,March,19,1916-03-19
1916-03-26,1916,March,26,1916-03-26
1916-04-02,1916,April,2,1916-04-01
1916-04-09,1916,April,9,1916-04-09
1916-04-16,1916,April,16,1916-04-16
1916-04-23,1916,April,23,1916-04-23
1916-04-30,1916,April,30,1916-04-30
1916-05-07,1916,May,7,1916-05-01
1916-05-14,1916,May,14,1916-05-14
1916-05-21,1916,May,21,1916-05-21
1916-05-28,1916,May,28,1916-05-28
1916-06-04,1916,June,4,1916-06-01
1916-06-11,1916,June,11,1916-06-11
1916-06-18,1916,June,18,1916-06-18
1916-06-25,1916,June,25,1916-06-25
1916-07-02,1916,July,2,1916-07-01
1916-07-09,1916,July,9,1916-07-09
1916-07-16,1916,July,16,1916-07-16
1916-07-23,1916,July,23,1916-07-23
1916-07-30,1916,July,30,1916-07-30
1916-08-06,1916,August,6,1916-08-01
1916-08-13,1916,August,13,1916-08-13
1916-08-20,1916,August,20,1916-08-20
1916-08-27,1916,August,27,1916-08-27
1916-09-03,1916,September,3,1916-09-01
1916-09-10,1916,September,10,1916-09-10
1916-09-17,1916,September,17,1916-09-17
1916-09-24,1916,September,24,1916-09-24
1916-10-01,1916,October,1,1916-10-01
1916-10-08,1916,October,8,1916-10-08
1916-10-15,1916,October,15,1916-10-15
1916-10-22,1916,October,22,1916-10-22
1916-10-29,1916,October,29,1916-10-29
1916-11-05,1916,November,5,1916-11-01
1916-11-12,1916,November,12,1916-11-12
1916-11-19,1916,November,19,1916-11-19
1916-11-26,1916,November,26,1916-11-26
1916-12-03,1916,December,3,1916-12-01
1916-12-10,1916,December,10,1916-12-10
1916-12-17,1916,December,17,1916-12-17
1916-12-24,1916,December,24,1916-12-24
1916-12-31,1916,December,31,1916-12-31
1917-01-07,1917,January,7,1917-01-01
1917-01-14,1917,January,14,1917-01-14
1917-01-21,1917,January,21,1917-01-21
1917-01-28,1917,January,28,1917-01-28
1917-02-04,1917,February,4,1917-02-01
1917-02-11,1917,February,11,1917-02-11
1917-02-18,1917,February,18,1917-02-18
1917-02-25,1917,February,25,1917-02-25
1917-03-04,1917,March,4,1917-03-01
1917-03-11,1917,March,11,1917-03-11
1917-03-18,1917,March,18,1917-03-18
1917-03-25,1917,March,25,1917-03-25
1917-04-01,1917,April,1,1917-04-01
1917-04-08,1917,April,8,1917-04-08
1917-04-15,1917,April,15,1917-04-15
1917-04-22,1917,April,22,1917-04-22
1917-04-29,1917,April,29,1917-04-29
1917-05-06,1917,May,6,1917-05-01
1917-05-13,1917,May,13,1917-05-13
1917-05-20,1917,May,20,1917-05-20
1917-05-27,1917,May,27,1917-05-27
1917-06-03,1917,June,3,1917-06-01
1917-06-10,1917,June,10,1917-06-10
1917-06-17,1917,June,17,1917-06-17
1917-06-24,1917,June,24,1917-06-24
1917-07-01,1917,July,1,1917-07-01
1917-07-08,1917,July,8,1917-07-08
1917-07-15,1917,July,15,1917-07-15
1917-07-22,1917,July,22,1917-07-22
1917-07-29,1917,July,29,1917-07-29
1917-08-05,1917,August,5,1917-08-01
1917-08-12,1917,August,12,1917-08-12
1917-08-19,1917,August,19,1917-08-19
1917-08-26,1917,August,26,1917-08-26
1917-09-02,1917,September,2,1917-09-01
1917-09-09,1917,September,9,1917-09-09
1917-09-16,1917,September,16,1917-09-16
1917-09-23,1917,September,23,1917-09-23
1917-09-30,1917,September,30,1917-09-30
1917-10-07,1917,October,7,1917-10-01
1917-10-14,1917,October,14,1917-10-14
1917-10-21,1917,October,21,1917-10-21
1917-10-28,1917,October,28,1917-10-28
1917-11-04,1917,November,4,1917-11-01
1917-11-11,1917,November,11,1917-11-11
1917-11-18,1917,November,18,1917-11-18
1917-11-25,1917,November,25,1917-11-25
1917-12-02,1917,December,2,1917-12-01
1917-12-09,1917,December,9,1917-12-09
1917-12-16,1917,December,16,1917-12-16
1917-12-23,1917,December,23,1917-12-23
1917-12-30,1917,December,30,1917-12-30
1918-01-06,1918,January,6,1918-01-01
1918-01-13,1918,January,13,1918-01-13
1918-01-20,1918,January,20,1918-01-20
1918-01-27,1918,January,27,1918-01-27
1918-02-03,1918,February,3,1918-02-01
1918-02-10,1918,February,10,1918-02-10
1918-02-17,1918,February,17,1918-02-17
1918-02-24,1918,February,24,1918-02-24
1918-03-03,1918,March,3,1918-03-01
1918-03-10,1918,March,10,1918-03-10
1918-03-17,1918,March,17,1918-03-17
1918-03-24,1918,March,24,1918-03-24
1918-03-31,1918,March,31,1918-03-31
1918-04-07,1918,April,7,1918-04-01
1918-04-14,1918,April,14,1918-04-14
1918-04-21,1918,April,21,1918-04-21
1918-04-28,1918,April,28,1918-04-28
1918-05-05,1918,May,5,1918-05-01
1918-05-12,1918,May,12,1918-05-12
1918-05-19,1918,May,19,1918-05-19
1918-05-26,1918,May,26,1918-05-26
1918-06-02,1918,June,2,1918-06-01
1918-06-09,1918,June,9,1918-06-09
1918-06-16,1918,June,16,1918-06-16
1918-06-23,1918,June,23,1918-06-23
1918-06-30,1918,June,30,1918-06-30
1918-07-07,1918,July,7,1918-07-01
1918-07-14,1918,July,14,1918-07-14
1918-07-21,1918,July,21,1918-07-21
1918-07-28,1918,July,28,1918-07-28
1918-08-04,1918,August,4,1918-08-01
1918-08-11,1918,August,11,1918-08-11
1918-08-18,1918,August,18,1918-08-18
1918-08-25,1918,August,25,1918-08-25
1918-09-01,1918,September,1,1918-09-01
1918-09-08,1918,September,8,1918-09-08
1918-09-15,1918,September,15,1918-09-15
1918-09-22,1918,September,22,1918-09-22
1918-09-29,1918,September,29,1918-09-29
1918-10-06,1918,October,6,1918-10-01
1918-10-13,1918,October,13,1918-10-13
1918-10-20,1918,October,20,1918-10-20
1918-10-27,1918,October,27,1918-10-27
1918-11-03,1918,November,3,1918-11-01
1918-11-10,1918,November,10,1918-11-10
1918-11-17,1918,November,17,1918-11-17
1918-11-24,1918,November,24,1918-11-24
1918-12-01,1918,December,1,1918-12-01
1918-12-08,1918,December,8,1918-12-08
1918-12-15,1918,December,15,1918-12-15
1918-12-22,1918,December,22,1918-12-22
1918-12-29,1918,December,29,1918-12-29
1919-01-05,1919,January,5,1919-01-01
1919-01-12,1919,January,12,1919-01-12
1919-01-19,1919,January,19,1919-01-19
1919-01-26,1919,January,26,1919-01-26
1919-02-02,1919,February,2,1919-02-01
1919-02-09,1919,February,9,1919-02-09
1919-02-16,1919,February,16,1919-02-16
1919-02-23,1919,February,23,1919-02-23
1919-03-02,1919,March,2,1919-03-01
1919-03-09,1919,March,9,1919-03-09
1919-03-16,1919,March,16,1919-03-16
1919-03-23,1919,March,23,1919-03-23
1919-03-30,1919,March,30,1919-03-30
1919-04-06,1919,April,6,1919-04-01
1919-04-13,1919,April,13,1919-04-13
1919-04-20,1919,April,20,1919-04-20
1919-04-27,1919,April,27,1919-04-27
1919-05-04,1919,May,4,1919-05-01
1919-05-11,1919,May,11,1919-05-11
1919-05-18,1919,May,18,1919-05-18
1919-05-25,1919,May,25,1919-05-25
1919-06-01,1919,June,1,1919-06-01
1919-06-08,1919,June,8,1919-06-08
1919-06-15,1919,June,15,1919-06-15
1919-06-22,1919,June,22,1919-06-22
1919-06-29,1919,June,29,1919-06-29
1919-07-06,1919,July,6,1919-07-01
1919-07-13,1919,July,13,1919-07-13
1919-07-20,1919,July,20,1919-07-20
1919-07-27,1919,July,27,1919-07-27
1919-08-03,1919,August,3,1919-08-01
1919-08-10,1919,August,10,1919-08-10
1919-08-17,1919,August,17,1919-08-17
1919-08-24,1919,August,24,1919-08-24
1919-08-31,1919,August,31,1919-08-31
1919-09-07,1919,September,7,1919-09-01
1919-09-14,1919,September,14,1919-09-14
1919-09-21,1919,September,21,1919-09-21
1919-09-28,1919,September,28,1919-09-28
1919-10-05,1919,October,5,1919-10-01
1919-10-12,1919,October,12,1919-10-12
1919-10-19,1919,October,19,1919-10-19
1919-10-26,1919,October,26,1919-10-26
1919-11-02,1919,November,2,1919-11-01
1919-11-09,1919,November,9,1919-11-09
1919-11-16,1919,November,16,1919-11-16
1919-11-23,1919,November,23,1919-11-23
1919-11-30,1919,November,30,1919-11-30
1919-12-07,1919,December,7,1919-12-01
1919-12-14,1919,December,14,1919-12-14
1919-12-21,1919,December,21,1919-12-21
1919-12-28,1919,December,28,1919-12-28
1920-01-04,1920,January,4,1920-01-01
1920-01-11,1920,January,11,1920-01-11
1920-01-18,1920,January,18,1920-01-18
1920-01-25,1920,January,25,1920-01-25
1920-02-01,1920,February,1,1920-02-01
1920-02-08,1920,February,8,1920-02-08
1920-02-15,1920,February,15,1920-02-15
1920-02-22,1920,February,22,1920-02-22
1920-02-29,1920,February,29,1920-02-29
1920-03-07,1920,March,7,1920-03-01
1920-03-14,1920,March,14,1920-03-14
1920-03-21,1920,March,21,1920-03-21
1920-03-28,1920,March,28,1920-03-28
1920-04-04,1920,April,4,1920-04-01
1920-04-11,1920,April,11,1920-04-11
1920-04-18,1920,April,18,1920-04-18
1920-04-25,1920,April,25,1920-04-25
1920-05-02,1920,May,2,1920-05-01
1920-05-09,1920,May,9,1920-05-09
1920-05-16,1920,May,16,1920-05-16
1920-05-23,1920,May,23,1920-05-23
1920-05-30,1920,May,30,1920-05-30
1920-06-06,1920,June,6,1920-06-01
1920-06-13,1920,June,13,1920-06-13
1920-06-20,1920,June,20,1920-06-20
1920-06-27,1920,June,27,1920-06-27
1920-07-04,1920,July,4,1920-07-01
1920-07-11,1920,July,11,1920-07-11
1920-07-18,1920,July,18,1920-07-18
1920-07-25,1920,July,25,1920-07-25
1920-08-01,1920,August,1,1920-08-01
1920-08-08,1920,August,8,1920-08-08
1920-08-15,1920,August,15,1920-08-15
1920-08-22,1920,August,22,1920-08-22
1920-08-29,1920,August,29,1920-08-29
1920-09-05,1920,September,5,1920-09-01
1920-09-12,1920,September,12,1920-09-12
1920-09-19,1920,September,19,1920-09-19
1920-09-26,1920,September,26,1920-09-26
1920-10-03,1920,October,3,1920-10-01
1920-10-10,1920,October,10,1920-10-10
1920-10-17,1920,October,17,1920-10-17
1920-10-24,1920,October,24,1920-10-24
1920-10-31,1920,October,31,1920-10-31
1920-11-07,1920,November,7,1920-11-01
1920-11-14,1920,November,14,1920-11-14
1920-11-21,1920,November,21,1920-11-21
1920-11-28,1920,November,28,1920-11-28
1920-12-05,1920,December,5,1920-12-01
1920-12-12,1920,December,12,1920-12-12
1920-12-19,1920,December,19,1920-12-19
1920-12-26,1920,December,26,1920-12-26
1921-01-02,1921,January,2,1921-01-01
1921-01-09,1921,January,9,1921-01-09
1921-01-16,1921,January,16,1921-01-16
1921-01-23,1921,January,23,1921-01-23
1921-01-30,1921,January,30,1921-01-30
1921-02-06,1921,February,6,1921-02-01
1921-02-13,1921,February,13,1921-02-13
1921-02-20,1921,February,20,1921-02-20
1921-02-27,1921,February,27,1921-02-27
1921-03-06,1921,March,6,1921-03-01
1921-03-13,1921,March,13,1921-03-13
1921-03-20,1921,March,20,1921-03-20
1921-03-27,1921,March,27,1921-03-27
1921-04-03,1921,April,3,1921-04-01
1921-04-10,1921,April,10,1921-04-10
1921-04-17,1921,April,17,1921-04-17
1921-04-24,1921,April,24,1921-04-24
1921-05-01,1921,May,1,1921-05-01
1921-05-08,1921,May,8,1921-05-08
1921-05-15,1921,May,15,1921-05-15
1921-05-22,1921,May,22,1921-05-22
1921-05-29,1921,May,29,1921-05-29
1921-06-05,1921,June,5,1921-06-01
1921-06-12,1921,June,12,1921-06-12
1921-06-19,1921,June,19,1921-06-19
1921-06-26,1921,June,26,1921-06-26
1921-07-03,1921,July,3,1921-07-01
1921-07-10,1921,July,10,1921-07-10
1921-07-17,1921,July,17,1921-07-17
1921-07-24,1921,July,24,1921-07-24
1921-07-31,1921,July,31,1921-07-31
1921-08-07,1921,August,7,1921-08-01
1921-08-14,1921,August,14,1921-08-14
1921-08-21,1921,August,21,1921-08-21
1921-08-28,1921,August,28,1921-08-28
1921-09-04,1921,September,4,1921-09-01
1921-09-11,1921,September,11,1921-09-11
1921-09-18,1921,September,18,1921-09-18
1921-09-25,1921,September,25,1921-09-25
1921-10-02,1921,October,2,1921-10-01
1921-10-09,1921,October,9,1921-10-09
1921-10-16,1921,October,16,1921-10-16
1921-10-23,1921,October,23,1921-10-23
1921-10-30,1921,October,30,1921-10-30
1921-11-06,1921,November,6,1921-11-01
1921-11-13,1921,November,13,1921-11-13
1921-11-20,1921,November,20,1921-11-20
1921-11-27,1921,November,27,1921-11-27
1921-12-04,1921,December,4,1921-12-01
1921-12-11,1921,December,11,1921-12-11
1921-12-18,1921,December,18,1921-12-18
1921-12-25,1921,December,25,1921-12-25
1922-01-01,1922,January,1,1922-01-01
1922-01-08,1922,January,8,1922-01-08
1922-01-15,1922,January,15,1922-01-15
1922-01-22,1922,January,22,1922-01-22
1922-01-29,1922,January,29,1922-01-29
1922-02-05,1922,February,5,1922-02-01
1922-02-12,1922,February,12,1922-02-12
1922-02-19,1922,February,19,1922-02-19
1922-02-26,1922,February,26,1922-02-26
1922-03-05,1922,March,5,1922-03-01
1922-03-12,1922,March,12,1922-03-12
1922-03-19,1922,March,19,1922-03-19
1922-03-26,1922,March,26,1922-03-26
1922-04-02,1922,April,2,1922-04-01
1922-04-09,1922,April,9,1922-04-09
1922-04-16,1922,April,16,1922-04-16
1922-04-23,1922,April,23,1922-04-23
1922-04-30,1922,April,30,1922-04-30
1922-05-07,1922,May,7,1922-05-01
1922-05-14,1922,May,14,1922-05-14
1922-05-21,1922,May,21,1922-05-21
1922-05-28,1922,May,28,1922-05-28
1922-06-04,1922,June,4,1922-06-01
1922-06-11,1922,June,11,1922-06-11
1922-06-18,1922,June,18,1922-06-18
1922-06-25,1922,June,25,1922-06-25
1922-07-02,1922,July,2,1922-07-01
1922-07-09,1922,July,9,1922-07-09
1922-07-16,1922,July,16,1922-07-16
1922-07-23,1922,July,23,1922-07-23
1922-07-30,1922,July,30,1922-07-30
1922-08-06,1922,August,6,1922-08-01
1922-08-13,1922,August,13,1922-08-13
1922-08-20,1922,August,20,1922-08-20
1922-08-27,1922,August,27,1922-08-27
1922-09-03,1922,September,3,1922-09-01
1922-09-10,1922,September,10,1922-09-10
1922-09-17,1922,September,17,1922-09-17
1922-09-24,1922,September,24,1922-09-24
1922-10-01,1922,October,1,1922-10-01
1922-10-08,1922,October,8,1922-10-08
1922-10-15,1922,October,15,1922-10-15
1922-10-22,1922,October,22,1922-10-22
1922-10-29,1922,October,29,1922-10-29
1922-11-05,1922,November,5,1922-11-01
1922-11-12,1922,November,12,1922-11-12
1922-11-19,1922,November,19,1922-11-19
1922-11-26,1922,November,26,1922-11-26
1922-12-03,1922,December,3,1922-12-01
1922-12-10,1922,December,10,1922-12-10
1922-12-17,1922,December,17,1922-12-17
1922-12-24,1922,December,24,1922-12-24
1922-12-31,1922,December,31,1922-12-31
1923-01-07,1923,January,7,1923-01-01
1923-01-14,1923,January,14,1923-01-14
1923-01-21,1923,January,21,1923-01-21
1923-01-28,1923,January,28,1923-01-28
1923-02-04,1923,February,4,1923-02-01
1923-02-11,1923,February,11,1923-02-11
1923-02-18,1923,February,18,1923-02-18
1923-02-25,1923,February,25,1923-02-25
1923-03-04,1923,March,4,1923-03-01
1923-03-11,1923,March,11,1923-03-11
1923-03-18,1923,March,18,1923-03-18
1923-03-25,1923,March,25,1923-03-25
1923-04-01,1923,April,1,1923-04-01
1923-04-08,1923,April,8,1923-04-08
1923-04-15,1923,April,15,1923-04-15
1923-04-22,1923,April,22,1923-04-22
1923-04-29,1923,April,29,1923-04-29
1923-05-06,1923,May,6,1923-05-01
1923-05-13,1923,May,13,1923-05-13
1923-05-20,1923,May,20,1923-05-20
1923-05-27,1923,May,27,1923-05-27
1923-06-03,1923,June,3,1923-06-01
1923-06-10,1923,June,10,1923-06-10
1923-06-17,1923,June,17,1923-06-17
1923-06-24,1923,June,24,1923-06-24
1923-07-01,1923,July,1,1923-07-01
1923-07-08,1923,July,8,1923-07-08
1923-07-15,1923,July,15,1923-07-15
1923-07-22,1923,July,22,1923-07-22
1923-07-29,1923,July,29,1923-07-29
1923-08-05,1923,August,5,1923-08-01
1923-08-12,1923,August,12,1923-08-12
1923-08-19,1923,August,19,1923-08-19
1923-08-26,1923,August,26,1923-08-26
1923-09-02,1923,September,2,1923-09-01
1923-09-09,1923,September,9,1923-09-09
1923-09-16,1923,September,16,1923-09-16
1923-09-23,1923,September,23,1923-09-23
1923-09-30,1923,September,30,1923-09-30
1923-10-07,1923,October,7,1923-10-01
1923-10-14,1923,October,14,1923-10-14
1923-10-21,1923,October,21,1923-10-21
1923-10-28,1923,October,28,1923-10-28
1923-11-04,1923,November,4,1923-11-01
1923-11-11,1923,November,11,1923-11-11
1923-11-18,1923,November,18,1923-11-18
1923-11-25,1923,November,25,1923-11-25
1923-12-02,1923,December,2,1923-12-01
1923-12-09,1923,December,9,1923-12-09
1923-12-16,1923,December,16,1923-12-16
1923-12-23,1923,December,23,1923-12-23
1923-12-30,1923,December,30,1923-12-30
1924-01-06,1924,January,6,1924-01-01
1924-01-13,1924,January,13,1924-01-13
1924-01-20,1924,January,20,1924-01-20
1924-01-27,1924,January,27,1924-01-27
1924-02-03,1924,February,3,1924-02-01
1924-02-10,1924,February,10,1924-02-10
1924-02-17,1924,February,17,1924-02-17
1924-02-24,1924,February,24,1924-02-24
1924-03-02,1924,March,2,1924-03-01
1924-03-09,1924,March,9,1924-03-09
1924-03-16,1924,March,16,1924-03-16
1924-03-23,1924,March,23,1924-03-23
1924-03-30,1924,March,30,1924-03-30
1924-04-06,1924,April,6,1924-04-01
1924-04-13,1924,April,13,1924-04-13
1924-04-20,1924,April,20,1924-04-20
1924-04-27,1924,April,27,1924-04-27
1924-05-04,1924,May,4,1924-05-01
1924-05-11,1924,May,11,1924-05-11
1924-05-18,1924,May,18,1924-05-18
1924-05-25,1924,May,25,1924-05-25
1924-06-01,1924,June,1,1924-06-01
1924-06-08,1924,June,8,1924-06-08
1924-06-15,1924,June,15,1924-06-15
1924-06-22,1924,June,22,1924-06-22
1924-06-29,1924,June,29,1924-06-29
1924-07-06,1924,July,6,1924-07-01
1924-07-13,1924,July,13,1924-07-13
1924-07-20,1924,July,20,1924-07-20
1924-07-27,1924,July,27,1924-07-27
1924-08-03,1924,August,3,1924-08-01
1924-08-10,1924,August,10,1924-08-10
1924-08-17,1924,August,17,1924-08-17
1924-08-24,1924,August,24,1924-08-24
1924-08-31,1924,August,31,1924-08-31
1924-09-07,1924,September,7,1924-09-01
1924-09-14,1924,September,14,1924-09-14
1924-09-21,1924,September,21,1924-09-21
1924-09-28,1924,September,28,1924-09-28
1924-10-05,1924,October,5,1924-10-01
1924-10-12,1924,October,12,1924-10-12
1924-10-19,1924,October,19,1924-10-19
1924-10-26,1924,October,26,1924-10-26
1924-11-02,1924,November,2,1924-11-01
1924-11-09,1924,November,9,1924-11-09
1924-11-16,1924,November,16,1924-11-16
1924-11-23,1924,November,23,1924-11-23
1924-11-30,1924,November,30,1924-11-30
1924-12-07,1924,December,7,1924-12-01
1924-12-14,1924,December,14,1924-12-14
1924-12-21,1924,December,21,1924-12-21
1924-12-28,1924,December,28,1924-12-28
1925-01-04,1925,January,4,1925-01-01
1925-01-11,1925,January,11,1925-01-11
1925-01-18,1925,January,18,1925-01-18
1925-01-25,1925,January,25,1925-01-25
1925-02-01,1925,February,1,1925-02-01
1925-02-08,1925,February,8,1925-02-08
1925-02-15,1925,February,15,1925-02-15
1925-02-22,1925,February,22,1925-02-22
1925-03-01,1925,March,1,1925-03-01
1925-03-08,1925,March,8,1925-03-08
1925-03-15,1925,March,15,1925-03-15
1925-03-22,1925,March,22,1925-03-22
1925-03-29,1925,March,29,1925-03-29
1925-04-05,1925,April,5,1925-04-01
1925-04-12,1925,April,12,1925-04-12
1925-04-19,1925,April,19,1925-04-19
1925-04-26,1925,April,26,1925-04-26
1925-05-03,1925,May,3,1925-05-01
1925-05-10,1925,May,10,1925-05-10
1925-05-17,1925,May,17,1925-05-17
1925-05-24,1925,May,24,1925-05-24
1925-05-31,1925,May,31,1925-05-31
1925-06-07,1925,June,7,1925-06-01
1925-06-14,1925,June,14,1925-06-14
1925-06-21,1925,June,21,1925-06-21
1925-06-28,1925,June,28,1925-06-28
1925-07-05,1925,July,5,1925-07-01
1925-07-12,1925,July,12,1925-07-12
1925-07-19,1925,July,19,1925-07-19
1925-07-26,1925,July,26,1925-07-26
1925-08-02,1925,August,2,1925-08-01
1925-08-09,1925,August,9,1925-08-09
1925-08-16,1925,August,16,1925-08-16
1925-08-23,1925,August,23,1925-08-23
1925-08-30,1925,August,30,1925-08-30
1925-09-06,1925,September,6,1925-09-01
1925-09-13,1925,September,13,1925-09-13
1925-09-20,1925,September,20,1925-09-20
1925-09-27,1925,September,27,1925-09-27
1925-10-04,1925,October,4,1925-10-01
1925-10-11,1925,October,11,1925-10-11
1925-10-18,1925,October,18,1925-10-18
1925-10-25,1925,October,25,1925-10-25
1925-11-01,1925,November,1,1925-11-01
1925-11-08,1925,November,8,1925-11-08
1925-11-15,1925,November,15,1925-11-15
1925-11-22,1925,November,22,1925-11-22
1925-11-29,1925,November,29,1925-11-29
1925-12-06,1925,December,6,1925-12-01
1925-12-13,1925,December,13,1925-12-13
1925-12-20,1925,December,20,1925-12-20
1925-12-27,1925,December,27,1925-12-27
1926-01-03,1926,January,3,1926-01-01
1926-01-10,1926,January,10,1926-01-10
1926-01-17,1926,January,17,1926-01-17
1926-01-24,1926,January,24,1926-01-24
1926-01-31,1926,January,31,1926-01-31
1926-02-07,1926,February,7,1926-02-01
1926-02-14,1926,February,14,1926-02-14
1926-02-21,1926,February,21,1926-02-21
1926-02-28,1926,February,28,1926-02-28
1926-03-07,1926,March,7,1926-03-01
1926-03-14,1926,March,14,1926-03-14
1926-03-21,1926,March,21,1926-03-21
1926-03-28,1926,March,28,1926-03-28
1926-04-04,1926,April,4,1926-04-01
1926-04-11,1926,April,11,1926-04-11
1926-04-18,1926,April,18,1926-04-18
1926-04-25,1926,April,25,1926-04-25
1926-05-02,1926,May,2,1926-05-01
1926-05-09,1926,May,9,1926-05-09
1926-05-16,1926,May,16,1926-05-16
1926-05-23,1926,May,23,1926-05-23
1926-05-30,1926,May,30,1926-05-30
1926-06-06,1926,June,6,1926-06-01
1926-06-13,1926,June,13,1926-06-13
1926-06-20,1926,June,20,1926-06-20
1926-06-27,1926,June,27,1926-06-27
1926-07-04,1926,July,4,1926-07-01
1926-07-11,1926,July,11,1926-07-11
1926-07-18,1926,July,18,1926-07-18
1926-07-25,1926,July,25,1926-07-25
1926-08-01,1926,August,1,1926-08-01
1926-08-08,1926,August,8,1926-08-08
1926-08-15,1926,August,15,1926-08-15
1926-08-22,1926,August,22,1926-08-22
1926-08-29,1926,August,29,1926-08-29
1926-09-05,1926,September,5,1926-09-01
1926-09-12,1926,September,12,1926-09-12
1926-09-19,1926,September,19,1926-09-19
1926-09-26,1926,September,26,1926-09-26
1926-10-03,1926,October,3,1926-10-01
1926-10-10,1926,October,10,1926-10-10
1926-10-17,1926,October,17,1926-10-17
1926-10-24,1926,October,24,1926-10-24
1926-10-31,1926,October,31,1926-10-31
1926-11-07,1926,November,7,1926-11-01
1926-11-14,1926,November,14,1926-11-14
1926-11-21,1926,November,21,1926-11-21
1926-11-28,1926,November,28,1926-11-28
1926-12-05,1926,December,5,1926-12-01
1926-12-12,1926,December,12,1926-12-12
1926-12-19,1926,December,19,1926-12-19
1926-12-26,1926,December,26,1926-12-26
1927-01-02,1927,January,2,1927-01-01
1927-01-09,1927,January,9,1927-01-09
1927-01-16,1927,January,16,1927-01-16
1927-01-23,1927,January,23,1927-01-23
1927-01-30,1927,January,30,1927-01-30
1927-02-06,1927,February,6,1927-02-01
1927-02-13,1927,February,13,1927-02-13
1927-02-20,1927,February,20,1927-02-20
1927-02-27,1927,February,27,1927-02-27
1927-03-06,1927,March,6,1927-03-01
1927-03-13,1927,March,13,1927-03-13
1927-03-20,1927,March,20,1927-03-20
1927-03-27,1927,March,27,1927-03-27
1927-04-03,1927,April,3,1927-04-01
1927-04-10,1927,April,10,1927-04-10
1927-04-17,1927,April,17,1927-04-17
1927-04-24,1927,April,24,1927-04-24
1927-05-01,1927,May,1,1927-05-01
1927-05-08,1927,May,8,1927-05-08
1927-05-15,1927,May,15,1927-05-15
1927-05-22,1927,May,22,1927-05-22
1927-05-29,1927,May,29,1927-05-29
1927-06-05,1927,June,5,1927-06-01
1927-06-12,1927,June,12,1927-06-12
1927-06-19,1927,June,19,1927-06-19
1927-06-26,1927,June,26,1927-06-26
1927-07-03,1927,July,3,1927-07-01
1927-07-10,1927,July,10,1927-07-10
1927-07-17,1927,July,17,1927-07-17
1927-07-24,1927,July,24,1927-07-24
1927-07-31,1927,July,31,1927-07-31
1927-08-07,1927,August,7,1927-08-01
1927-08-14,1927,August,14,1927-08-14
1927-08-21,1927,August,21,1927-08-21
1927-08-28,1927,August,28,1927-08-28
1927-09-04,1927,September,4,1927-09-01
1927-09-11,1927,September,11,1927-09-11
1927-09-18,1927,September,18,1927-09-18
1927-09-25,1927,September,25,1927-09-25
1927-10-02,1927,October,2,1927-10-01
1927-10-09,1927,October,9,1927-10-09
1927-10-16,1927,October,16,1927-10-16
1927-10-23,1927,October,23,1927-10-23
1927-10-30,1927,October,30,1927-10-30
1927-11-06,1927,November,6,1927-11-01
1927-11-13,1927,November,13,1927-11-13
1927-11-20,1927,November,20,1927-11-20
1927-11-27,1927,November,27,1927-11-27
1927-12-04,1927,December,4,1927-12-01
1927-12-11,1927,December,11,1927-12-11
1927-12-18,1927,December,18,1927-12-18
1927-12-25,1927,December,25,1927-12-25
1928-01-01,1928,January,1,1928-01-01
1928-01-08,1928,January,8,1928-01-08
1928-01-15,1928,January,15,1928-01-15
1928-01-22,1928,January,22,1928-01-22
1928-01-29,1928,January,29,1928-01-29
1928-02-05,1928,February,5,1928-02-01
1928-02-12,1928,February,12,1928-02-12
1928-02-19,1928,February,19,1928-02-19
1928-02-26,1928,February,26,1928-02-26
1928-03-04,1928,March,4,1928-03-01
1928-03-11,1928,March,11,1928-03-11
1928-03-18,1928,March,18,1928-03-18
1928-03-25,1928,March,25,1928-03-25
1928-04-01,1928,April,1,1928-04-01
1928-04-08,1928,April,8,1928-04-08
1928-04-15,1928,April,15,1928-04-15
1928-04-22,1928,April,22,1928-04-22
1928-04-29,1928,April,29,1928-04-29
1928-05-06,1928,May,6,1928-05-01
1928-05-13,1928,May,13,1928-05-13
1928-05-20,1928,May,20,1928-05-20
1928-05-27,1928,May,27,1928-05-27
1928-06-03,1928,June,3,1928-06-01
1928-06-10,1928,June,10,1928-06-10
1928-06-17,1928,June,17,1928-06-17
1928-06-24,1928,June,24,1928-06-24
1928-07-01,1928,July,1,1928-07-01
1928-07-08,1928,July,8,1928-07-08
1928-07-15,1928,July,15,1928-07-15
1928-07-22,1928,July,22,1928-07-22
1928-07-29,1928,July,29,1928-07-29
1928-08-05,1928,August,5,1928-08-01
1928-08-12,1928,August,12,1928-08-12
1928-08-19,1928,August,19,1928-08-19
1928-08-26,1928,August,26,1928-08-26
1928-09-02,1928,September,2,1928-09-01
1928-09-09,1928,September,9,1928-09-09
1928-09-16,1928,September,16,1928-09-16
1928-09-23,1928,September,23,1928-09-23
1928-09-30,1928,September,30,1928-09-30
1928-10-07,1928,October,7,1928-10-01
1928-10-14,1928,October,14,1928-10-14
1928-10-21,1928,October,21,1928-10-21
1928-10-28,1928,October,28,1928-10-28
1928-11-04,1928,November,4,1928-11-01
1928-11-11,1928,November,11,1928-11-11
1928-11-18,1928,November,18,1928-11-18
1928-11-25,1928,November,25,1928-11-25
1928-12-02,1928,December,2,1928-12-01
1928-12-09,1928,December,9,1928-12-09
1928-12-16,1928,December,16,1928-12-16
1928-12-23,1928,December,23,1928-12-23
1928-12-30,1928,December,30,1928-12-30
1929-01-06,1929,January,6,1929-01-01
1929-01-13,1929,January,13,1929-01-13
1929-01-20,1929,January,20,1929-01-20
1929-01-27,1929,January,27,1929-01-27
1929-02-03,1929,February,3,1929-02-01
1929-02-10,1929,February,10,1929-02-10
1929-02-17,1929,February,17,1929-02-17
1929-02-24,1929,February,24,1929-02-24
1929-03-03,1929,March,3,1929-03-01
1929-03-10,1929,March,10,1929-03-10
1929-03-17,1929,March,17,1929-03-17
1929-03-24,1929,March,24,1929-03-24
1929-03-31,1929,March,31,1929-03-31
1929-04-07,1929,April,7,1929-04-01
1929-04-14,1929,April,14,1929-04-14
1929-04-21,1929,April,21,1929-04-21
1929-04-28,1929,April,28,1929-04-28
1929-05-05,1929,May,5,1929-05-01
1929-05-12,1929,May,12,1929-05-12
1929-05-19,1929,May,19,1929-05-19
1929-05-26,1929,May,26,1929-05-26
1929-06-02,1929,June,2,1929-06-01
1929-06-09,1929,June,9,1929-06-09
1929-06-16,1929,June,16,1929-06-16
1929-06-23,1929,June,23,1929-06-23
1929-06-30,1929,June,30,1929-06-30
1929-07-07,1929,July,7,1929-07-01
1929-07-14,1929,July,14,1929-07-14
1929-07-21,1929,July,21,1929-07-21
1929-07-28,1929,July,28,1929-07-28
1929-08-04,1929,August,4,1929-08-01
1929-08-11,1929,August,11,1929-08-11
1929-08-18,1929,August,18,1929-08-18
1929-08-25,1929,August,25,1929-08-25
1929-09-01,1929,September,1,1929-09-01
1929-09-08,1929,September,8,1929-09-08
1929-09-15,1929,September,15,1929-09-15
1929-09-22,1929,September,22,1929-09-22
1929-09-29,1929,September,29,1929-09-29
1929-10-06,1929,October,6,1929-10-01
1929-10-13,1929,October,13,1929-10-13
1929-10-20,1929,October,20,1929-10-20
1929-10-27,1929,October,27,1929-10-27
1929-11-03,1929,November,3,1929-11-01
1929-11-10,1929,November,10,1929-11-10
1929-11-17,1929,November,17,1929-11-17
1929-11-24,1929,November,24,1929-11-24
1929-12-01,1929,December,1,1929-12-01
1929-12-08,1929,December,8,1929-12-08
1929-12-15,1929,December,15,1929-12-15
1929-12-22,1929,December,22,1929-12-22
1929-12-29,1929,December,29,1929-12-29
1930-01-05,1930,January,5,1930-01-01
1930-01-12,1930,January,12,1930-01-12
1930-01-19,1930,January,19,1930-01-19
1930-01-26,1930,January,26,1930-01-26
1930-02-02,1930,February,2,1930-02-01
1930-02-09,1930,February,9,1930-02-09
1930-02-16,1930,February,16,1930-02-16
1930-02-23,1930,February,23,1930-02-23
1930-03-02,1930,March,2,1930-03-01
1930-03-09,1930,March,9,1930-03-09
1930-03-16,1930,March,16,1930-03-16
1930-03-23,1930,March,23,1930-03-23
1930-03-30,1930,March,30,1930-03-30
1930-04-06,1930,April,6,1930-04-01
1930-04-13,1930,April,13,1930-04-13
1930-04-20,1930,April,20,1930-04-20
1930-04-27,1930,April,27,1930-04-27
1930-05-04,1930,May,4,1930-05-01
1930-05-11,1930,May,11,1930-05-11
1930-05-18,1930,May,18,1930-05-18
1930-05-25,1930,May,25,1930-05-25
1930-06-01,1930,June,1,1930-06-01
1930-06-08,1930,June,8,1930-06-08
1930-06-15,1930,June,15,1930-06-15
1930-06-22,1930,June,22,1930-06-22
1930-06-29,1930,June,29,1930-06-29
1930-07-06,1930,July,6,1930-07-01
1930-07-13,1930,July,13,1930-07-13
1930-07-20,1930,July,20,1930-07-20
1930-07-27,1930,July,27,1930-07-27
1930-08-03,1930,August,3,1930-08-01
1930-08-10,1930,August,10,1930-08-10
1930-08-17,1930,August,17,1930-08-17
1930-08-24,1930,August,24,1930-08-24
1930-08-31,1930,August,31,1930-08-31
1930-09-07,1930,September,7,1930-09-01
1930-09-14,1930,September,14,1930-09-14
1930-09-21,1930,September,21,1930-09-21
1930-09-28,1930,September,28,1930-09-28
1930-10-05,1930,October,5,1930-10-01
1930-10-12,1930,October,12,1930-10-12
1930-10-19,1930,October,19,1930-10-19
1930-10-26,1930,October,26,1930-10-26
1930-11-02,1930,November,2,1930-11-01
1930-11-09,1930,November,9,1930-11-09
1930-11-16,1930,November,16,1930-11-16
1930-11-23,1930,November,23,1930-11-23
1930-11-30,1930,November,30,1930-11-30
1930-12-07,1930,December,7,1930-12-01
1930-12-14,1930,December,14,1930-12-14
1930-12-21,1930,December,21,1930-12-21
1930-12-28,1930,December,28,1930-12-28
1931-01-04,1931,January,4,1931-01-01
1931-01-11,1931,January,11,1931-01-11
1931-01-18,1931,January,18,1931-01-18
1931-01-25,1931,January,25,1931-01-25
1931-02-01,1931,February,1,1931-02-01
1931-02-08,1931,February,8,1931-02-08
1931-02-15,1931,February,15,1931-02-15
1931-02-22,1931,February,22,1931-02-22
1931-03-01,1931,March,1,1931-03-01
1931-03-08,1931,March,8,1931-03-08
1931-03-15,1931,March,15,1931-03-15
1931-03-22,1931,March,22,1931-03-22
1931-03-29,1931,March,29,1931-03-29
1931-04-05,1931,April,5,1931-04-01
1931-04-12,1931,April,12,1931-04-12
1931-04-19,1931,April,19,1931-04-19
1931-04-26,1931,April,26,1931-04-26
1931-05-03,1931,May,3,1931-05-01
1931-05-10,1931,May,10,1931-05-10
1931-05-17,1931,May,17,1931-05-17
1931-05-24,1931,May,24,1931-05-24
1931-05-31,1931,May,31,1931-05-31
1931-06-07,1931,June,7,1931-06-01
1931-06-14,1931,June,14,1931-06-14
1931-06-21,1931,June,21,1931-06-21
1931-06-28,1931,June,28,1931-06-28
1931-07-05,1931,July,5,1931-07-01
1931-07-12,1931,July,12,1931-07-12
1931-07-19,1931,July,19,1931-07-19
1931-07-26,1931,July,26,1931-07-26
1931-08-02,1931,August,2,1931-08-01
1931-08-09,1931,August,9,1931-08-09
1931-08-16,1931,August,16,1931-08-16
1931-08-23,1931,August,23,1931-08-23
1931-08-30,1931,August,30,1931-08-30
1931-09-06,1931,September,6,1931-09-01
1931-09-13,1931,September,13,1931-09-13
1931-09-20,1931,September,20,1931-09-20
1931-09-27,1931,September,27,1931-09-27
1931-10-04,1931,October,4,1931-10-01
1931-10-11,1931,October,11,1931-10-11
1931-10-18,1931,October,18,1931-10-18
1931-10-25,1931,October,25,1931-10-25
1931-11-01,1931,November,1,1931-11-01
1931-11-08,1931,November,8,1931-11-08
1931-11-15,1931,November,15,1931-11-15
1931-11-22,1931,November,22,1931-11-22
1931-11-29,1931,November,29,1931-11-29
1931-12-06,1931,December,6,1931-12-01
1931-12-13,1931,December,13,1931-12-13
1931-12-20,1931,December,20,1931-12-20
1931-12-27,1931,December,27,1931-12-27
1932-01-03,1932,January,3,1932-01-01
1932-01-10,1932,January,10,1932-01-10
1932-01-17,1932,January,17,1932-01-17
1932-01-24,1932,January,24,1932-01-24
1932-01-31,1932,January,31,1932-01-31
1932-02-07,1932,February,7,1932-02-01
1932-02-14,1932,February,14,1932-02-14
1932-02-21,1932,February,21,1932-02-21
1932-02-28,1932,February,28,1932-02-28
1932-03-06,1932,March,6,1932-03-01
1932-03-13,1932,March,13,1932-03-13
1932-03-20,1932,March,20,1932-03-20
1932-03-27,1932,March,27,1932-03-27
1932-04-03,1932,April,3,1932-04-01
1932-04-10,1932,April,10,1932-04-10
1932-04-17,1932,April,17,1932-04-17
1932-04-24,1932,April,24,1932-04-24
1932-05-01,1932,May,1,1932-05-01
1932-05-08,1932,May,8,1932-05-08
1932-05-15,1932,May,15,1932-05-15
1932-05-22,1932,May,22,1932-05-22
1932-05-29,1932,May,29,1932-05-29
1932-06-05,1932,June,5,1932-06-01
1932-06-12,1932,June,12,1932-06-12
1932-06-19,1932,June,19,1932-06-19
1932-06-26,1932,June,26,1932-06-26
1932-07-03,1932,July,3,1932-07-01
1932-07-10,1932,July,10,1932-07-10
1932-07-17,1932,July,17,1932-07-17
1932-07-24,1932,July,24,1932-07-24
1932-07-31,1932,July,31,1932-07-31
1932-08-07,1932,August,7,1932-08-01
1932-08-14,1932,August,14,1932-08-14
1932-08-21,1932,August,21,1932-08-21
1932-08-28,1932,August,28,1932-08-28
1932-09-04,1932,September,4,1932-09-01
1932-09-11,1932,September,11,1932-09-11
1932-09-18,1932,September,18,1932-09-18
1932-09-25,1932,September,25,1932-09-25
1932-10-02,1932,October,2,1932-10-01
1932-10-09,1932,October,9,1932-10-09
1932-10-16,1932,October,16,1932-10-16
1932-10-23,1932,October,23,1932-10-23
1932-10-30,1932,October,30,1932-10-30
1932-11-06,1932,November,6,1932-11-01
1932-11-13,1932,November,13,1932-11-13
1932-11-20,1932,November,20,1932-11-20
1932-11-27,1932,November,27,1932-11-27
1932-12-04,1932,December,4,1932-12-01
1932-12-11,1932,December,11,1932-12-11
1932-12-18,1932,December,18,1932-12-18
1932-12-25,1932,December,25,1932-12-25
1933-01-01,1933,January,1,1933-01-01
1933-01-08,1933,January,8,1933-01-08
1933-01-15,1933,January,15,1933-01-15
1933-01-22,1933,January,22,1933-01-22
1933-01-29,1933,January,29,1933-01-29
1933-02-05,1933,February,5,1933-02-01
1933-02-12,1933,February,12,1933-02-12
1933-02-19,1933,February,19,1933-02-19
1933-02-26,1933,February,26,1933-02-26
1933-03-05,1933,March,5,1933-03-01
1933-03-12,1933,March,12,1933-03-12
1933-03-19,1933,March,19,1933-03-19
1933-03-26,1933,March,26,1933-03-26
1933-04-02,1933,April,2,1933-04-01
1933-04-09,1933,April,9,1933-04-09
1933-04-16,1933,April,16,1933-04-16
1933-04-23,1933,April,23,1933-04-23
1933-04-30,1933,April,30,1933-04-30
1933-05-07,1933,May,7,1933-05-01
1933-05-14,1933,May,14,1933-05-14
1933-05-21,1933,May,21,1933-05-21
1933-05-28,1933,May,28,1933-05-28
1933-06-04,1933,June,4,1933-06-01
1933-06-11,1933,June,11,1933-06-11
1933-06-18,1933,June,18,1933-06-18
1933-06-25,1933,June,25,1933-06-25
1933-07-02,1933,July,2,1933-07-01
1933-07-09,1933,July,9,1933-07-09
1933-07-16,1933,July,16,1933-07-16
1933-07-23,1933,July,23,1933-07-23
1933-07-30,1933,July,30,1933-07-30
1933-08-06,1933,August,6,1933-08-01
1933-08-13,1933,August,13,1933-08-13
1933-08-20,1933,August,20,1933-08-20
1933-08-27,1933,August,27,1933-08-27
1933-09-03,1933,September,3,1933-09-01
1933-09-10,1933,September,10,1933-09-10
1933-09-17,1933,September,17,1933-09-17
1933-09-24,1933,September,24,1933-09-24
1933-10-01,1933,October,1,1933-10-01
1933-10-08,1933,October,8,1933-10-08
1933-10-15,1933,October,15,1933-10-15
1933-10-22,1933,October,22,1933-10-22
1933-10-29,1933,October,29,1933-10-29
1933-11-05,1933,November,5,1933-11-01
1933-11-12,1933,November,12,1933-11-12
1933-11-19,1933,November,19,1933-11-19
1933-11-26,1933,November,26,1933-11-26
1933-12-03,1933,December,3,1933-12-01
1933-12-10,1933,December,10,1933-12-10
1933-12-17,1933,December,17,1933-12-17
1933-12-24,1933,December,24,1933-12-24
1933-12-31,1933,December,31,1933-12-31
1934-01-07,1934,January,7,1934-01-01
1934-01-14,1934,January,14,1934-01-14
1934-01-21,1934,January,21,1934-01-21
1934-01-28,1934,January,28,1934-01-28
1934-02-04,1934,February,4,1934-02-01
1934-02-11,1934,February,11,1934-02-11
1934-02-18,1934,February,18,1934-02-18
1934-02-25,1934,February,25,1934-02-25
1934-03-04,1934,March,4,1934-03-01
1934-03-11,1934,March,11,1934-03-11
1934-03-18,1934,March,18,1934-03-18
1934-03-25,1934,March,25,1934-03-25
1934-04-01,1934,April,1,1934-04-01
1934-04-08,1934,April,8,1934-04-08
1934-04-15,1934,April,15,1934-04-15
1934-04-22,1934,April,22,1934-04-22
1934-04-29,1934,April,29,1934-04-29
1934-05-06,1934,May,6,1934-05-01
1934-05-13,1934,May,13,1934-05-13
1934-05-20,1934,May,20,1934-05-20
1934-05-27,1934,May,27,1934-05-27
1934-06-03,1934,June,3,1934-06-01
1934-06-10,1934,June,10,1934-06-10
1934-06-17,1934,June,17,1934-06-17
1934-06-24,1934,June,24,1934-06-24
1934-07-01,1934,July,1,1934-07-01
1934-07-08,1934,July,8,1934-07-08
1934-07-15,1934,July,15,1934-07-15
1934-07-22,1934,July,22,1934-07-22
1934-07-29,1934,July,29,1934-07-29
1934-08-05,1934,August,5,1934-08-01
1934-08-12,1934,August,12,1934-08-12
1934-08-19,1934,August,19,1934-08-19
1934-08-26,1934,August,26,1934-08-26
1934-09-02,1934,September,2,1934-09-01
1934-09-09,1934,September,9,1934-09-09
1934-09-16,1934,September,16,1934-09-16
1934-09-23,1934,September,23,1934-09-23
1934-09-30,1934,September,30,1934-09-30
1934-10-07,1934,October,7,1934-10-01
1934-10-14,1934,October,14,1934-10-14
1934-10-21,1934,October,21,1934-10-21
1934-10-28,1934,October,28,1934-10-28
1934-11-04,1934,November,4,1934-11-01
1934-11-11,1934,November,11,1934-11-11
1934-11-18,1934,November,18,1934-11-18
1934-11-25,1934,November,25,1934-11-25
1934-12-02,1934,December,2,1934-12-01
1934-12-09,1934,December,9,1934-12-09
1934-12-16,1934,December,16,1934-12-16
1934-12-23,1934,December,23,1934-12-23
1934-12-30,1934,December,30,1934-12-30
1935-01-06,1935,January,6,1935-01-01
1935-01-13,1935,January,13,1935-01-13
1935-01-20,1935,January,20,1935-01-20
1935-01-27,1935,January,27,1935-01-27
1935-02-03,1935,February,3,1935-02-01
1935-02-10,1935,February,10,1935-02-10
1935-02-17,1935,February,17,1935-02-17
1935-02-24,1935,February,24,1935-02-24
1935-03-03,1935,March,3,1935-03-01
1935-03-10,1935,March,10,1935-03-10
1935-03-17,1935,March,17,1935-03-17
1935-03-24,1935,March,24,1935-03-24
1935-03-31,1935,March,31,1935-03-31
1935-04-07,1935,April,7,1935-04-01
1935-04-14,1935,April,14,1935-04-14
1935-04-21,1935,April,21,1935-04-21
1935-04-28,1935,April,28,1935-04-28
1935-05-05,1935,May,5,1935-05-01
1935-05-12,1935,May,12,1935-05-12
1935-05-19,1935,May,19,1935-05-19
1935-05-26,1935,May,26,1935-05-26
1935-06-02,1935,June,2,1935-06-01
1935-06-09,1935,June,9,1935-06-09
1935-06-16,1935,June,16,1935-06-16
1935-06-23,1935,June,23,1935-06-23
1935-06-30,1935,June,30,1935-06-30
1935-07-07,1935,July,7,1935-07-01
1935-07-14,1935,July,14,1935-07-14
1935-07-21,1935,July,21,1935-07-21
1935-07-28,1935,July,28,1935-07-28
1935-08-04,1935,August,4,1935-08-01
1935-08-11,1935,August,11,1935-08-11
1935-08-18,1935,August,18,1935-08-18
1935-08-25,1935,August,25,1935-08-25
1935-09-01,1935,September,1,1935-09-01
1935-09-08,1935,September,8,1935-09-08
1935-09-15,1935,September,15,1935-09-15
1935-09-22,1935,September,22,1935-09-22
1935-09-29,1935,September,29,1935-09-29
1935-10-06,1935,October,6,1935-10-01
1935-10-13,1935,October,13,1935-10-13
1935-10-20,1935,October,20,1935-10-20
1935-10-27,1935,October,27,1935-10-27
1935-11-03,1935,November,3,1935-11-01
1935-11-10,1935,November,10,1935-11-10
1935-11-17,1935,November,17,1935-11-17
1935-11-24,1935,November,24,1935-11-24
1935-12-01,1935,December,1,1935-12-01
1935-12-08,1935,December,8,1935-12-08
1935-12-15,1935,December,15,1935-12-15
1935-12-22,1935,December,22,1935-12-22
1935-12-29,1935,December,29,1935-12-29
1936-01-05,1936,January,5,1936-01-01
1936-01-12,1936,January,12,1936-01-12
1936-01-19,1936,January,19,1936-01-19
1936-01-26,1936,January,26,1936-01-26
1936-02-02,1936,February,2,1936-02-01
1936-02-09,1936,February,9,1936-02-09
1936-02-16,1936,February,16,1936-02-16
1936-02-23,1936,February,23,1936-02-23
1936-03-01,1936,March,1,1936-03-01
1936-03-08,1936,March,8,1936-03-08
1936-03-15,1936,March,15,1936-03-15
1936-03-22,1936,March,22,1936-03-22
1936-03-29,1936,March,29,1936-03-29
1936-04-05,1936,April,5,1936-04-01
1936-04-12,1936,April,12,1936-04-12
1936-04-19,1936,April,19,1936-04-19
1936-04-26,1936,April,26,1936-04-26
1936-05-03,1936,May,3,1936-05-01
1936-05-10,1936,May,10,1936-05-10
1936-05-17,1936,May,17,1936-05-17
1936-05-24,1936,May,24,1936-05-24
1936-05-31,1936,May,31,1936-05-31
1936-06-07,1936,June,7,1936-06-01
1936-06-14,1936,June,14,1936-06-14
1936-06-21,1936,June,21,1936-06-21
1936-06-28,1936,June,28,1936-06-28
1936-07-05,1936,July,5,1936-07-01
1936-07-12,1936,July,12,1936-07-12
1936-07-19,1936,July,19,1936-07-19
1936-07-26,1936,July,26,1936-07-26
1936-08-02,1936,August,2,1936-08-01
1936-08-09,1936,August,9,1936-08-09
1936-08-16,1936,August,16,1936-08-16
1936-08-23,1936,August,23,1936-08-23
1936-08-30,1936,August,30,1936-08-30
1936-09-06,1936,September,6,1936-09-01
1936-09-13,1936,September,13,1936-09-13
1936-09-20,1936,September,20,1936-09-20
1936-09-27,1936,September,27,1936-09-27
1936-10-04,1936,October,4,1936-10-01
1936-10-11,1936,October,11,1936-10-11
1936-10-18,1936,October,18,1936-10-18
1936-10-25,1936,October,25,1936-10-25
1936-11-01,1936,November,1,1936-11-01
1936-11-08,1936,November,8,1936-11-08
1936-11-15,1936,November,15,1936-11-15
1936-11-22,1936,November,22,1936-11-22
1936-11-29,1936,November,29,1936-11-29
1936-12-06,1936,December,6,1936-12-01
1936-12-13,1936,December,13,1936-12-13
1936-12-20,1936,December,20,1936-12-20
1936-12-27,1936,December,27,1936-12-27
1937-01-03,1937,January,3,1937-01-01
1937-01-10,1937,January,10,1937-01-10
1937-01-17,1937,January,17,1937-01-17
1937-01-24,1937,January,24,1937-01-24
1937-01-31,1937,January,31,1937-01-31
1937-02-07,1937,February,7,1937-02-01
1937-02-14,1937,February,14,1937-02-14
1937-02-21,1937,February,21,1937-02-21
1937-02-28,1937,February,28,1937-02-28
1937-03-07,1937,March,7,1937-03-01
1937-03-14,1937,March,14,1937-03-14
1937-03-21,1937,March,21,1937-03-21
1937-03-28,1937,March,28,1937-03-28
1937-04-04,1937,April,4,1937-04-01
1937-04-11,1937,April,11,1937-04-11
1937-04-18,1937,April,18,1937-04-18
1937-04-25,1937,April,25,1937-04-25
1937-05-02,1937,May,2,1937-05-01
1937-05-09,1937,May,9,1937-05-09
1937-05-16,1937,May,16,1937-05-16
1937-05-23,1937,May,23,1937-05-23
1937-05-30,1937,May,30,1937-05-30
1937-06-06,1937,June,6,1937-06-01
1937-06-13,1937,June,13,1937-06-13
1937-06-20,1937,June,20,1937-06-20
1937-06-27,1937,June,27,1937-06-27
1937-07-04,1937,July,4,1937-07-01
1937-07-11,1937,July,11,1937-07-11
1937-07-18,1937,July,18,1937-07-18
1937-07-25,1937,July,25,1937-07-25
1937-08-01,1937,August,1,1937-08-01
1937-08-08,1937,August,8,1937-08-08
1937-08-15,1937,August,15,1937-08-15
1937-08-22,1937,August,22,1937-08-22
1937-08-29,1937,August,29,1937-08-29
1937-09-05,1937,September,5,1937-09-01
1937-09-12,1937,September,12,1937-09-12
1937-09-19,1937,September,19,1937-09-19
1937-09-26,1937,September,26,1937-09-26
1937-10-03,1937,October,3,1937-10-01
1937-10-10,1937,October,10,1937-10-10
1937-10-17,1937,October,17,1937-10-17
1937-10-24,1937,October,24,1937-10-24
1937-10-31,1937,October,31,1937-10-31
1937-11-07,1937,November,7,1937-11-01
1937-11-14,1937,November,14,1937-11-14
1937-11-21,1937,November,21,1937-11-21
1937-11-28,1937,November,28,1937-11-28
1937-12-05,1937,December,5,1937-12-01
1937-12-12,1937,December,12,1937-12-12
1937-12-19,1937,December,19,1937-12-19
1937-12-26,1937,December,26,1937-12-26
1938-01-02,1938,January,2,1938-01-01
1938-01-09,1938,January,9,1938-01-09
1938-01-16,1938,January,16,1938-01-16
1938-01-23,1938,January,23,1938-01-23
1938-01-30,1938,January,30,1938-01-30
1938-02-06,1938,February,6,1938-02-01
1938-02-13,1938,February,13,1938-02-13
1938-02-20,1938,February,20,1938-02-20
1938-02-27,1938,February,27,1938-02-27
1938-03-06,1938,March,6,1938-03-01
1938-03-13,1938,March,13,1938-03-13
1938-03-20,1938,March,20,1938-03-20
1938-03-27,1938,March,27,1938-03-27
1938-04-03,1938,April,3,1938-04-01
1938-04-10,1938,April,10,1938-04-10
1938-04-17,1938,April,17,1938-04-17
1938-04-24,1938,April,24,1938-04-24
1938-05-01,1938,May,1,1938-05-01
1938-05-08,1938,May,8,1938-05-08
1938-05-15,1938,May,15,1938-05-15
1938-05-22,1938,May,22,1938-05-22
1938-05-29,1938,May,29,1938-05-29
1938-06-05,1938,June,5,1938-06-01
1938-06-12,1938,June,12,1938-06-12
1938-06-19,1938,June,19,1938-06-19
1938-06-26,1938,June,26,1938-06-26
1938-07-03,1938,July,3,1938-07-01
1938-07-10,1938,July,10,1938-07-10
1938-07-17,1938,July,17,1938-07-17
1938-07-24,1938,July,24,1938-07-24
1938-07-31,1938,July,31,1938-07-31
1938-08-07,1938,August,7,1938-08-01
1938-08-14,1938,August,14,1938-08-14
1938-08-21,1938,August,21,1938-08-21
1938-08-28,1938,August,28,1938-08-28
1938-09-04,1938,September,4,1938-09-01
1938-09-11,1938,September,11,1938-09-11
1938-09-18,1938,September,18,1938-09-18
1938-09-25,1938,September,25,1938-09-25
1938-10-02,1938,October,2,1938-10-01
1938-10-09,1938,October,9,1938-10-09
1938-10-16,1938,October,16,1938-10-16
1938-10-23,1938,October,23,1938-10-23
1938-10-30,1938,October,30,1938-10-30
1938-11-06,1938,November,6,1938-11-01
1938-11-13,1938,November,13,1938-11-13
1938-11-20,1938,November,20,1938-11-20
1938-11-27,1938,November,27,1938-11-27
1938-12-04,1938,December,4,1938-12-01
1938-12-11,1938,December,11,1938-12-11
1938-12-18,1938,December,18,1938-12-18
1938-12-25,1938,December,25,1938-12-25
1939-01-01,1939,January,1,1939-01-01
1939-01-08,1939,January,8,1939-01-08
1939-01-15,1939,January,15,1939-01-15
1939-01-22,1939,January,22,1939-01-22
1939-01-29,1939,January,29,1939-01-29
1939-02-05,1939,February,5,1939-02-01
1939-02-12,1939,February,12,1939-02-12
1939-02-19,1939,February,19,1939-02-19
1939-02-26,1939,February,26,1939-02-26
1939-03-05,1939,March,5,1939-03-01
1939-03-12,1939,March,12,1939-03-12
1939-03-19,1939,March,19,1939-03-19
1939-03-26,1939,March,26,1939-03-26
1939-04-02,1939,April,2,1939-04-01
1939-04-09,1939,April,9,1939-04-09
1939-04-16,1939,April,16,1939-04-16
1939-04-23,1939,April,23,1939-04-23
1939-04-30,1939,April,30,1939-04-30
1939-05-07,1939,May,7,1939-05-01
1939-05-14,1939,May,14,1939-05-14
1939-05-21,1939,May,21,1939-05-21
1939-05-28,1939,May,28,1939-05-28
1939-06-04,1939,June,4,1939-06-01
1939-06-11,1939,June,11,1939-06-11
1939-06-18,1939,June,18,1939-06-18
1939-06-25,1939,June,25,1939-06-25
1939-07-02,1939,July,2,1939-07-01
1939-07-09,1939,July,9,1939-07-09
1939-07-16,1939,July,16,1939-07-16
1939-07-23,1939,July,23,1939-07-23
1939-07-30,1939,July,30,1939-07-30
1939-08-06,1939,August,6,1939-08-01
1939-08-13,1939,August,13,1939-08-13
1939-08-20,1939,August,20,1939-08-20
1939-08-27,1939,August,27,1939-08-27
1939-09-03,1939,September,3,1939-09-01
1939-09-10,1939,September,10,1939-09-10
1939-09-17,1939,September,17,1939-09-17
1939-09-24,1939,September,24,1939-09-24
1939-10-01,1939,October,1,1939-10-01
1939-10-08,1939,October,8,1939-10-08
1939-10-15,1939,October,15,1939-10-15
1939-10-22,1939,October,22,1939-10-22
1939-10-29,1939,October,29,1939-10-29
1939-11-05,1939,November,5,1939-11-01
1939-11-12,1939,November,12,1939-11-12
1939-11-19,1939,November,19,1939-11-19
1939-11-26,1939,November,26,1939-11-26
1939-12-03,1939,December,3,1939-12-01
1939-12-10,1939,December,10,1939-12-10
1939-12-17,1939,December,17,1939-12-17
1939-12-24,1939,December,24,1939-12-24
1939-12-31,1939,December,31,1939-12-31
1940-01-07,1940,January,7,1940-01-01
1940-01-14,1940,January,14,1940-01-14
1940-01-21,1940,January,21,1940-01-21
1940-01-28,1940,January,28,1940-01-28
1940-02-04,1940,February,4,1940-02-01
1940-02-11,1940,February,11,1940-02-11
1940-02-18,1940,February,18,1940-02-18
1940-02-25,1940,February,25,1940-02-25
1940-03-03,1940,March,3,1940-03-01
1940-03-10,1940,March,10,1940-03-10
1940-03-17,1940,March,17,1940-03-17
1940-03-24,1940,March,24,1940-03-24
1940-03-31,1940,March,31,1940-03-31
1940-04-07,1940,April,7,1940-04-01
1940-04-14,1940,April,14,1940-04-14
1940-04-21,1940,April,21,1940-04-21
1940-04-28,1940,April,28,1940-04-28
1940-05-05,1940,May,5,1940-05-01
1940-05-12,1940,May,12,1940-05-12
1940-05-19,1940,May,19,1940-05-19
1940-05-26,1940,May,26,1940-05-26
1940-06-02,1940,June,2,1940-06-01
1940-06-09,1940,June,9,1940-06-09
1940-06-16,1940,June,16,1940-06-16
1940-06-23,1940,June,23,1940-06-23
1940-06-30,1940,June,30,1940-06-30
1940-07-07,1940,July,7,1940-07-01
1940-07-14,1940,July,14,1940-07-14
1940-07-21,1940,July,21,1940-07-21
1940-07-28,1940,July,28,1940-07-28
1940-08-04,1940,August,4,1940-08-01
1940-08-11,1940,August,11,1940-08-11
1940-08-18,1940,August,18,1940-08-18
1940-08-25,1940,August,25,1940-08-25
1940-09-01,1940,September,1,1940-09-01
1940-09-08,1940,September,8,1940-09-08
1940-09-15,1940,September,15,1940-09-15
1940-09-22,1940,September,22,1940-09-22
1940-09-29,1940,September,29,1940-09-29
1940-10-06,1940,October,6,1940-10-01
1940-10-13,1940,October,13,1940-10-13
1940-10-20,1940,October,20,1940-10-20
1940-10-27,1940,October,27,1940-10-27
1940-11-03,1940,November,3,1940-11-01
1940-11-10,1940,November,10,1940-11-10
1940-11-17,1940,November,17,1940-11-17
1940-11-24,1940,November,24,1940-11-24
1940-12-01,1940,December,1,1940-12-01
1940-12-08,1940,December,8,1940-12-08
1940-12-15,1940,December,15,1940-12-15
1940-12-22,1940,December,22,1940-12-22
1940-12-29,1940,December,29,1940-12-29
1941-01-05,1941,January,5,1941-01-01
1941-01-12,1941,January,12,1941-01-12
1941-01-19,1941,January,19,1941-01-19
1941-01-26,1941,January,26,1941-01-26
1941-02-02,1941,February,2,1941-02-01
1941-02-09,1941,February,9,1941-02-09
1941-02-16,1941,February,16,1941-02-16
1941-02-23,1941,February,23,1941-02-23
1941-03-02,1941,March,2,1941-03-01
1941-03-09,1941,March,9,1941-03-09
1941-03-16,1941,March,16,1941-03-16
1941-03-23,1941,March,23,1941-03-23
1941-03-30,1941,March,30,1941-03-30
1941-04-06,1941,April,6,1941-04-01
1941-04-13,1941,April,13,1941-04-13
1941-04-20,1941,April,20,1941-04-20
1941-04-27,1941,April,27,1941-04-27
1941-05-04,1941,May,4,1941-05-01
1941-05-11,1941,May,11,1941-05-11
1941-05-18,1941,May,18,1941-05-18
1941-05-25,1941,May,25,1941-05-25
1941-06-01,1941,June,1,1941-06-01
1941-06-08,1941,June,8,1941-06-08
1941-06-15,1941,June,15,1941-06-15
1941-06-22,1941,June,22,1941-06-22
1941-06-29,1941,June,29,1941-06-29
1941-07-06,1941,July,6,1941-07-01
1941-07-13,1941,July,13,1941-07-13
1941-07-20,1941,July,20,1941-07-20
1941-07-27,1941,July,27,1941-07-27
1941-08-03,1941,August,3,1941-08-01
1941-08-10,1941,August,10,1941-08-10
1941-08-17,1941,August,17,1941-08-17
1941-08-24,1941,August,24,1941-08-24
1941-08-31,1941,August,31,1941-08-31
1941-09-07,1941,September,7,1941-09-01
1941-09-14,1941,September,14,1941-09-14
1941-09-21,1941,September,21,1941-09-21
1941-09-28,1941,September,28,1941-09-28
1941-10-05,1941,October,5,1941-10-01
1941-10-12,1941,October,12,1941-10-12
1941-10-19,1941,October,19,1941-10-19
1941-10-26,1941,October,26,1941-10-26
1941-11-02,1941,November,2,1941-11-01
1941-11-09,1941,November,9,1941-11-09
1941-11-16,1941,November,16,1941-11-16
1941-11-23,1941,November,23,1941-11-23
1941-11-30,1941,November,30,1941-11-30
1941-12-07,1941,December,7,1941-12-01
1941-12-14,1941,December,14,1941-12-14
1941-12-21,1941,December,21,1941-12-21
1941-12-28,1941,December,28,1941-12-28
1942-01-04,1942,January,4,1942-01-01
1942-01-11,1942,January,11,1942-01-11
1942-01-18,1942,January,18,1942-01-18
1942-01-25,1942,January,25,1942-01-25
1942-02-01,1942,February,1,1942-02-01
1942-02-08,1942,February,8,1942-02-08
1942-02-15,1942,February,15,1942-02-15
1942-02-22,1942,February,22,1942-02-22
1942-03-01,1942,March,1,1942-03-01
1942-03-08,1942,March,8,1942-03-08
1942-03-15,1942,March,15,1942-03-15
1942-03-22,1942,March,22,1942-03-22
1942-03-29,1942,March,29,1942-03-29
1942-04-05,1942,April,5,1942-04-01
1942-04-12,1942,April,12,1942-04-12
1942-04-19,1942,April,19,1942-04-19
1942-04-26,1942,April,26,1942-04-26
1942-05-03,1942,May,3,1942-05-01
1942-05-10,1942,May,10,1942-05-10
1942-05-17,1942,May,17,1942-05-17
1942-05-24,1942,May,24,1942-05-24
1942-05-31,1942,May,31,1942-05-31
1942-06-07,1942,June,7,1942-06-01
1942-06-14,1942,June,14,1942-06-14
1942-06-21,1942,June,21,1942-06-21
1942-06-28,1942,June,28,1942-06-28
1942-07-05,1942,July,5,1942-07-01
1942-07-12,1942,July,12,1942-07-12
1942-07-19,1942,July,19,1942-07-19
1942-07-26,1942,July,26,1942-07-26
1942-08-02,1942,August,2,1942-08-01
1942-08-09,1942,August,9,1942-08-09
1942-08-16,1942,August,16,1942-08-16
1942-08-23,1942,August,23,1942-08-23
1942-08-30,1942,August,30,1942-08-30
1942-09-06,1942,September,6,1942-09-01
1942-09-13,1942,September,13,1942-09-13
1942-09-20,1942,September,20,1942-09-20
1942-09-27,1942,September,27,1942-09-27
1942-10-04,1942,October,4,1942-10-01
1942-10-11,1942,October,11,1942-10-11
1942-10-18,1942,October,18,1942-10-18
1942-10-25,1942,October,25,1942-10-25
1942-11-01,1942,November,1,1942-11-01
1942-11-08,1942,November,8,1942-11-08
1942-11-15,1942,November,15,1942-11-15
1942-11-22,1942,November,22,1942-11-22
1942-11-29,1942,November,29,1942-11-29
1942-12-06,1942,December,6,1942-12-01
1942-12-13,1942,December,13,1942-12-13
1942-12-20,1942,December,20,1942-12-20
1942-12-27,1942,December,27,1942-12-27
1943-01-03,1943,January,3,1943-01-01
1943-01-10,1943,January,10,1943-01-10
1943-01-17,1943,January,17,1943-01-17
1943-01-24,1943,January,24,1943-01-24
1943-01-31,1943,January,31,1943-01-31
1943-02-07,1943,February,7,1943-02-01
1943-02-14,1943,February,14,1943-02-14
1943-02-21,1943,February,21,1943-02-21
1943-02-28,1943,February,28,1943-02-28
1943-03-07,1943,March,7,1943-03-01
1943-03-14,1943,March,14,1943-03-14
1943-03-21,1943,March,21,1943-03-21
1943-03-28,1943,March,28,1943-03-28
1943-04-04,1943,April,4,1943-04-01
1943-04-11,1943,April,11,1943-04-11
1943-04-18,1943,April,18,1943-04-18
1943-04-25,1943,April,25,1943-04-25
1943-05-02,1943,May,2,1943-05-01
1943-05-09,1943,May,9,1943-05-09
1943-05-16,1943,May,16,1943-05-16
1943-05-23,1943,May,23,1943-05-23
1943-05-30,1943,May,30,1943-05-30
1943-06-06,1943,June,6,1943-06-01
1943-06-13,1943,June,13,1943-06-13
1943-06-20,1943,June,20,1943-06-20
1943-06-27,1943,June,27,1943-06-27
1943-07-04,1943,July,4,1943-07-01
1943-07-11,1943,July,11,1943-07-11
1943-07-18,1943,July,18,1943-07-18
1943-07-25,1943,July,25,1943-07-25
1943-08-01,1943,August,1,1943-08-01
1943-08-08,1943,August,8,1943-08-08
1943-08-15,1943,August,15,1943-08-15
1943-08-22,1943,August,22,1943-08-22
1943-08-29,1943,August,29,1943-08-29
1943-09-05,1943,September,5,1943-09-01
1943-09-12,1943,September,12,1943-09-12
1943-09-19,1943,September,19,1943-09-19
1943-09-26,1943,September,26,1943-09-26
1943-10-03,1943,October,3,1943-10-01
1943-10-10,1943,October,10,1943-10-10
1943-10-17,1943,October,17,1943-10-17
1943-10-24,1943,October,24,1943-10-24
1943-10-31,1943,October,31,1943-10-31
1943-11-07,1943,November,7,1943-11-01
1943-11-14,1943,November,14,1943-11-14
1943-11-21,1943,November,21,1943-11-21
1943-11-28,1943,November,28,1943-11-28
1943-12-05,1943,December,5,1943-12-01
1943-12-12,1943,December,12,1943-12-12
1943-12-19,1943,December,19,1943-12-19
1943-12-26,1943,December,26,1943-12-26
1944-01-02,1944,January,2,1944-01-01
1944-01-09,1944,January,9,1944-01-09
1944-01-16,1944,January,16,1944-01-16
1944-01-23,1944,January,23,1944-01-23
1944-01-30,1944,January,30,1944-01-30
1944-02-06,1944,February,6,1944-02-01
1944-02-13,1944,February,13,1944-02-13
1944-02-20,1944,February,20,1944-02-20
1944-02-27,1944,February,27,1944-02-27
1944-03-05,1944,March,5,1944-03-01
1944-03-12,1944,March,12,1944-03-12
1944-03-19,1944,March,19,1944-03-19
1944-03-26,1944,March,26,1944-03-26
1944-04-02,1944,April,2,1944-04-01
1944-04-09,1944,April,9,1944-04-09
1944-04-16,1944,April,16,1944-04-16
1944-04-23,1944,April,23,1944-04-23
1944-04-30,1944,April,30,1944-04-30
1944-05-07,1944,May,7,1944-05-01
1944-05-14,1944,May,14,1944-05-14
1944-05-21,1944,May,21,1944-05-21
1944-05-28,1944,May,28,1944-05-28
1944-06-04,1944,June,4,1944-06-01
1944-06-11,1944,June,11,1944-06-11
1944-06-18,1944,June,18,1944-06-18
1944-06-25,1944,June,25,1944-06-25
1944-07-02,1944,July,2,1944-07-01
1944-07-09,1944,July,9,1944-07-09
1944-07-16,1944,July,16,1944-07-16
1944-07-23,1944,July,23,1944-07-23
1944-07-30,1944,July,30,1944-07-30
1944-08-06,1944,August,6,1944-08-01
1944-08-13,1944,August,13,1944-08-13
1944-08-20,1944,August,20,1944-08-20
1944-08-27,1944,August,27,1944-08-27
1944-09-03,1944,September,3,1944-09-01
1944-09-10,1944,September,10,1944-09-10
1944-09-17,1944,September,17,1944-09-17
1944-09-24,1944,September,24,1944-09-24
1944-10-01,1944,October,1,1944-10-01
1944-10-08,1944,October,8,1944-10-08
1944-10-15,1944,October,15,1944-10-15
1944-10-22,1944,October,22,1944-10-22
1944-10-29,1944,October,29,1944-10-29
1944-11-05,1944,November,5,1944-11-01
1944-11-12,1944,November,12,1944-11-12
1944-11-19,1944,November,19,1944-11-19
1944-11-26,1944,November,26,1944-11-26
1944-12-03,1944,December,3,1944-12-01
1944-12-10,1944,December,10,1944-12-10
1944-12-17,1944,December,17,1944-12-17
1944-12-24,1944,December,24,1944-12-24
1944-12-31,1944,December,31,1944-12-31
1945-01-07,1945,January,7,1945-01-01
1945-01-14,1945,January,14,1945-01-14
1945-01-21,1945,January,21,1945-01-21
1945-01-28,1945,January,28,1945-01-28
1945-02-04,1945,February,4,1945-02-01
1945-02-11,1945,February,11,1945-02-11
1945-02-18,1945,February,18,1945-02-18
1945-02-25,1945,February,25,1945-02-25
1945-03-04,1945,March,4,1945-03-01
1945-03-11,1945,March,11,1945-03-11
1945-03-18,1945,March,18,1945-03-18
1945-03-25,1945,March,25,1945-03-25
1945-04-01,1945,April,1,1945-04-01
1945-04-08,1945,April,8,1945-04-08
1945-04-15,1945,April,15,1945-04-15
1945-04-22,1945,April,22,1945-04-22
1945-04-29,1945,April,29,1945-04-29
1945-05-06,1945,May,6,1945-05-01
1945-05-13,1945,May,13,1945-05-13
1945-05-20,1945,May,20,1945-05-20
1945-05-27,1945,May,27,1945-05-27
1945-06-03,1945,June,3,1945-06-01
1945-06-10,1945,June,10,1945-06-10
1945-06-17,1945,June,17,1945-06-17
1945-06-24,1945,June,24,1945-06-24
1945-07-01,1945,July,1,1945-07-01
1945-07-08,1945,July,8,1945-07-08
1945-07-15,1945,July,15,1945-07-15
1945-07-22,1945,July,22,1945-07-22
1945-07-29,1945,July,29,1945-07-29
1945-08-05,1945,August,5,1945-08-01
1945-08-12,1945,August,12,1945-08-12
1945-08-19,1945,August,19,1945-08-19
1945-08-26,1945,August,26,1945-08-26
1945-09-02,1945,September,2,1945-09-01
1945-09-09,1945,September,9,1945-09-09
1945-09-16,1945,September,16,1945-09-16
1945-09-23,1945,September,23,1945-09-23
1945-09-30,1945,September,30,1945-09-30
1945-10-07,1945,October,7,1945-10-01
1945-10-14,1945,October,14,1945-10-14
1945-10-21,1945,October,21,1945-10-21
1945-10-28,1945,October,28,1945-10-28
1945-11-04,1945,November,4,1945-11-01
1945-11-11,1945,November,11,1945-11-11
1945-11-18,1945,November,18,1945-11-18
1945-11-25,1945,November,25,1945-11-25
1945-12-02,1945,December,2,1945-12-01
1945-12-09,1945,December,9,1945-12-09
1945-12-16,1945,December,16,1945-12-16
1945-12-23,1945,December,23,1945-12-23
1945-12-30,1945,December,30,1945-12-30
1946-01-06,1946,January,6,1946-01-01
1946-01-13,1946,January,13,1946-01-13
1946-01-20,1946,January,20,1946-01-20
1946-01-27,1946,January,27,1946-01-27
1946-02-03,1946,February,3,1946-02-01
1946-02-10,1946,February,10,1946-02-10
1946-02-17,1946,February,17,1946-02-17
1946-02-24,1946,February,24,1946-02-24
1946-03-03,1946,March,3,1946-03-01
1946-03-10,1946,March,10,1946-03-10
1946-03-17,1946,March,17,1946-03-17
1946-03-24,1946,March,24,1946-03-24
1946-03-31,1946,March,31,1946-03-31
1946-04-07,1946,April,7,1946-04-01
1946-04-14,1946,April,14,1946-04-14
1946-04-21,1946,April,21,1946-04-21
1946-04-28,1946,April,28,1946-04-28
1946-05-05,1946,May,5,1946-05-01
1946-05-12,1946,May,12,1946-05-12
1946-05-19,1946,May,19,1946-05-19
1946-05-26,1946,May,26,1946-05-26
1946-06-02,1946,June,2,1946-06-01
1946-06-09,1946,June,9,1946-06-09
1946-06-16,1946,June,16,1946-06-16
1946-06-23,1946,June,23,1946-06-23
1946-06-30,1946,June,30,1946-06-30
1946-07-07,1946,July,7,1946-07-01
1946-07-14,1946,July,14,1946-07-14
1946-07-21,1946,July,21,1946-07-21
1946-07-28,1946,July,28,1946-07-28
1946-08-04,1946,August,4,1946-08-01
1946-08-11,1946,August,11,1946-08-11
1946-08-18,1946,August,18,1946-08-18
1946-08-25,1946,August,25,1946-08-25
1946-09-01,1946,September,1,1946-09-01
1946-09-08,1946,September,8,1946-09-08
1946-09-15,1946,September,15,1946-09-15
1946-09-22,1946,September,22,1946-09-22
1946-09-29,1946,September,29,1946-09-29
1946-10-06,1946,October,6,1946-10-01
1946-10-13,1946,October,13,1946-10-13
1946-10-20,1946,October,20,1946-10-20
1946-10-27,1946,October,27,1946-10-27
1946-11-03,1946,November,3,1946-11-01
1946-11-10,1946,November,10,1946-11-10
1946-11-17,1946,November,17,1946-11-17
1946-11-24,1946,November,24,1946-11-24
1946-12-01,1946,December,1,1946-12-01
1946-12-08,1946,December,8,1946-12-08
1946-12-15,1946,December,15,1946-12-15
1946-12-22,1946,December,22,1946-12-22
1946-12-29,1946,December,29,1946-12-29
1947-01-05,1947,January,5,1947-01-01
1947-01-12,1947,January,12,1947-01-12
1947-01-19,1947,January,19,1947-01-19
1947-01-26,1947,January,26,1947-01-26
1947-02-02,1947,February,2,1947-02-01
1947-02-09,1947,February,9,1947-02-09
1947-02-16,1947,February,16,1947-02-16
1947-02-23,1947,February,23,1947-02-23
1947-03-02,1947,March,2,1947-03-01
1947-03-09,1947,March,9,1947-03-09
1947-03-16,1947,March,16,1947-03-16
1947-03-23,1947,March,23,1947-03-23
1947-03-30,1947,March,30,1947-03-30
1947-04-06,1947,April,6,1947-04-01
1947-04-13,1947,April,13,1947-04-13
1947-04-20,1947,April,20,1947-04-20
1947-04-27,1947,April,27,1947-04-27
1947-05-04,1947,May,4,1947-05-01
1947-05-11,1947,May,11,1947-05-11
1947-05-18,1947,May,18,1947-05-18
1947-05-25,1947,May,25,1947-05-25
1947-06-01,1947,June,1,1947-06-01
1947-06-08,1947,June,8,1947-06-08
1947-06-15,1947,June,15,1947-06-15
1947-06-22,1947,June,22,1947-06-22
1947-06-29,1947,June,29,1947-06-29
1947-07-06,1947,July,6,1947-07-01
1947-07-13,1947,July,13,1947-07-13
1947-07-20,1947,July,20,1947-07-20
1947-07-27,1947,July,27,1947-07-27
1947-08-03,1947,August,3,1947-08-01
1947-08-10,1947,August,10,1947-08-10
1947-08-17,1947,August,17,1947-08-17
1947-08-24,1947,August,24,1947-08-24
1947-08-31,1947,August,31,1947-08-31
1947-09-07,1947,September,7,1947-09-01
1947-09-14,1947,September,14,1947-09-14
1947-09-21,1947,September,21,1947-09-21
1947-09-28,1947,September,28,1947-09-28
1947-10-05,1947,October,5,1947-10-01
1947-10-12,1947,October,12,1947-10-12
1947-10-19,1947,October,19,1947-10-19
1947-10-26,1947,October,26,1947-10-26
1947-11-02,1947,November,2,1947-11-01
1947-11-09,1947,November,9,1947-11-09
1947-11-16,1947,November,16,1947-11-16
1947-11-23,1947,November,23,1947-11-23
1947-11-30,1947,November,30,1947-11-30
1947-12-07,1947,December,7,1947-12-01
1947-12-14,1947,December,14,1947-12-14
1947-12-21,1947,December,21,1947-12-21
1947-12-28,1947,December,28,1947-12-28
1948-01-04,1948,January,4,1948-01-01
1948-01-11,1948,January,11,1948-01-11
1948-01-18,1948,January,18,1948-01-18
1948-01-25,1948,January,25,1948-01-25
1948-02-01,1948,February,1,1948-02-01
1948-02-08,1948,February,8,1948-02-08
1948-02-15,1948,February,15,1948-02-15
1948-02-22,1948,February,22,1948-02-22
1948-02-29,1948,February,29,1948-02-29
1948-03-07,1948,March,7,1948-03-01
1948-03-14,1948,March,14,1948-03-14
1948-03-21,1948,March,21,1948-03-21
1948-03-28,1948,March,28,1948-03-28
1948-04-04,1948,April,4,1948-04-01
1948-04-11,1948,April,11,1948-04-11
1948-04-18,1948,April,18,1948-04-18
1948-04-25,1948,April,25,1948-04-25
1948-05-02,1948,May,2,1948-05-01
1948-05-09,1948,May,9,1948-05-09
1948-05-16,1948,May,16,1948-05-16
1948-05-23,1948,May,23,1948-05-23
1948-05-30,1948,May,30,1948-05-30
1948-06-06,1948,June,6,1948-06-01
1948-06-13,1948,June,13,1948-06-13
1948-06-20,1948,June,20,1948-06-20
1948-06-27,1948,June,27,1948-06-27
1948-07-04,1948,July,4,1948-07-01
1948-07-11,1948,July,11,1948-07-11
1948-07-18,1948,July,18,1948-07-18
1948-07-25,1948,July,25,1948-07-25
1948-08-01,1948,August,1,1948-08-01
1948-08-08,1948,August,8,1948-08-08
1948-08-15,1948,August,15,1948-08-15
1948-08-22,1948,August,22,1948-08-22
1948-08-29,1948,August,29,1948-08-29
1948-09-05,1948,September,5,1948-09-01
1948-09-12,1948,September,12,1948-09-12
1948-09-19,1948,September,19,1948-09-19
1948-09-26,1948,September,26,1948-09-26
1948-10-03,1948,October,3,1948-10-01
1948-10-10,1948,October,10,1948-10-10
1948-10-17,1948,October,17,1948-10-17
1948-10-24,1948,October,24,1948-10-24
1948-10-31,1948,October,31,1948-10-31
1948-11-07,1948,November,7,1948-11-01
1948-11-14,1948,November,14,1948-11-14
1948-11-21,1948,November,21,1948-11-21
1948-11-28,1948,November,28,1948-11-28
1948-12-05,1948,December,5,1948-12-01
1948-12-12,1948,December,12,1948-12-12
1948-12-19,1948,December,19,1948-12-19
1948-12-26,1948,December,26,1948-12-26
1949-01-02,1949,January,2,1949-01-01
1949-01-09,1949,January,9,1949-01-09
1949-01-16,1949,January,16,1949-01-16
1949-01-23,1949,January,23,1949-01-23
1949-01-30,1949,January,30,1949-01-30
1949-02-06,1949,February,6,1949-02-01
1949-02-13,1949,February,13,1949-02-13
1949-02-20,1949,February,20,1949-02-20
1949-02-27,1949,February,27,1949-02-27
1949-03-06,1949,March,6,1949-03-01
1949-03-13,1949,March,13,1949-03-13
1949-03-20,1949,March,20,1949-03-20
1949-03-27,1949,March,27,1949-03-27
1949-04-03,1949,April,3,1949-04-01
1949-04-10,1949,April,10,1949-04-10
1949-04-17,1949,April,17,1949-04-17
1949-04-24,1949,April,24,1949-04-24
1949-05-01,1949,May,1,1949-05-01
1949-05-08,1949,May,8,1949-05-08
1949-05-15,1949,May,15,1949-05-15
1949-05-22,1949,May,22,1949-05-22
1949-05-29,1949,May,29,1949-05-29
1949-06-05,1949,June,5,1949-06-01
1949-06-12,1949,June,12,1949-06-12
1949-06-19,1949,June,19,1949-06-19
1949-06-26,1949,June,26,1949-06-26
1949-07-03,1949,July,3,1949-07-01
1949-07-10,1949,July,10,1949-07-10
1949-07-17,1949,July,17,1949-07-17
1949-07-24,1949,July,24,1949-07-24
1949-07-31,1949,July,31,1949-07-31
1949-08-07,1949,August,7,1949-08-01
1949-08-14,1949,August,14,1949-08-14
1949-08-21,1949,August,21,1949-08-21
1949-08-28,1949,August,28,1949-08-28
1949-09-04,1949,September,4,1949-09-01
1949-09-11,1949,September,11,1949-09-11
1949-09-18,1949,September,18,1949-09-18
1949-09-25,1949,September,25,1949-09-25
1949-10-02,1949,October,2,1949-10-01
1949-10-09,1949,October,9,1949-10-09
1949-10-16,1949,October,16,1949-10-16
1949-10-23,1949,October,23,1949-10-23
1949-10-30,1949,October,30,1949-10-30
1949-11-06,1949,November,6,1949-11-01
1949-11-13,1949,November,13,1949-11-13
1949-11-20,1949,November,20,1949-11-20
1949-11-27,1949,November,27,1949-11-27
1949-12-04,1949,December,4,1949-12-01
1949-12-11,1949,December,11,1949-12-11
1949-12-18,1949,December,18,1949-12-18
1949-12-25,1949,December,25,1949-12-25
1950-01-01,1950,January,1,1950-01-01
1950-01-08,1950,January,8,1950-01-08
1950-01-15,1950,January,15,1950-01-15
1950-01-22,1950,January,22,1950-01-22
1950-01-29,1950,January,29,1950-01-29
1950-02-05,1950,February,5,1950-02-01
1950-02-12,1950,February,12,1950-02-12
1950-02-19,1950,February,19,1950-02-19
1950-02-26,1950,February,26,1950-02-26
1950-03-05,1950,March,5,1950-03-01
1950-03-12,1950,March,12,1950-03-12
1950-03-19,1950,March,19,1950-03-19
1950-03-26,1950,March,26,1950-03-26
1950-04-02,1950,April,2,1950-04-01
1950-04-09,1950,April,9,1950-04-09
1950-04-16,1950,April,16,1950-04-16
1950-04-23,1950,April,23,1950-04-23
1950-04-30,1950,April,30,1950-04-30
1950-05-07,1950,May,7,1950-05-01
1950-05-14,1950,May,14,1950-05-14
1950-05-21,1950,May,21,1950-05-21
1950-05-28,1950,May,28,1950-05-28
1950-06-04,1950,June,4,1950-06-01
1950-06-11,1950,June,11,1950-06-11
1950-06-18,1950,June,18,1950-06-18
1950-06-25,1950,June,25,1950-06-25
1950-07-02,1950,July,2,1950-07-01
1950-07-09,1950,July,9,1950-07-09
1950-07-16,1950,July,16,1950-07-16
1950-07-23,1950,July,23,1950-07-23
1950-07-30,1950,July,30,1950-07-30
1950-08-06,1950,August,6,1950-08-01
1950-08-13,1950,August,13,1950-08-13
1950-08-20,1950,August,20,1950-08-20
1950-08-27,1950,August,27,1950-08-27
1950-09-03,1950,September,3,1950-09-01
1950-09-10,1950,September,10,1950-09-10
1950-09-17,1950,September,17,1950-09-17
1950-09-24,1950,September,24,1950-09-24
1950-10-01,1950,October,1,1950-10-01
1950-10-08,1950,October,8,1950-10-08
1950-10-15,1950,October,15,1950-10-15
1950-10-22,1950,October,22,1950-10-22
1950-10-29,1950,October,29,1950-10-29
1950-11-05,1950,November,5,1950-11-01
1950-11-12,1950,November,12,1950-11-12
1950-11-19,1950,November,19,1950-11-19
1950-11-26,1950,November,26,1950-11-26
1950-12-03,1950,December,3,1950-12-01
1950-12-10,1950,December,10,1950-12-10
1950-12-17,1950,December,17,1950-12-17
1950-12-24,1950,December,24,1950-12-24
1950-12-31,1950,December,31,1950-12-31
1951-01-07,1951,January,7,1951-01-01
1951-01-14,1951,January,14,1951-01-14
1951-01-21,1951,January,21,1951-01-21
1951-01-28,1951,January,28,1951-01-28
1951-02-04,1951,February,4,1951-02-01
1951-02-11,1951,February,11,1951-02-11
1951-02-18,1951,February,18,1951-02-18
1951-02-25,1951,February,25,1951-02-25
1951-03-04,1951,March,4,1951-03-01
1951-03-11,1951,March,11,1951-03-11
1951-03-18,1951,March,18,1951-03-18
1951-03-25,1951,March,25,1951-03-25
1951-04-01,1951,April,1,1951-04-01
1951-04-08,1951,April,8,1951-04-08
1951-04-15,1951,April,15,1951-04-15
1951-04-22,1951,April,22,1951-04-22
1951-04-29,1951,April,29,1951-04-29
1951-05-06,1951,May,6,1951-05-01
1951-05-13,1951,May,13,1951-05-13
1951-05-20,1951,May,20,1951-05-20
1951-05-27,1951,May,27,1951-05-27
1951-06-03,1951,June,3,1951-06-01
1951-06-10,1951,June,10,1951-06-10
1951-06-17,1951,June,17,1951-06-17
1951-06-24,1951,June,24,1951-06-24
1951-07-01,1951,July,1,1951-07-01
1951-07-08,1951,July,8,1951-07-08
1951-07-15,1951,July,15,1951-07-15
1951-07-22,1951,July,22,1951-07-22
1951-07-29,1951,July,29,1951-07-29
1951-08-05,1951,August,5,1951-08-01
1951-08-12,1951,August,12,1951-08-12
1951-08-19,1951,August,19,1951-08-19
1951-08-26,1951,August,26,1951-08-26
1951-09-02,1951,September,2,1951-09-01
1951-09-09,1951,September,9,1951-09-09
1951-09-16,1951,September,16,1951-09-16
1951-09-23,1951,September,23,1951-09-23
1951-09-30,1951,September,30,1951-09-30
1951-10-07,1951,October,7,1951-10-01
1951-10-14,1951,October,14,1951-10-14
1951-10-21,1951,October,21,1951-10-21
1951-10-28,1951,October,28,1951-10-28
1951-11-04,1951,November,4,1951-11-01
1951-11-11,1951,November,11,1951-11-11
1951-11-18,1951,November,18,1951-11-18
1951-11-25,1951,November,25,1951-11-25
1951-12-02,1951,December,2,1951-12-01
1951-12-09,1951,December,9,1951-12-09
1951-12-16,1951,December,16,1951-12-16
1951-12-23,1951,December,23,1951-12-23
1951-12-30,1951,December,30,1951-12-30
1952-01-06,1952,January,6,1952-01-01
1952-01-13,1952,January,13,1952-01-13
1952-01-20,1952,January,20,1952-01-20
1952-01-27,1952,January,27,1952-01-27
1952-02-03,1952,February,3,1952-02-01
1952-02-10,1952,February,10,1952-02-10
1952-02-17,1952,February,17,1952-02-17
1952-02-24,1952,February,24,1952-02-24
1952-03-02,1952,March,2,1952-03-01
1952-03-09,1952,March,9,1952-03-09
1952-03-16,1952,March,16,1952-03-16
1952-03-23,1952,March,23,1952-03-23
1952-03-30,1952,March,30,1952-03-30
1952-04-06,1952,April,6,1952-04-01
1952-04-13,1952,April,13,1952-04-13
1952-04-20,1952,April,20,1952-04-20
1952-04-27,1952,April,27,1952-04-27
1952-05-04,1952,May,4,1952-05-01
1952-05-11,1952,May,11,1952-05-11
1952-05-18,1952,May,18,1952-05-18
1952-05-25,1952,May,25,1952-05-25
1952-06-01,1952,June,1,1952-06-01
1952-06-08,1952,June,8,1952-06-08
1952-06-15,1952,June,15,1952-06-15
1952-06-22,1952,June,22,1952-06-22
1952-06-29,1952,June,29,1952-06-29
1952-07-06,1952,July,6,1952-07-01
1952-07-13,1952,July,13,1952-07-13
1952-07-20,1952,July,20,1952-07-20
1952-07-27,1952,July,27,1952-07-27
1952-08-03,1952,August,3,1952-08-01
1952-08-10,1952,August,10,1952-08-10
1952-08-17,1952,August,17,1952-08-17
1952-08-24,1952,August,24,1952-08-24
1952-08-31,1952,August,31,1952-08-31
1952-09-07,1952,September,7,1952-09-01
1952-09-14,1952,September,14,1952-09-14
1952-09-21,1952,September,21,1952-09-21
1952-09-28,1952,September,28,1952-09-28
1952-10-05,1952,October,5,1952-10-01
1952-10-12,1952,October,12,1952-10-12
1952-10-19,1952,October,19,1952-10-19
1952-10-26,1952,October,26,1952-10-26
1952-11-02,1952,November,2,1952-11-01
1952-11-09,1952,November,9,1952-11-09
1952-11-16,1952,November,16,1952-11-16
1952-11-23,1952,November,23,1952-11-23
1952-11-30,1952,November,30,1952-11-30
1952-12-07,1952,December,7,1952-12-01
1952-12-14,1952,December,14,1952-12-14
1952-12-21,1952,December,21,1952-12-21
1952-12-28,1952,December,28,1952-12-28
1953-01-04,1953,January,4,1953-01-01
1953-01-11,1953,January,11,1953-01-11
1953-01-18,1953,January,18,1953-01-18
1953-01-25,1953,January,25,1953-01-25
1953-02-01,1953,February,1,1953-02-01
1953-02-08,1953,February,8,1953-02-08
1953-02-15,1953,February,15,1953-02-15
1953-02-22,1953,February,22,1953-02-22
1953-03-01,1953,March,1,1953-03-01
1953-03-08,1953,March,8,1953-03-08
1953-03-15,1953,March,15,1953-03-15
1953-03-22,1953,March,22,1953-03-22
1953-03-29,1953,March,29,1953-03-29
1953-04-05,1953,April,5,1953-04-01
1953-04-12,1953,April,12,1953-04-12
1953-04-19,1953,April,19,1953-04-19
1953-04-26,1953,April,26,1953-04-26
1953-05-03,1953,May,3,1953-05-01
1953-05-10,1953,May,10,1953-05-10
1953-05-17,1953,May,17,1953-05-17
1953-05-24,1953,May,24,1953-05-24
1953-05-31,1953,May,31,1953-05-31
1953-06-07,1953,June,7,1953-06-01
1953-06-14,1953,June,14,1953-06-14
1953-06-21,1953,June,21,1953-06-21
1953-06-28,1953,June,28,1953-06-28
1953-07-05,1953,July,5,1953-07-01
1953-07-12,1953,July,12,1953-07-12
1953-07-19,1953,July,19,1953-07-19
1953-07-26,1953,July,26,1953-07-26
1953-08-02,1953,August,2,1953-08-01
1953-08-09,1953,August,9,1953-08-09
1953-08-16,1953,August,16,1953-08-16
1953-08-23,1953,August,23,1953-08-23
1953-08-30,1953,August,30,1953-08-30
1953-09-06,1953,September,6,1953-09-01
1953-09-13,1953,September,13,1953-09-13
1953-09-20,1953,September,20,1953-09-20
1953-09-27,1953,September,27,1953-09-27
1953-10-04,1953,October,4,1953-10-01
1953-10-11,1953,October,11,1953-10-11
1953-10-18,1953,October,18,1953-10-18
1953-10-25,1953,October,25,1953-10-25
1953-11-01,1953,November,1,1953-11-01
1953-11-08,1953,November,8,1953-11-08
1953-11-15,1953,November,15,1953-11-15
1953-11-22,1953,November,22,1953-11-22
1953-11-29,1953,November,29,1953-11-29
1953-12-06,1953,December,6,1953-12-01
1953-12-13,1953,December,13,1953-12-13
1953-12-20,1953,December,20,1953-12-20
1953-12-27,1953,December,27,1953-12-27
1954-01-03,1954,January,3,1954-01-01
1954-01-10,1954,January,10,1954-01-10
1954-01-17,1954,January,17,1954-01-17
1954-01-24,1954,January,24,1954-01-24
1954-01-31,1954,January,31,1954-01-31
1954-02-07,1954,February,7,1954-02-01
1954-02-14,1954,February,14,1954-02-14
1954-02-21,1954,February,21,1954-02-21
1954-02-28,1954,February,28,1954-02-28
1954-03-07,1954,March,7,1954-03-01
1954-03-14,1954,March,14,1954-03-14
1954-03-21,1954,March,21,1954-03-21
1954-03-28,1954,March,28,1954-03-28
1954-04-04,1954,April,4,1954-04-01
1954-04-11,1954,April,11,1954-04-11
1954-04-18,1954,April,18,1954-04-18
1954-04-25,1954,April,25,1954-04-25
1954-05-02,1954,May,2,1954-05-01
1954-05-09,1954,May,9,1954-05-09
1954-05-16,1954,May,16,1954-05-16
1954-05-23,1954,May,23,1954-05-23
1954-05-30,1954,May,30,1954-05-30
1954-06-06,1954,June,6,1954-06-01
1954-06-13,1954,June,13,1954-06-13
1954-06-20,1954,June,20,1954-06-20
1954-06-27,1954,June,27,1954-06-27
1954-07-04,1954,July,4,1954-07-01
1954-07-11,1954,July,11,1954-07-11
1954-07-18,1954,July,18,1954-07-18
1954-07-25,1954,July,25,1954-07-25
1954-08-01,1954,August,1,1954-08-01
1954-08-08,1954,August,8,1954-08-08
1954-08-15,1954,August,15,1954-08-15
1954-08-22,1954,August,22,1954-08-22
1954-08-29,1954,August,29,1954-08-29
1954-09-05,1954,September,5,1954-09-01
1954-09-12,1954,September,12,1954-09-12
1954-09-19,1954,September,19,1954-09-19
1954-09-26,1954,September,26,1954-09-26
1954-10-03,1954,October,3,1954-10-01
1954-10-10,1954,October,10,1954-10-10
1954-10-17,1954,October,17,1954-10-17
1954-10-24,1954,October,24,1954-10-24
1954-10-31,1954,October,31,1954-10-31
1954-11-07,1954,November,7,1954-11-01
1954-11-14,1954,November,14,1954-11-14
1954-11-21,1954,November,21,1954-11-21
1954-11-28,1954,November,28,1954-11-28
1954-12-05,1954,December,5,1954-12-01
1954-12-12,1954,December,12,1954-12-12
1954-12-19,1954,December,19,1954-12-19
1954-12-26,1954,December,26,1954-12-26
1955-01-02,1955,January,2,1955-01-01
1955-01-09,1955,January,9,1955-01-09
1955-01-16,1955,January,16,1955-01-16
1955-01-23,1955,January,23,1955-01-23
1955-01-30,1955,January,30,1955-01-30
1955-02-06,1955,February,6,1955-02-01
1955-02-13,1955,February,13,1955-02-13
1955-02-20,1955,February,20,1955-02-20
1955-02-27,1955,February,27,1955-02-27
1955-03-06,1955,March,6,1955-03-01
1955-03-13,1955,March,13,1955-03-13
1955-03-20,1955,March,20,1955-03-20
1955-03-27,1955,March,27,1955-03-27
1955-04-03,1955,April,3,1955-04-01
1955-04-10,1955,April,10,1955-04-10
1955-04-17,1955,April,17,1955-04-17
1955-04-24,1955,April,24,1955-04-24
1955-05-01,1955,May,1,1955-05-01
1955-05-08,1955,May,8,1955-05-08
1955-05-15,1955,May,15,1955-05-15
1955-05-22,1955,May,22,1955-05-22
1955-05-29,1955,May,29,1955-05-29
1955-06-05,1955,June,5,1955-06-01
1955-06-12,1955,June,12,1955-06-12
1955-06-19,1955,June,19,1955-06-19
1955-06-26,1955,June,26,1955-06-26
1955-07-03,1955,July,3,1955-07-01
1955-07-10,1955,July,10,1955-07-10
1955-07-17,1955,July,17,1955-07-17
1955-07-24,1955,July,24,1955-07-24
1955-07-31,1955,July,31,1955-07-31
1955-08-07,1955,August,7,1955-08-01
1955-08-14,1955,August,14,1955-08-14
1955-08-21,1955,August,21,1955-08-21
1955-08-28,1955,August,28,1955-08-28
1955-09-04,1955,September,4,1955-09-01
1955-09-11,1955,September,11,1955-09-11
1955-09-18,1955,September,18,1955-09-18
1955-09-25,1955,September,25,1955-09-25
1955-10-02,1955,October,2,1955-10-01
1955-10-09,1955,October,9,1955-10-09
1955-10-16,1955,October,16,1955-10-16
1955-10-23,1955,October,23,1955-10-23
1955-10-30,1955,October,30,1955-10-30
1955-11-06,1955,November,6,1955-11-01
1955-11-13,1955,November,13,1955-11-13
1955-11-20,1955,November,20,1955-11-20
1955-11-27,1955,November,27,1955-11-27
1955-12-04,1955,December,4,1955-12-01
1955-12-11,1955,December,11,1955-12-11
1955-12-18,1955,December,18,1955-12-18
1955-12-25,1955,December,25,1955-12-25
1956-01-01,1956,January,1,1956-01-01
1956-01-08,1956,January,8,1956-01-08
1956-01-15,1956,January,15,1956-01-15
1956-01-22,1956,January,22,1956-01-22
1956-01-29,1956,January,29,1956-01-29
1956-02-05,1956,February,5,1956-02-01
1956-02-12,1956,February,12,1956-02-12
1956-02-19,1956,February,19,1956-02-19
1956-02-26,1956,February,26,1956-02-26
1956-03-04,1956,March,4,1956-03-01
1956-03-11,1956,March,11,1956-03-11
1956-03-18,1956,March,18,1956-03-18
1956-03-25,1956,March,25,1956-03-25
1956-04-01,1956,April,1,1956-04-01
1956-04-08,1956,April,8,1956-04-08
1956-04-15,1956,April,15,1956-04-15
1956-04-22,1956,April,22,1956-04-22
1956-04-29,1956,April,29,1956-04-29
1956-05-06,1956,May,6,1956-05-01
1956-05-13,1956,May,13,1956-05-13
1956-05-20,1956,May,20,1956-05-20
1956-05-27,1956,May,27,1956-05-27
1956-06-03,1956,June,3,1956-06-01
1956-06-10,1956,June,10,1956-06-10
1956-06-17,1956,June,17,1956-06-17
1956-06-24,1956,June,24,1956-06-24
1956-07-01,1956,July,1,1956-07-01
1956-07-08,1956,July,8,1956-07-08
1956-07-15,1956,July,15,1956-07-15
1956-07-22,1956,July,22,1956-07-22
1956-07-29,1956,July,29,1956-07-29
1956-08-05,1956,August,5,1956-08-01
1956-08-12,1956,August,12,1956-08-12
1956-08-19,1956,August,19,1956-08-19
1956-08-26,1956,August,26,1956-08-26
1956-09-02,1956,September,2,1956-09-01
1956-09-09,1956,September,9,1956-09-09
1956-09-16,1956,September,16,1956-09-16
1956-09-23,1956,September,23,1956-09-23
1956-09-30,1956,September,30,1956-09-30
1956-10-07,1956,October,7,1956-10-01
1956-10-14,1956,October,14,1956-10-14
1956-10-21,1956,October,21,1956-10-21
1956-10-28,1956,October,28,1956-10-28
1956-11-04,1956,November,4,1956-11-01
1956-11-11,1956,November,11,1956-11-11
1956-11-18,1956,November,18,1956-11-18
1956-11-25,1956,November,25,1956-11-25
1956-12-02,1956,December,2,1956-12-01
1956-12-09,1956,December,9,1956-12-09
1956-12-16,1956,December,16,1956-12-16
1956-12-23,1956,December,23,1956-12-23
1956-12-30,1956,December,30,1956-12-30
1957-01-06,1957,January,6,1957-01-01
1957-01-13,1957,January,13,1957-01-13
1957-01-20,1957,January,20,1957-01-20
1957-01-27,1957,January,27,1957-01-27
1957-02-03,1957,February,3,1957-02-01
1957-02-10,1957,February,10,1957-02-10
1957-02-17,1957,February,17,1957-02-17
1957-02-24,1957,February,24,1957-02-24
1957-03-03,1957,March,3,1957-03-01
1957-03-10,1957,March,10,1957-03-10
1957-03-17,1957,March,17,1957-03-17
1957-03-24,1957,March,24,1957-03-24
1957-03-31,1957,March,31,1957-03-31
1957-04-07,1957,April,7,1957-04-01
1957-04-14,1957,April,14,1957-04-14
1957-04-21,1957,April,21,1957-04-21
1957-04-28,1957,April,28,1957-04-28
1957-05-05,1957,May,5,1957-05-01
1957-05-12,1957,May,12,1957-05-12
1957-05-19,1957,May,19,1957-05-19
1957-05-26,1957,May,26,1957-05-26
1957-06-02,1957,June,2,1957-06-01
1957-06-09,1957,June,9,1957-06-09
1957-06-16,1957,June,16,1957-06-16
1957-06-23,1957,June,23,1957-06-23
1957-06-30,1957,June,30,1957-06-30
1957-07-07,1957,July,7,1957-07-01
1957-07-14,1957,July,14,1957-07-14
1957-07-21,1957,July,21,1957-07-21
1957-07-28,1957,July,28,1957-07-28
1957-08-04,1957,August,4,1957-08-01
1957-08-11,1957,August,11,1957-08-11
1957-08-18,1957,August,18,1957-08-18
1957-08-25,1957,August,25,1957-08-25
1957-09-01,1957,September,1,1957-09-01
1957-09-08,1957,September,8,1957-09-08
1957-09-15,1957,September,15,1957-09-15
1957-09-22,1957,September,22,1957-09-22
1957-09-29,1957,September,29,1957-09-29
1957-10-06,1957,October,6,1957-10-01
1957-10-13,1957,October,13,1957-10-13
1957-10-20,1957,October,20,1957-10-20
1957-10-27,1957,October,27,1957-10-27
1957-11-03,1957,November,3,1957-11-01
1957-11-10,1957,November,10,1957-11-10
1957-11-17,1957,November,17,1957-11-17
1957-11-24,1957,November,24,1957-11-24
1957-12-01,1957,December,1,1957-12-01
1957-12-08,1957,December,8,1957-12-08
1957-12-15,1957,December,15,1957-12-15
1957-12-22,1957,December,22,1957-12-22
1957-12-29,1957,December,29,1957-12-29
1958-01-05,1958,January,5,1958-01-01
1958-01-12,1958,January,12,1958-01-12
1958-01-19,1958,January,19,1958-01-19
1958-01-26,1958,January,26,1958-01-26
1958-02-02,1958,February,2,1958-02-01
1958-02-09,1958,February,9,1958-02-09
1958-02-16,1958,February,16,1958-02-16
1958-02-23,1958,February,23,1958-02-23
1958-03-02,1958,March,2,1958-03-01
1958-03-09,1958,March,9,1958-03-09
1958-03-16,1958,March,16,1958-03-16
1958-03-23,1958,March,23,1958-03-23
1958-03-30,1958,March,30,1958-03-30
1958-04-06,1958,April,6,1958-04-01
1958-04-13,1958,April,13,1958-04-13
1958-04-20,1958,April,20,1958-04-20
1958-04-27,1958,April,27,1958-04-27
1958-05-04,1958,May,4,1958-05-01
1958-05-11,1958,May,11,1958-05-11
1958-05-18,1958,May,18,1958-05-18
1958-05-25,1958,May,25,1958-05-25
1958-06-01,1958,June,1,1958-06-01
1958-06-08,1958,June,8,1958-06-08
1958-06-15,1958,June,15,1958-06-15
1958-06-22,1958,June,22,1958-06-22
1958-06-29,1958,June,29,1958-06-29
1958-07-06,1958,July,6,1958-07-01
1958-07-13,1958,July,13,1958-07-13
1958-07-20,1958,July,20,1958-07-20
1958-07-27,1958,July,27,1958-07-27
1958-08-03,1958,August,3,1958-08-01
1958-08-10,1958,August,10,1958-08-10
1958-08-17,1958,August,17,1958-08-17
1958-08-24,1958,August,24,1958-08-24
1958-08-31,1958,August,31,1958-08-31
1958-09-07,1958,September,7,1958-09-01
1958-09-14,1958,September,14,1958-09-14
1958-09-21,1958,September,21,1958-09-21
1958-09-28,1958,September,28,1958-09-28
1958-10-05,1958,October,5,1958-10-01
1958-10-12,1958,October,12,1958-10-12
1958-10-19,1958,October,19,1958-10-19
1958-10-26,1958,October,26,1958-10-26
1958-11-02,1958,November,2,1958-11-01
1958-11-09,1958,November,9,1958-11-09
1958-11-16,1958,November,16,1958-11-16
1958-11-23,1958,November,23,1958-11-23
1958-11-30,1958,November,30,1958-11-30
1958-12-07,1958,December,7,1958-12-01
1958-12-14,1958,December,14,1958-12-14
1958-12-21,1958,December,21,1958-12-21
1958-12-28,1958,December,28,1958-12-28
1959-01-04,1959,January,4,1959-01-01
1959-01-11,1959,January,11,1959-01-11
1959-01-18,1959,January,18,1959-01-18
1959-01-25,1959,January,25,1959-01-25
1959-02-01,1959,February,1,1959-02-01
1959-02-08,1959,February,8,1959-02-08
1959-02-15,1959,February,15,1959-02-15
1959-02-22,1959,February,22,1959-02-22
1959-03-01,1959,March,1,1959-03-01
1959-03-08,1959,March,8,1959-03-08
1959-03-15,1959,March,15,1959-03-15
1959-03-22,1959,March,22,1959-03-22
1959-03-29,1959,March,29,1959-03-29
1959-04-05,1959,April,5,1959-04-01
1959-04-12,1959,April,12,1959-04-12
1959-04-19,1959,April,19,1959-04-19
1959-04-26,1959,April,26,1959-04-26
1959-05-03,1959,May,3,1959-05-01
1959-05-10,1959,May,10,1959-05-10
1959-05-17,1959,May,17,1959-05-17
1959-05-24,1959,May,24,1959-05-24
1959-05-31,1959,May,31,1959-05-31
1959-06-07,1959,June,7,1959-06-01
1959-06-14,1959,June,14,1959-06-14
1959-06-21,1959,June,21,1959-06-21
1959-06-28,1959,June,28,1959-06-28
1959-07-05,1959,July,5,1959-07-01
1959-07-12,1959,July,12,1959-07-12
1959-07-19,1959,July,19,1959-07-19
1959-07-26,1959,July,26,1959-07-26
1959-08-02,1959,August,2,1959-08-01
1959-08-09,1959,August,9,1959-08-09
1959-08-16,1959,August,16,1959-08-16
1959-08-23,1959,August,23,1959-08-23
1959-08-30,1959,August,30,1959-08-30
1959-09-06,1959,September,6,1959-09-01
1959-09-13,1959,September,13,1959-09-13
1959-09-20,1959,September,20,1959-09-20
1959-09-27,1959,September,27,1959-09-27
1959-10-04,1959,October,4,1959-10-01
1959-10-11,1959,October,11,1959-10-11
1959-10-18,1959,October,18,1959-10-18
1959-10-25,1959,October,25,1959-10-25
1959-11-01,1959,November,1,1959-11-01
1959-11-08,1959,November,8,1959-11-08
1959-11-15,1959,November,15,1959-11-15
1959-11-22,1959,November,22,1959-11-22
1959-11-29,1959,November,29,1959-11-29
1959-12-06,1959,December,6,1959-12-01
1959-12-13,1959,December,13,1959-12-13
1959-12-20,1959,December,20,1959-12-20
1959-12-27,1959,December,27,1959-12-27
1960-01-03,1960,January,3,1960-01-01
1960-01-10,1960,January,10,1960-01-10
1960-01-17,1960,January,17,1960-01-17
1960-01-24,1960,January,24,1960-01-24
1960-01-31,1960,January,31,1960-01-31
1960-02-07,1960,February,7,1960-02-01
1960-02-14,1960,February,14,1960-02-14
1960-02-21,1960,February,21,1960-02-21
1960-02-28,1960,February,28,1960-02-28
1960-03-06,1960,March,6,1960-03-01
1960-03-13,1960,March,13,1960-03-13
1960-03-20,1960,March,20,1960-03-20
1960-03-27,1960,March,27,1960-03-27
1960-04-03,1960,April,3,1960-04-01
1960-04-10,1960,April,10,1960-04-10
1960-04-17,1960,April,17,1960-04-17
1960-04-24,1960,April,24,1960-04-24
1960-05-01,1960,May,1,1960-05-01
1960-05-08,1960,May,8,1960-05-08
1960-05-15,1960,May,15,1960-05-15
1960-05-22,1960,May,22,1960-05-22
1960-05-29,1960,May,29,1960-05-29
1960-06-05,1960,June,5,1960-06-01
1960-06-12,1960,June,12,1960-06-12
1960-06-19,1960,June,19,1960-06-19
1960-06-26,1960,June,26,1960-06-26
1960-07-03,1960,July,3,1960-07-01
1960-07-10,1960,July,10,1960-07-10
1960-07-17,1960,July,17,1960-07-17
1960-07-24,1960,July,24,1960-07-24
1960-07-31,1960,July,31,1960-07-31
1960-08-07,1960,August,7,1960-08-01
1960-08-14,1960,August,14,1960-08-14
1960-08-21,1960,August,21,1960-08-21
1960-08-28,1960,August,28,1960-08-28
1960-09-04,1960,September,4,1960-09-01
1960-09-11,1960,September,11,1960-09-11
1960-09-18,1960,September,18,1960-09-18
1960-09-25,1960,September,25,1960-09-25
1960-10-02,1960,October,2,1960-10-01
1960-10-09,1960,October,9,1960-10-09
1960-10-16,1960,October,16,1960-10-16
1960-10-23,1960,October,23,1960-10-23
1960-10-30,1960,October,30,1960-10-30
1960-11-06,1960,November,6,1960-11-01
1960-11-13,1960,November,13,1960-11-13
1960-11-20,1960,November,20,1960-11-20
1960-11-27,1960,November,27,1960-11-27
1960-12-04,1960,December,4,1960-12-01
1960-12-11,1960,December,11,1960-12-11
1960-12-18,1960,December,18,1960-12-18
1960-12-25,1960,December,25,1960-12-25
1961-01-01,1961,January,1,1961-01-01
1961-01-08,1961,January,8,1961-01-08
1961-01-15,1961,January,15,1961-01-15
1961-01-22,1961,January,22,1961-01-22
1961-01-29,1961,January,29,1961-01-29
1961-02-05,1961,February,5,1961-02-01
1961-02-12,1961,February,12,1961-02-12
1961-02-19,1961,February,19,1961-02-19
1961-02-26,1961,February,26,1961-02-26
1961-03-05,1961,March,5,1961-03-01
1961-03-12,1961,March,12,1961-03-12
1961-03-19,1961,March,19,1961-03-19
1961-03-26,1961,March,26,1961-03-26
1961-04-02,1961,April,2,1961-04-01
1961-04-09,1961,April,9,1961-04-09
1961-04-16,1961,April,16,1961-04-16
1961-04-23,1961,April,23,1961-04-23
1961-04-30,1961,April,30,1961-04-30
1961-05-07,1961,May,7,1961-05-01
1961-05-14,1961,May,14,1961-05-14
1961-05-21,1961,May,21,1961-05-21
1961-05-28,1961,May,28,1961-05-28
1961-06-04,1961,June,4,1961-06-01
1961-06-11,1961,June,11,1961-06-11
1961-06-18,1961,June,18,1961-06-18
1961-06-25,1961,June,25,1961-06-25
1961-07-02,1961,July,2,1961-07-01
1961-07-09,1961,July,9,1961-07-09
1961-07-16,1961,July,16,1961-07-16
1961-07-23,1961,July,23,1961-07-23
1961-07-30,1961,July,30,1961-07-30
1961-08-06,1961,August,6,1961-08-01
1961-08-13,1961,August,13,1961-08-13
1961-08-20,1961,August,20,1961-08-20
1961-08-27,1961,August,27,1961-08-27
1961-09-03,1961,September,3,1961-09-01
1961-09-10,1961,September,10,1961-09-10
1961-09-17,1961,September,17,1961-09-17
1961-09-24,1961,September,24,1961-09-24
1961-10-01,1961,October,1,1961-10-01
1961-10-08,1961,October,8,1961-10-08
1961-10-15,1961,October,15,1961-10-15
1961-10-22,1961,October,22,1961-10-22
1961-10-29,1961,October,29,1961-10-29
1961-11-05,1961,November,5,1961-11-01
1961-11-12,1961,November,12,1961-11-12
1961-11-19,1961,November,19,1961-11-19
1961-11-26,1961,November,26,1961-11-26
1961-12-03,1961,December,3,1961-12-01
1961-12-10,1961,December,10,1961-12-10
1961-12-17,1961,December,17,1961-12-17
1961-12-24,1961,December,24,1961-12-24
1961-12-31,1961,December,31,1961-12-31
1962-01-07,1962,January,7,1962-01-01
1962-01-14,1962,January,14,1962-01-14
1962-01-21,1962,January,21,1962-01-21
1962-01-28,1962,January,28,1962-01-28
1962-02-04,1962,February,4,1962-02-01
1962-02-11,1962,February,11,1962-02-11
1962-02-18,1962,February,18,1962-02-18
1962-02-25,1962,February,25,1962-02-25
1962-03-04,1962,March,4,1962-03-01
1962-03-11,1962,March,11,1962-03-11
1962-03-18,1962,March,18,1962-03-18
1962-03-25,1962,March,25,1962-03-25
1962-04-01,1962,April,1,1962-04-01
1962-04-08,1962,April,8,1962-04-08
1962-04-15,1962,April,15,1962-04-15
1962-04-22,1962,April,22,1962-04-22
1962-04-29,1962,April,29,1962-04-29
1962-05-06,1962,May,6,1962-05-01
1962-05-13,1962,May,13,1962-05-13
1962-05-20,1962,May,20,1962-05-20
1962-05-27,1962,May,27,1962-05-27
1962-06-03,1962,June,3,1962-06-01
1962-06-10,1962,June,10,1962-06-10
1962-06-17,1962,June,17,1962-06-17
1962-06-24,1962,June,24,1962-06-24
1962-07-01,1962,July,1,1962-07-01
1962-07-08,1962,July,8,1962-07-08
1962-07-15,1962,July,15,1962-07-15
1962-07-22,1962,July,22,1962-07-22
1962-07-29,1962,July,29,1962-07-29
1962-08-05,1962,August,5,1962-08-01
1962-08-12,1962,August,12,1962-08-12
1962-08-19,1962,August,19,1962-08-19
1962-08-26,1962,August,26,1962-08-26
1962-09-02,1962,September,2,1962-09-01
1962-09-09,1962,September,9,1962-09-09
1962-09-16,1962,September,16,1962-09-16
1962-09-23,1962,September,23,1962-09-23
1962-09-30,1962,September,30,1962-09-30
1962-10-07,1962,October,7,1962-10-01
1962-10-14,1962,October,14,1962-10-14
1962-10-21,1962,October,21,1962-10-21
1962-10-28,1962,October,28,1962-10-28
1962-11-04,1962,November,4,1962-11-01
1962-11-11,1962,November,11,1962-11-11
1962-11-18,1962,November,18,1962-11-18
1962-11-25,1962,November,25,1962-11-25
1962-12-02,1962,December,2,1962-12-01
1962-12-09,1962,December,9,1962-12-09
1962-12-16,1962,December,16,1962-12-16
1962-12-23,1962,December,23,1962-12-23
1962-12-30,1962,December,30,1962-12-30
1963-01-06,1963,January,6,1963-01-01
1963-01-13,1963,January,13,1963-01-13
1963-01-20,1963,January,20,1963-01-20
1963-01-27,1963,January,27,1963-01-27
1963-02-03,1963,February,3,1963-02-01
1963-02-10,1963,February,10,1963-02-10
1963-02-17,1963,February,17,1963-02-17
1963-02-24,1963,February,24,1963-02-24
1963-03-03,1963,March,3,1963-03-01
1963-03-10,1963,March,10,1963-03-10
1963-03-17,1963,March,17,1963-03-17
1963-03-24,1963,March,24,1963-03-24
1963-03-31,1963,March,31,1963-03-31
1963-04-07,1963,April,7,1963-04-01
1963-04-14,1963,April,14,1963-04-14
1963-04-21,1963,April,21,1963-04-21
1963-04-28,1963,April,28,1963-04-28
1963-05-05,1963,May,5,1963-05-01
1963-05-12,1963,May,12,1963-05-12
1963-05-19,1963,May,19,1963-05-19
1963-05-26,1963,May,26,1963-05-26
1963-06-02,1963,June,2,1963-06-01
1963-06-09,1963,June,9,1963-06-09
1963-06-16,1963,June,16,1963-06-16
1963-06-23,1963,June,23,1963-06-23
1963-06-30,1963,June,30,1963-06-30
1963-07-07,1963,July,7,1963-07-01
1963-07-14,1963,July,14,1963-07-14
1963-07-21,1963,July,21,1963-07-21
1963-07-28,1963,July,28,1963-07-28
1963-08-04,1963,August,4,1963-08-01
1963-08-11,1963,August,11,1963-08-11
1963-08-18,1963,August,18,1963-08-18
1963-08-25,1963,August,25,1963-08-25
1963-09-01,1963,September,1,1963-09-01
1963-09-08,1963,September,8,1963-09-08
1963-09-15,1963,September,15,1963-09-15
1963-09-22,1963,September,22,1963-09-22
1963-09-29,1963,September,29,1963-09-29
1963-10-06,1963,October,6,1963-10-01
1963-10-13,1963,October,13,1963-10-13
1963-10-20,1963,October,20,1963-10-20
1963-10-27,1963,October,27,1963-10-27
1963-11-03,1963,November,3,1963-11-01
1963-11-10,1963,November,10,1963-11-10
1963-11-17,1963,November,17,1963-11-17
1963-11-24,1963,November,24,1963-11-24
1963-12-01,1963,December,1,1963-12-01
1963-12-08,1963,December,8,1963-12-08
1963-12-15,1963,December,15,1963-12-15
1963-12-22,1963,December,22,1963-12-22
1963-12-29,1963,December,29,1963-12-29
1964-01-05,1964,January,5,1964-01-01
1964-01-12,1964,January,12,1964-01-12
1964-01-19,1964,January,19,1964-01-19
1964-01-26,1964,January,26,1964-01-26
1964-02-02,1964,February,2,1964-02-01
1964-02-09,1964,February,9,1964-02-09
1964-02-16,1964,February,16,1964-02-16
1964-02-23,1964,February,23,1964-02-23
1964-03-01,1964,March,1,1964-03-01
1964-03-08,1964,March,8,1964-03-08
1964-03-15,1964,March,15,1964-03-15
1964-03-22,1964,March,22,1964-03-22
1964-03-29,1964,March,29,1964-03-29
1964-04-05,1964,April,5,1964-04-01
1964-04-12,1964,April,12,1964-04-12
1964-04-19,1964,April,19,1964-04-19
1964-04-26,1964,April,26,1964-04-26
1964-05-03,1964,May,3,1964-05-01
1964-05-10,1964,May,10,1964-05-10
1964-05-17,1964,May,17,1964-05-17
1964-05-24,1964,May,24,1964-05-24
1964-05-31,1964,May,31,1964-05-31
1964-06-07,1964,June,7,1964-06-01
1964-06-14,1964,June,14,1964-06-14
1964-06-21,1964,June,21,1964-06-21
1964-06-28,1964,June,28,1964-06-28
1964-07-05,1964,July,5,1964-07-01
1964-07-12,1964,July,12,1964-07-12
1964-07-19,1964,July,19,1964-07-19
1964-07-26,1964,July,26,1964-07-26
1964-08-02,1964,August,2,1964-08-01
1964-08-09,1964,August,9,1964-08-09
1964-08-16,1964,August,16,1964-08-16
1964-08-23,1964,August,23,1964-08-23
1964-08-30,1964,August,30,1964-08-30
1964-09-06,1964,September,6,1964-09-01
1964-09-13,1964,September,13,1964-09-13
1964-09-20,1964,September,20,1964-09-20
1964-09-27,1964,September,27,1964-09-27
1964-10-04,1964,October,4,1964-10-01
1964-10-11,1964,October,11,1964-10-11
1964-10-18,1964,October,18,1964-10-18
1964-10-25,1964,October,25,1964-10-25
1964-11-01,1964,November,1,1964-11-01
1964-11-08,1964,November,8,1964-11-08
1964-11-15,1964,November,15,1964-11-15
1964-11-22,1964,November,22,1964-11-22
1964-11-29,1964,November,29,1964-11-29
1964-12-06,1964,December,6,1964-12-01
1964-12-13,1964,December,13,1964-12-13
1964-12-20,1964,December,20,1964-12-20
1964-12-27,1964,December,27,1964-12-27
1965-01-03,1965,January,3,1965-01-01
1965-01-10,1965,January,10,1965-01-10
1965-01-17,1965,January,17,1965-01-17
1965-01-24,1965,January,24,1965-01-24
1965-01-31,1965,January,31,1965-01-31
1965-02-07,1965,February,7,1965-02-01
1965-02-14,1965,February,14,1965-02-14
1965-02-21,1965,February,21,1965-02-21
1965-02-28,1965,February,28,1965-02-28
1965-03-07,1965,March,7,1965-03-01
1965-03-14,1965,March,14,1965-03-14
1965-03-21,1965,March,21,1965-03-21
1965-03-28,1965,March,28,1965-03-28
1965-04-04,1965,April,4,1965-04-01
1965-04-11,1965,April,11,1965-04-11
1965-04-18,1965,April,18,1965-04-18
1965-04-25,1965,April,25,1965-04-25
1965-05-02,1965,May,2,1965-05-01
1965-05-09,1965,May,9,1965-05-09
1965-05-16,1965,May,16,1965-05-16
1965-05-23,1965,May,23,1965-05-23
1965-05-30,1965,May,30,1965-05-30
1965-06-06,1965,June,6,1965-06-01
1965-06-13,1965,June,13,1965-06-13
1965-06-20,1965,June,20,1965-06-20
1965-06-27,1965,June,27,1965-06-27
1965-07-04,1965,July,4,1965-07-01
1965-07-11,1965,July,11,1965-07-11
1965-07-18,1965,July,18,1965-07-18
1965-07-25,1965,July,25,1965-07-25
1965-08-01,1965,August,1,1965-08-01
1965-08-08,1965,August,8,1965-08-08
1965-08-15,1965,August,15,1965-08-15
1965-08-22,1965,August,22,1965-08-22
1965-08-29,1965,August,29,1965-08-29
1965-09-05,1965,September,5,1965-09-01
1965-09-12,1965,September,12,1965-09-12
1965-09-19,1965,September,19,1965-09-19
1965-09-26,1965,September,26,1965-09-26
1965-10-03,1965,October,3,1965-10-01
1965-10-10,1965,October,10,1965-10-10
1965-10-17,1965,October,17,1965-10-17
1965-10-24,1965,October,24,1965-10-24
1965-10-31,1965,October,31,1965-10-31
1965-11-07,1965,November,7,1965-11-01
1965-11-14,1965,November,14,1965-11-14
1965-11-21,1965,November,21,1965-11-21
1965-11-28,1965,November,28,1965-11-28
1965-12-05,1965,December,5,1965-12-01
1965-12-12,1965,December,12,1965-12-12
1965-12-19,1965,December,19,1965-12-19
1965-12-26,1965,December,26,1965-12-26
1966-01-02,1966,January,2,1966-01-01
1966-01-09,1966,January,9,1966-01-09
1966-01-16,1966,January,16,1966-01-16
1966-01-23,1966,January,23,1966-01-23
1966-01-30,1966,January,30,1966-01-30
1966-02-06,1966,February,6,1966-02-01
1966-02-13,1966,February,13,1966-02-13
1966-02-20,1966,February,20,1966-02-20
1966-02-27,1966,February,27,1966-02-27
1966-03-06,1966,March,6,1966-03-01
1966-03-13,1966,March,13,1966-03-13
1966-03-20,1966,March,20,1966-03-20
1966-03-27,1966,March,27,1966-03-27
1966-04-03,1966,April,3,1966-04-01
1966-04-10,1966,April,10,1966-04-10
1966-04-17,1966,April,17,1966-04-17
1966-04-24,1966,April,24,1966-04-24
1966-05-01,1966,May,1,1966-05-01
1966-05-08,1966,May,8,1966-05-08
1966-05-15,1966,May,15,1966-05-15
1966-05-22,1966,May,22,1966-05-22
1966-05-29,1966,May,29,1966-05-29
1966-06-05,1966,June,5,1966-06-01
1966-06-12,1966,June,12,1966-06-12
1966-06-19,1966,June,19,1966-06-19
1966-06-26,1966,June,26,1966-06-26
1966-07-03,1966,July,3,1966-07-01
1966-07-10,1966,July,10,1966-07-10
1966-07-17,1966,July,17,1966-07-17
1966-07-24,1966,July,24,1966-07-24
1966-07-31,1966,July,31,1966-07-31
1966-08-07,1966,August,7,1966-08-01
1966-08-14,1966,August,14,1966-08-14
1966-08-21,1966,August,21,1966-08-21
1966-08-28,1966,August,28,1966-08-28
1966-09-04,1966,September,4,1966-09-01
1966-09-11,1966,September,11,1966-09-11
1966-09-18,1966,September,18,1966-09-18
1966-09-25,1966,September,25,1966-09-25
1966-10-02,1966,October,2,1966-10-01
1966-10-09,1966,October,9,1966-10-09
1966-10-16,1966,October,16,1966-10-16
1966-10-23,1966,October,23,1966-10-23
1966-10-30,1966,October,30,1966-10-30
1966-11-06,1966,November,6,1966-11-01
1966-11-13,1966,November,13,1966-11-13
1966-11-20,1966,November,20,1966-11-20
1966-11-27,1966,November,27,1966-11-27
1966-12-04,1966,December,4,1966-12-01
1966-12-11,1966,December,11,1966-12-11
1966-12-18,1966,December,18,1966-12-18
1966-12-25,1966,December,25,1966-12-25
1967-01-01,1967,January,1,1967-01-01
1967-01-08,1967,January,8,1967-01-08
1967-01-15,1967,January,15,1967-01-15
1967-01-22,1967,January,22,1967-01-22
1967-01-29,1967,January,29,1967-01-29
1967-02-05,1967,February,5,1967-02-01
1967-02-12,1967,February,12,1967-02-12
1967-02-19,1967,February,19,1967-02-19
1967-02-26,1967,February,26,1967-02-26
1967-03-05,1967,March,5,1967-03-01
1967-03-12,1967,March,12,1967-03-12
1967-03-19,1967,March,19,1967-03-19
1967-03-26,1967,March,26,1967-03-26
1967-04-02,1967,April,2,1967-04-01
1967-04-09,1967,April,9,1967-04-09
1967-04-16,1967,April,16,1967-04-16
1967-04-23,1967,April,23,1967-04-23
1967-04-30,1967,April,30,1967-04-30
1967-05-07,1967,May,7,1967-05-01
1967-05-14,1967,May,14,1967-05-14
1967-05-21,1967,May,21,1967-05-21
1967-05-28,1967,May,28,1967-05-28
1967-06-04,1967,June,4,1967-06-01
1967-06-11,1967,June,11,1967-06-11
1967-06-18,1967,June,18,1967-06-18
1967-06-25,1967,June,25,1967-06-25
1967-07-02,1967,July,2,1967-07-01
1967-07-09,1967,July,9,1967-07-09
1967-07-16,1967,July,16,1967-07-16
1967-07-23,1967,July,23,1967-07-23
1967-07-30,1967,July,30,1967-07-30
1967-08-06,1967,August,6,1967-08-01
1967-08-13,1967,August,13,1967-08-13
1967-08-20,1967,August,20,1967-08-20
1967-08-27,1967,August,27,1967-08-27
1967-09-03,1967,September,3,1967-09-01
1967-09-10,1967,September,10,1967-09-10
1967-09-17,1967,September,17,1967-09-17
1967-09-24,1967,September,24,1967-09-24
1967-10-01,1967,October,1,1967-10-01
1967-10-08,1967,October,8,1967-10-08
1967-10-15,1967,October,15,1967-10-15
1967-10-22,1967,October,22,1967-10-22
1967-10-29,1967,October,29,1967-10-29
1967-11-05,1967,November,5,1967-11-01
1967-11-12,1967,November,12,1967-11-12
1967-11-19,1967,November,19,1967-11-19
1967-11-26,1967,November,26,1967-11-26
1967-12-03,1967,December,3,1967-12-01
1967-12-10,1967,December,10,1967-12-10
1967-12-17,1967,December,17,1967-12-17
1967-12-24,1967,December,24,1967-12-24
1967-12-31,1967,December,31,1967-12-31
1968-01-07,1968,January,7,1968-01-01
1968-01-14,1968,January,14,1968-01-14
1968-01-21,1968,January,21,1968-01-21
1968-01-28,1968,January,28,1968-01-28
1968-02-04,1968,February,4,1968-02-01
1968-02-11,1968,February,11,1968-02-11
1968-02-18,1968,February,18,1968-02-18
1968-02-25,1968,February,25,1968-02-25
1968-03-03,1968,March,3,1968-03-01
1968-03-10,1968,March,10,1968-03-10
1968-03-17,1968,March,17,1968-03-17
1968-03-24,1968,March,24,1968-03-24
1968-03-31,1968,March,31,1968-03-31
1968-04-07,1968,April,7,1968-04-01
1968-04-14,1968,April,14,1968-04-14
1968-04-21,1968,April,21,1968-04-21
1968-04-28,1968,April,28,1968-04-28
1968-05-05,1968,May,5,1968-05-01
1968-05-12,1968,May,12,1968-05-12
1968-05-19,1968,May,19,1968-05-19
1968-05-26,1968,May,26,1968-05-26
1968-06-02,1968,June,2,1968-06-01
1968-06-09,1968,June,9,1968-06-09
1968-06-16,1968,June,16,1968-06-16
1968-06-23,1968,June,23,1968-06-23
1968-06-30,1968,June,30,1968-06-30
1968-07-07,1968,July,7,1968-07-01
1968-07-14,1968,July,14,1968-07-14
1968-07-21,1968,July,21,1968-07-21
1968-07-28,1968,July,28,1968-07-28
1968-08-04,1968,August,4,1968-08-01
1968-08-11,1968,August,11,1968-08-11
1968-08-18,1968,August,18,1968-08-18
1968-08-25,1968,August,25,1968-08-25
1968-09-01,1968,September,1,1968-09-01
1968-09-08,1968,September,8,1968-09-08
1968-09-15,1968,September,15,1968-09-15
1968-09-22,1968,September,22,1968-09-22
1968-09-29,1968,September,29,1968-09-29
1968-10-06,1968,October,6,1968-10-01
1968-10-13,1968,October,13,1968-10-13
1968-10-20,1968,October,20,1968-10-20
1968-10-27,1968,October,27,1968-10-27
1968-11-03,1968,November,3,1968-11-01
1968-11-10,1968,November,10,1968-11-10
1968-11-17,1968,November,17,1968-11-17
1968-11-24,1968,November,24,1968-11-24
1968-12-01,1968,December,1,1968-12-01
1968-12-08,1968,December,8,1968-12-08
1968-12-15,1968,December,15,1968-12-15
1968-12-22,1968,December,22,1968-12-22
1968-12-29,1968,December,29,1968-12-29
1969-01-05,1969,January,5,1969-01-01
1969-01-12,1969,January,12,1969-01-12
1969-01-19,1969,January,19,1969-01-19
1969-01-26,1969,January,26,1969-01-26
1969-02-02,1969,February,2,1969-02-01
1969-02-09,1969,February,9,1969-02-09
1969-02-16,1969,February,16,1969-02-16
1969-02-23,1969,February,23,1969-02-23
1969-03-02,1969,March,2,1969-03-01
1969-03-09,1969,March,9,1969-03-09
1969-03-16,1969,March,16,1969-03-16
1969-03-23,1969,March,23,1969-03-23
1969-03-30,1969,March,30,1969-03-30
1969-04-06,1969,April,6,1969-04-01
1969-04-13,1969,April,13,1969-04-13
1969-04-20,1969,April,20,1969-04-20
1969-04-27,1969,April,27,1969-04-27
1969-05-04,1969,May,4,1969-05-01
1969-05-11,1969,May,11,1969-05-11
1969-05-18,1969,May,18,1969-05-18
1969-05-25,1969,May,25,1969-05-25
1969-06-01,1969,June,1,1969-06-01
1969-06-08,1969,June,8,1969-06-08
1969-06-15,1969,June,15,1969-06-15
1969-06-22,1969,June,22,1969-06-22
1969-06-29,1969,June,29,1969-06-29
1969-07-06,1969,July,6,1969-07-01
1969-07-13,1969,July,13,1969-07-13
1969-07-20,1969,July,20,1969-07-20
1969-07-27,1969,July,27,1969-07-27
1969-08-03,1969,August,3,1969-08-01
1969-08-10,1969,August,10,1969-08-10
1969-08-17,1969,August,17,1969-08-17
1969-08-24,1969,August,24,1969-08-24
1969-08-31,1969,August,31,1969-08-31
1969-09-07,1969,September,7,1969-09-01
1969-09-14,1969,September,14,1969-09-14
1969-09-21,1969,September,21,1969-09-21
1969-09-28,1969,September,28,1969-09-28
1969-10-05,1969,October,5,1969-10-01
1969-10-12,1969,October,12,1969-10-12
1969-10-19,1969,October,19,1969-10-19
1969-10-26,1969,October,26,1969-10-26
1969-11-02,1969,November,2,1969-11-01
1969-11-09,1969,November,9,1969-11-09
1969-11-16,1969,November,16,1969-11-16
1969-11-23,1969,November,23,1969-11-23
1969-11-30,1969,November,30,1969-11-30
1969-12-07,1969,December,7,1969-12-01
1969-12-14,1969,December,14,1969-12-14
1969-12-21,1969,December,21,1969-12-21
1969-12-28,1969,December,28,1969-12-28
1970-01-04,1970,January,4,1970-01-01
1970-01-11,1970,January,11,1970-01-11
1970-01-18,1970,January,18,1970-01-18
1970-01-25,1970,January,25,1970-01-25
1970-02-01,1970,February,1,1970-02-01
1970-02-08,1970,February,8,1970-02-08
1970-02-15,1970,February,15,1970-02-15
1970-02-22,1970,February,22,1970-02-22
1970-03-01,1970,March,1,1970-03-01
1970-03-08,1970,March,8,1970-03-08
1970-03-15,1970,March,15,1970-03-15
1970-03-22,1970,March,22,1970-03-22
1970-03-29,1970,March,29,1970-03-29
1970-04-05,1970,April,5,1970-04-01
1970-04-12,1970,April,12,1970-04-12
1970-04-19,1970,April,19,1970-04-19
1970-04-26,1970,April,26,1970-04-26
1970-05-03,1970,May,3,1970-05-01
1970-05-10,1970,May,10,1970-05-10
1970-05-17,1970,May,17,1970-05-17
1970-05-24,1970,May,24,1970-05-24
1970-05-31,1970,May,31,1970-05-31
1970-06-07,1970,June,7,1970-06-01
1970-06-14,1970,June,14,1970-06-14
1970-06-21,1970,June,21,1970-06-21
1970-06-28,1970,June,28,1970-06-28
1970-07-05,1970,July,5,1970-07-01
1970-07-12,1970,July,12,1970-07-12
1970-07-19,1970,July,19,1970-07-19
1970-07-26,1970,July,26,1970-07-26
1970-08-02,1970,August,2,1970-08-01
1970-08-09,1970,August,9,1970-08-09
1970-08-16,1970,August,16,1970-08-16
1970-08-23,1970,August,23,1970-08-23
1970-08-30,1970,August,30,1970-08-30
1970-09-06,1970,September,6,1970-09-01
1970-09-13,1970,September,13,1970-09-13
1970-09-20,1970,September,20,1970-09-20
1970-09-27,1970,September,27,1970-09-27
1970-10-04,1970,October,4,1970-10-01
1970-10-11,1970,October,11,1970-10-11
1970-10-18,1970,October,18,1970-10-18
1970-10-25,1970,October,25,1970-10-25
1970-11-01,1970,November,1,1970-11-01
1970-11-08,1970,November,8,1970-11-08
1970-11-15,1970,November,15,1970-11-15
1970-11-22,1970,November,22,1970-11-22
1970-11-29,1970,November,29,1970-11-29
1970-12-06,1970,December,6,1970-12-01
1970-12-13,1970,December,13,1970-12-13
1970-12-20,1970,December,20,1970-12-20
1970-12-27,1970,December,27,1970-12-27
1971-01-03,1971,January,3,1971-01-01
1971-01-10,1971,January,10,1971-01-10
1971-01-17,1971,January,17,1971-01-17
1971-01-24,1971,January,24,1971-01-24
1971-01-31,1971,January,31,1971-01-31
1971-02-07,1971,February,7,1971-02-01
1971-02-14,1971,February,14,1971-02-14
1971-02-21,1971,February,21,1971-02-21
1971-02-28,1971,February,28,1971-02-28
1971-03-07,1971,March,7,1971-03-01
1971-03-14,1971,March,14,1971-03-14
1971-03-21,1971,March,21,1971-03-21
1971-03-28,1971,March,28,1971-03-28
1971-04-04,1971,April,4,1971-04-01
1971-04-11,1971,April,11,1971-04-11
1971-04-18,1971,April,18,1971-04-18
1971-04-25,1971,April,25,1971-04-25
1971-05-02,1971,May,2,1971-05-01
1971-05-09,1971,May,9,1971-05-09
1971-05-16,1971,May,16,1971-05-16
1971-05-23,1971,May,23,1971-05-23
1971-05-30,1971,May,30,1971-05-30
1971-06-06,1971,June,6,1971-06-01
1971-06-13,1971,June,13,1971-06-13
1971-06-20,1971,June,20,1971-06-20
1971-06-27,1971,June,27,1971-06-27
1971-07-04,1971,July,4,1971-07-01
1971-07-11,1971,July,11,1971-07-11
1971-07-18,1971,July,18,1971-07-18
1971-07-25,1971,July,25,1971-07-25
1971-08-01,1971,August,1,1971-08-01
1971-08-08,1971,August,8,1971-08-08
1971-08-15,1971,August,15,1971-08-15
1971-08-22,1971,August,22,1971-08-22
1971-08-29,1971,August,29,1971-08-29
1971-09-05,1971,September,5,1971-09-01
1971-09-12,1971,September,12,1971-09-12
1971-09-19,1971,September,19,1971-09-19
1971-09-26,1971,September,26,1971-09-26
1971-10-03,1971,October,3,1971-10-01
1971-10-10,1971,October,10,1971-10-10
1971-10-17,1971,October,17,1971-10-17
1971-10-24,1971,October,24,1971-10-24
1971-10-31,1971,October,31,1971-10-31
1971-11-07,1971,November,7,1971-11-01
1971-11-14,1971,November,14,1971-11-14
1971-11-21,1971,November,21,1971-11-21
1971-11-28,1971,November,28,1971-11-28
1971-12-05,1971,December,5,1971-12-01
1971-12-12,1971,December,12,1971-12-12
1971-12-19,1971,December,19,1971-12-19
1971-12-26,1971,December,26,1971-12-26
1972-01-02,1972,January,2,1972-01-01
1972-01-09,1972,January,9,1972-01-09
1972-01-16,1972,January,16,1972-01-16
1972-01-23,1972,January,23,1972-01-23
1972-01-30,1972,January,30,1972-01-30
1972-02-06,1972,February,6,1972-02-01
1972-02-13,1972,February,13,1972-02-13
1972-02-20,1972,February,20,1972-02-20
1972-02-27,1972,February,27,1972-02-27
1972-03-05,1972,March,5,1972-03-01
1972-03-12,1972,March,12,1972-03-12
1972-03-19,1972,March,19,1972-03-19
1972-03-26,1972,March,26,1972-03-26
1972-04-02,1972,April,2,1972-04-01
1972-04-09,1972,April,9,1972-04-09
1972-04-16,1972,April,16,1972-04-16
1972-04-23,1972,April,23,1972-04-23
1972-04-30,1972,April,30,1972-04-30
1972-05-07,1972,May,7,1972-05-01
1972-05-14,1972,May,14,1972-05-14
1972-05-21,1972,May,21,1972-05-21
1972-05-28,1972,May,28,1972-05-28
1972-06-04,1972,June,4,1972-06-01
1972-06-11,1972,June,11,1972-06-11
1972-06-18,1972,June,18,1972-06-18
1972-06-25,1972,June,25,1972-06-25
1972-07-02,1972,July,2,1972-07-01
1972-07-09,1972,July,9,1972-07-09
1972-07-16,1972,July,16,1972-07-16
1972-07-23,1972,July,23,1972-07-23
1972-07-30,1972,July,30,1972-07-30
1972-08-06,1972,August,6,1972-08-01
1972-08-13,1972,August,13,1972-08-13
1972-08-20,1972,August,20,1972-08-20
1972-08-27,1972,August,27,1972-08-27
1972-09-03,1972,September,3,1972-09-01
1972-09-10,1972,September,10,1972-09-10
1972-09-17,1972,September,17,1972-09-17
1972-09-24,1972,September,24,1972-09-24
1972-10-01,1972,October,1,1972-10-01
1972-10-08,1972,October,8,1972-10-08
1972-10-15,1972,October,15,1972-10-15
1972-10-22,1972,October,22,1972-10-22
1972-10-29,1972,October,29,1972-10-29
1972-11-05,1972,November,5,1972-11-01
1972-11-12,1972,November,12,1972-11-12
1972-11-19,1972,November,19,1972-11-19
1972-11-26,1972,November,26,1972-11-26
1972-12-03,1972,December,3,1972-12-01
1972-12-10,1972,December,10,1972-12-10
1972-12-17,1972,December,17,1972-12-17
1972-12-24,1972,December,24,1972-12-24
1972-12-31,1972,December,31,1972-12-31
1973-01-07,1973,January,7,1973-01-01
1973-01-14,1973,January,14,1973-01-14
1973-01-21,1973,January,21,1973-01-21
1973-01-28,1973,January,28,1973-01-28
1973-02-04,1973,February,4,1973-02-01
1973-02-11,1973,February,11,1973-02-11
1973-02-18,1973,February,18,1973-02-18
1973-02-25,1973,February,25,1973-02-25
1973-03-04,1973,March,4,1973-03-01
1973-03-11,1973,March,11,1973-03-11
1973-03-18,1973,March,18,1973-03-18
1973-03-25,1973,March,25,1973-03-25
1973-04-01,1973,April,1,1973-04-01
1973-04-08,1973,April,8,1973-04-08
1973-04-15,1973,April,15,1973-04-15
1973-04-22,1973,April,22,1973-04-22
1973-04-29,1973,April,29,1973-04-29
1973-05-06,1973,May,6,1973-05-01
1973-05-13,1973,May,13,1973-05-13
1973-05-20,1973,May,20,1973-05-20
1973-05-27,1973,May,27,1973-05-27
1973-06-03,1973,June,3,1973-06-01
1973-06-10,1973,June,10,1973-06-10
1973-06-17,1973,June,17,1973-06-17
1973-06-24,1973,June,24,1973-06-24
1973-07-01,1973,July,1,1973-07-01
1973-07-08,1973,July,8,1973-07-08
1973-07-15,1973,July,15,1973-07-15
1973-07-22,1973,July,22,1973-07-22
1973-07-29,1973,July,29,1973-07-29
1973-08-05,1973,August,5,1973-08-01
1973-08-12,1973,August,12,1973-08-12
1973-08-19,1973,August,19,1973-08-19
1973-08-26,1973,August,26,1973-08-26
1973-09-02,1973,September,2,1973-09-01
1973-09-09,1973,September,9,1973-09-09
1973-09-16,1973,September,16,1973-09-16
1973-09-23,1973,September,23,1973-09-23
1973-09-30,1973,September,30,1973-09-30
1973-10-07,1973,October,7,1973-10-01
1973-10-14,1973,October,14,1973-10-14
1973-10-21,1973,October,21,1973-10-21
1973-10-28,1973,October,28,1973-10-28
1973-11-04,1973,November,4,1973-11-01
1973-11-11,1973,November,11,1973-11-11
1973-11-18,1973,November,18,1973-11-18
1973-11-25,1973,November,25,1973-11-25
1973-12-02,1973,December,2,1973-12-01
1973-12-09,1973,December,9,1973-12-09
1973-12-16,1973,December,16,1973-12-16
1973-12-23,1973,December,23,1973-12-23
1973-12-30,1973,December,30,1973-12-30
1974-01-06,1974,January,6,1974-01-01
1974-01-13,1974,January,13,1974-01-13
1974-01-20,1974,January,20,1974-01-20
1974-01-27,1974,January,27,1974-01-27
1974-02-03,1974,February,3,1974-02-01
1974-02-10,1974,February,10,1974-02-10
1974-02-17,1974,February,17,1974-02-17
1974-02-24,1974,February,24,1974-02-24
1974-03-03,1974,March,3,1974-03-01
1974-03-10,1974,March,10,1974-03-10
1974-03-17,1974,March,17,1974-03-17
1974-03-24,1974,March,24,1974-03-24
1974-03-31,1974,March,31,1974-03-31
1974-04-07,1974,April,7,1974-04-01
1974-04-14,1974,April,14,1974-04-14
1974-04-21,1974,April,21,1974-04-21
1974-04-28,1974,April,28,1974-04-28
1974-05-05,1974,May,5,1974-05-01
1974-05-12,1974,May,12,1974-05-12
1974-05-19,1974,May,19,1974-05-19
1974-05-26,1974,May,26,1974-05-26
1974-06-02,1974,June,2,1974-06-01
1974-06-09,1974,June,9,1974-06-09
1974-06-16,1974,June,16,1974-06-16
1974-06-23,1974,June,23,1974-06-23
1974-06-30,1974,June,30,1974-06-30
1974-07-07,1974,July,7,1974-07-01
1974-07-14,1974,July,14,1974-07-14
1974-07-21,1974,July,21,1974-07-21
1974-07-28,1974,July,28,1974-07-28
1974-08-04,1974,August,4,1974-08-01
1974-08-11,1974,August,11,1974-08-11
1974-08-18,1974,August,18,1974-08-18
1974-08-25,1974,August,25,1974-08-25
1974-09-01,1974,September,1,1974-09-01
1974-09-08,1974,September,8,1974-09-08
1974-09-15,1974,September,15,1974-09-15
1974-09-22,1974,September,22,1974-09-22
1974-09-29,1974,September,29,1974-09-29
1974-10-06,1974,October,6,1974-10-01
1974-10-13,1974,October,13,1974-10-13
1974-10-20,1974,October,20,1974-10-20
1974-10-27,1974,October,27,1974-10-27
1974-11-03,1974,November,3,1974-11-01
1974-11-10,1974,November,10,1974-11-10
1974-11-17,1974,November,17,1974-11-17
1974-11-24,1974,November,24,1974-11-24
1974-12-01,1974,December,1,1974-12-01
1974-12-08,1974,December,8,1974-12-08
1974-12-15,1974,December,15,1974-12-15
1974-12-22,1974,December,22,1974-12-22
1974-12-29,1974,December,29,1974-12-29
1975-01-05,1975,January,5,1975-01-01
1975-01-12,1975,January,12,1975-01-12
1975-01-19,1975,January,19,1975-01-19
1975-01-26,1975,January,26,1975-01-26
1975-02-02,1975,February,2,1975-02-01
1975-02-09,1975,February,9,1975-02-09
1975-02-16,1975,February,16,1975-02-16
1975-02-23,1975,February,23,1975-02-23
1975-03-02,1975,March,2,1975-03-01
1975-03-09,1975,March,9,1975-03-09
1975-03-16,1975,March,16,1975-03-16
1975-03-23,1975,March,23,1975-03-23
1975-03-30,1975,March,30,1975-03-30
1975-04-06,1975,April,6,1975-04-01
1975-04-13,1975,April,13,1975-04-13
1975-04-20,1975,April,20,1975-04-20
1975-04-27,1975,April,27,1975-04-27
1975-05-04,1975,May,4,1975-05-01
1975-05-11,1975,May,11,1975-05-11
1975-05-18,1975,May,18,1975-05-18
1975-05-25,1975,May,25,1975-05-25
1975-06-01,1975,June,1,1975-06-01
1975-06-08,1975,June,8,1975-06-08
1975-06-15,1975,June,15,1975-06-15
1975-06-22,1975,June,22,1975-06-22
1975-06-29,1975,June,29,1975-06-29
1975-07-06,1975,July,6,1975-07-01
1975-07-13,1975,July,13,1975-07-13
1975-07-20,1975,July,20,1975-07-20
1975-07-27,1975,July,27,1975-07-27
1975-08-03,1975,August,3,1975-08-01
1975-08-10,1975,August,10,1975-08-10
1975-08-17,1975,August,17,1975-08-17
1975-08-24,1975,August,24,1975-08-24
1975-08-31,1975,August,31,1975-08-31
1975-09-07,1975,September,7,1975-09-01
1975-09-14,1975,September,14,1975-09-14
1975-09-21,1975,September,21,1975-09-21
1975-09-28,1975,September,28,1975-09-28
1975-10-05,1975,October,5,1975-10-01
1975-10-12,1975,October,12,1975-10-12
1975-10-19,1975,October,19,1975-10-19
1975-10-26,1975,October,26,1975-10-26
1975-11-02,1975,November,2,1975-11-01
1975-11-09,1975,November,9,1975-11-09
1975-11-16,1975,November,16,1975-11-16
1975-11-23,1975,November,23,1975-11-23
1975-11-30,1975,November,30,1975-11-30
1975-12-07,1975,December,7,1975-12-01
1975-12-14,1975,December,14,1975-12-14
1975-12-21,1975,December,21,1975-12-21
1975-12-28,1975,December,28,1975-12-28
1976-01-04,1976,January,4,1976-01-01
1976-01-11,1976,January,11,1976-01-11
1976-01-18,1976,January,18,1976-01-18
1976-01-25,1976,January,25,1976-01-25
1976-02-01,1976,February,1,1976-02-01
1976-02-08,1976,February,8,1976-02-08
1976-02-15,1976,February,15,1976-02-15
1976-02-22,1976,February,22,1976-02-22
1976-02-29,1976,February,29,1976-02-29
1976-03-07,1976,March,7,1976-03-01
1976-03-14,1976,March,14,1976-03-14
1976-03-21,1976,March,21,1976-03-21
1976-03-28,1976,March,28,1976-03-28
1976-04-04,1976,April,4,1976-04-01
1976-04-11,1976,April,11,1976-04-11
1976-04-18,1976,April,18,1976-04-18
1976-04-25,1976,April,25,1976-04-25
1976-05-02,1976,May,2,1976-05-01
1976-05-09,1976,May,9,1976-05-09
1976-05-16,1976,May,16,1976-05-16
1976-05-23,1976,May,23,1976-05-23
1976-05-30,1976,May,30,1976-05-30
1976-06-06,1976,June,6,1976-06-01
1976-06-13,1976,June,13,1976-06-13
1976-06-20,1976,June,20,1976-06-20
1976-06-27,1976,June,27,1976-06-27
1976-07-04,1976,July,4,1976-07-01
1976-07-11,1976,July,11,1976-07-11
1976-07-18,1976,July,18,1976-07-18
1976-07-25,1976,July,25,1976-07-25
1976-08-01,1976,August,1,1976-08-01
1976-08-08,1976,August,8,1976-08-08
1976-08-15,1976,August,15,1976-08-15
1976-08-22,1976,August,22,1976-08-22
1976-08-29,1976,August,29,1976-08-29
1976-09-05,1976,September,5,1976-09-01
1976-09-12,1976,September,12,1976-09-12
1976-09-19,1976,September,19,1976-09-19
1976-09-26,1976,September,26,1976-09-26
1976-10-03,1976,October,3,1976-10-01
1976-10-10,1976,October,10,1976-10-10
1976-10-17,1976,October,17,1976-10-17
1976-10-24,1976,October,24,1976-10-24
1976-10-31,1976,October,31,1976-10-31
1976-11-07,1976,November,7,1976-11-01
1976-11-14,1976,November,14,1976-11-14
1976-11-21,1976,November,21,1976-11-21
1976-11-28,1976,November,28,1976-11-28
1976-12-05,1976,December,5,1976-12-01
1976-12-12,1976,December,12,1976-12-12
1976-12-19,1976,December,19,1976-12-19
1976-12-26,1976,December,26,1976-12-26
1977-01-02,1977,January,2,1977-01-01
1977-01-09,1977,January,9,1977-01-09
1977-01-16,1977,January,16,1977-01-16
1977-01-23,1977,January,23,1977-01-23
1977-01-30,1977,January,30,1977-01-30
1977-02-06,1977,February,6,1977-02-01
1977-02-13,1977,February,13,1977-02-13
1977-02-20,1977,February,20,1977-02-20
1977-02-27,1977,February,27,1977-02-27
1977-03-06,1977,March,6,1977-03-01
1977-03-13,1977,March,13,1977-03-13
1977-03-20,1977,March,20,1977-03-20
1977-03-27,1977,March,27,1977-03-27
1977-04-03,1977,April,3,1977-04-01
1977-04-10,1977,April,10,1977-04-10
1977-04-17,1977,April,17,1977-04-17
1977-04-24,1977,April,24,1977-04-24
1977-05-01,1977,May,1,1977-05-01
1977-05-08,1977,May,8,1977-05-08
1977-05-15,1977,May,15,1977-05-15
1977-05-22,1977,May,22,1977-05-22
1977-05-29,1977,May,29,1977-05-29
1977-06-05,1977,June,5,1977-06-01
1977-06-12,1977,June,12,1977-06-12
1977-06-19,1977,June,19,1977-06-19
1977-06-26,1977,June,26,1977-06-26
1977-07-03,1977,July,3,1977-07-01
1977-07-10,1977,July,10,1977-07-10
1977-07-17,1977,July,17,1977-07-17
1977-07-24,1977,July,24,1977-07-24
1977-07-31,1977,July,31,1977-07-31
1977-08-07,1977,August,7,1977-08-01
1977-08-14,1977,August,14,1977-08-14
1977-08-21,1977,August,21,1977-08-21
1977-08-28,1977,August,28,1977-08-28
1977-09-04,1977,September,4,1977-09-01
1977-09-11,1977,September,11,1977-09-11
1977-09-18,1977,September,18,1977-09-18
1977-09-25,1977,September,25,1977-09-25
1977-10-02,1977,October,2,1977-10-01
1977-10-09,1977,October,9,1977-10-09
1977-10-16,1977,October,16,1977-10-16
1977-10-23,1977,October,23,1977-10-23
1977-10-30,1977,October,30,1977-10-30
1977-11-06,1977,November,6,1977-11-01
1977-11-13,1977,November,13,1977-11-13
1977-11-20,1977,November,20,1977-11-20
1977-11-27,1977,November,27,1977-11-27
1977-12-04,1977,December,4,1977-12-01
1977-12-11,1977,December,11,1977-12-11
1977-12-18,1977,December,18,1977-12-18
1977-12-25,1977,December,25,1977-12-25
1978-01-01,1978,January,1,1978-01-01
1978-01-08,1978,January,8,1978-01-08
1978-01-15,1978,January,15,1978-01-15
1978-01-22,1978,January,22,1978-01-22
1978-01-29,1978,January,29,1978-01-29
1978-02-05,1978,February,5,1978-02-01
1978-02-12,1978,February,12,1978-02-12
1978-02-19,1978,February,19,1978-02-19
1978-02-26,1978,February,26,1978-02-26
1978-03-05,1978,March,5,1978-03-01
1978-03-12,1978,March,12,1978-03-12
1978-03-19,1978,March,19,1978-03-19
1978-03-26,1978,March,26,1978-03-26
1978-04-02,1978,April,2,1978-04-01
1978-04-09,1978,April,9,1978-04-09
1978-04-16,1978,April,16,1978-04-16
1978-04-23,1978,April,23,1978-04-23
1978-04-30,1978,April,30,1978-04-30
1978-05-07,1978,May,7,1978-05-01
1978-05-14,1978,May,14,1978-05-14
1978-05-21,1978,May,21,1978-05-21
1978-05-28,1978,May,28,1978-05-28
1978-06-04,1978,June,4,1978-06-01
1978-06-11,1978,June,11,1978-06-11
1978-06-18,1978,June,18,1978-06-18
1978-06-25,1978,June,25,1978-06-25
1978-07-02,1978,July,2,1978-07-01
1978-07-09,1978,July,9,1978-07-09
1978-07-16,1978,July,16,1978-07-16
1978-07-23,1978,July,23,1978-07-23
1978-07-30,1978,July,30,1978-07-30
1978-08-06,1978,August,6,1978-08-01
1978-08-13,1978,August,13,1978-08-13
1978-08-20,1978,August,20,1978-08-20
1978-08-27,1978,August,27,1978-08-27
1978-09-03,1978,September,3,1978-09-01
1978-09-10,1978,September,10,1978-09-10
1978-09-17,1978,September,17,1978-09-17
1978-09-24,1978,September,24,1978-09-24
1978-10-01,1978,October,1,1978-10-01
1978-10-08,1978,October,8,1978-10-08
1978-10-15,1978,October,15,1978-10-15
1978-10-22,1978,October,22,1978-10-22
1978-10-29,1978,October,29,1978-10-29
1978-11-05,1978,November,5,1978-11-01
1978-11-12,1978,November,12,1978-11-12
1978-11-19,1978,November,19,1978-11-19
1978-11-26,1978,November,26,1978-11-26
1978-12-03,1978,December,3,1978-12-01
1978-12-10,1978,December,10,1978-12-10
1978-12-17,1978,December,17,1978-12-17
1978-12-24,1978,December,24,1978-12-24
1978-12-31,1978,December,31,1978-12-31
1979-01-07,1979,January,7,1979-01-01
1979-01-14,1979,January,14,1979-01-14
1979-01-21,1979,January,21,1979-01-21
1979-01-28,1979,January,28,1979-01-28
1979-02-04,1979,February,4,1979-02-01
1979-02-11,1979,February,11,1979-02-11
1979-02-18,1979,February,18,1979-02-18
1979-02-25,1979,February,25,1979-02-25
1979-03-04,1979,March,4,1979-03-01
1979-03-11,1979,March,11,1979-03-11
1979-03-18,1979,March,18,1979-03-18
1979-03-25,1979,March,25,1979-03-25
1979-04-01,1979,April,1,1979-04-01
1979-04-08,1979,April,8,1979-04-08
1979-04-15,1979,April,15,1979-04-15
1979-04-22,1979,April,22,1979-04-22
1979-04-29,1979,April,29,1979-04-29
1979-05-06,1979,May,6,1979-05-01
1979-05-13,1979,May,13,1979-05-13
1979-05-20,1979,May,20,1979-05-20
1979-05-27,1979,May,27,1979-05-27
1979-06-03,1979,June,3,1979-06-01
1979-06-10,1979,June,10,1979-06-10
1979-06-17,1979,June,17,1979-06-17
1979-06-24,1979,June,24,1979-06-24
1979-07-01,1979,July,1,1979-07-01
1979-07-08,1979,July,8,1979-07-08
1979-07-15,1979,July,15,1979-07-15
1979-07-22,1979,July,22,1979-07-22
1979-07-29,1979,July,29,1979-07-29
1979-08-05,1979,August,5,1979-08-01
1979-08-12,1979,August,12,1979-08-12
1979-08-19,1979,August,19,1979-08-19
1979-08-26,1979,August,26,1979-08-26
1979-09-02,1979,September,2,1979-09-01
1979-09-09,1979,September,9,1979-09-09
1979-09-16,1979,September,16,1979-09-16
1979-09-23,1979,September,23,1979-09-23
1979-09-30,1979,September,30,1979-09-30
1979-10-07,1979,October,7,1979-10-01
1979-10-14,1979,October,14,1979-10-14
1979-10-21,1979,October,21,1979-10-21
1979-10-28,1979,October,28,1979-10-28
1979-11-04,1979,November,4,1979-11-01
1979-11-11,1979,November,11,1979-11-11
1979-11-18,1979,November,18,1979-11-18
1979-11-25,1979,November,25,1979-11-25
1979-12-02,1979,December,2,1979-12-01
1979-12-09,1979,December,9,1979-12-09
1979-12-16,1979,December,16,1979-12-16
1979-12-23,1979,December,23,1979-12-23
1979-12-30,1979,December,30,1979-12-30
1980-01-06,1980,January,6,1980-01-01
1980-01-13,1980,January,13,1980-01-13
1980-01-20,1980,January,20,1980-01-20
1980-01-27,1980,January,27,1980-01-27
1980-02-03,1980,February,3,1980-02-01
1980-02-10,1980,February,10,1980-02-10
1980-02-17,1980,February,17,1980-02-17
1980-02-24,1980,February,24,1980-02-24
1980-03-02,1980,March,2,1980-03-01
1980-03-09,1980,March,9,1980-03-09
1980-03-16,1980,March,16,1980-03-16
1980-03-23,1980,March,23,1980-03-23
1980-03-30,1980,March,30,1980-03-30
1980-04-06,1980,April,6,1980-04-01
1980-04-13,1980,April,13,1980-04-13
1980-04-20,1980,April,20,1980-04-20
1980-04-27,1980,April,27,1980-04-27
1980-05-04,1980,May,4,1980-05-01
1980-05-11,1980,May,11,1980-05-11
1980-05-18,1980,May,18,1980-05-18
1980-05-25,1980,May,25,1980-05-25
1980-06-01,1980,June,1,1980-06-01
1980-06-08,1980,June,8,1980-06-08
1980-06-15,1980,June,15,1980-06-15
1980-06-22,1980,June,22,1980-06-22
1980-06-29,1980,June,29,1980-06-29
1980-07-06,1980,July,6,1980-07-01
1980-07-13,1980,July,13,1980-07-13
1980-07-20,1980,July,20,1980-07-20
1980-07-27,1980,July,27,1980-07-27
1980-08-03,1980,August,3,1980-08-01
1980-08-10,1980,August,10,1980-08-10
1980-08-17,1980,August,17,1980-08-17
1980-08-24,1980,August,24,1980-08-24
1980-08-31,1980,August,31,1980-08-31
1980-09-07,1980,September,7,1980-09-01
1980-09-14,1980,September,14,1980-09-14
1980-09-21,1980,September,21,1980-09-21
1980-09-28,1980,September,28,1980-09-28
1980-10-05,1980,October,5,1980-10-01
1980-10-12,1980,October,12,1980-10-12
1980-10-19,1980,October,19,1980-10-19
1980-10-26,1980,October,26,1980-10-26
1980-11-02,1980,November,2,1980-11-01
1980-11-09,1980,November,9,1980-11-09
1980-11-16,1980,November,16,1980-11-16
1980-11-23,1980,November,23,1980-11-23
1980-11-30,1980,November,30,1980-11-30
1980-12-07,1980,December,7,1980-12-01
1980-12-14,1980,December,14,1980-12-14
1980-12-21,1980,December,21,1980-12-21
1980-12-28,1980,December,28,1980-12-28
1981-01-04,1981,January,4,1981-01-01
1981-01-11,1981,January,11,1981-01-11
1981-01-18,1981,January,18,1981-01-18
1981-01-25,1981,January,25,1981-01-25
1981-02-01,1981,February,1,1981-02-01
1981-02-08,1981,February,8,1981-02-08
1981-02-15,1981,February,15,1981-02-15
1981-02-22,1981,February,22,1981-02-22
1981-03-01,1981,March,1,1981-03-01
1981-03-08,1981,March,8,1981-03-08
1981-03-15,1981,March,15,1981-03-15
1981-03-22,1981,March,22,1981-03-22
1981-03-29,1981,March,29,1981-03-29
1981-04-05,1981,April,5,1981-04-01
1981-04-12,1981,April,12,1981-04-12
1981-04-19,1981,April,19,1981-04-19
1981-04-26,1981,April,26,1981-04-26
1981-05-03,1981,May,3,1981-05-01
1981-05-10,1981,May,10,1981-05-10
1981-05-17,1981,May,17,1981-05-17
1981-05-24,1981,May,24,1981-05-24
1981-05-31,1981,May,31,1981-05-31
1981-06-07,1981,June,7,1981-06-01
1981-06-14,1981,June,14,1981-06-14
1981-06-21,1981,June,21,1981-06-21
1981-06-28,1981,June,28,1981-06-28
1981-07-05,1981,July,5,1981-07-01
1981-07-12,1981,July,12,1981-07-12
1981-07-19,1981,July,19,1981-07-19
1981-07-26,1981,July,26,1981-07-26
1981-08-02,1981,August,2,1981-08-01
1981-08-09,1981,August,9,1981-08-09
1981-08-16,1981,August,16,1981-08-16
1981-08-23,1981,August,23,1981-08-23
1981-08-30,1981,August,30,1981-08-30
1981-09-06,1981,September,6,1981-09-01
1981-09-13,1981,September,13,1981-09-13
1981-09-20,1981,September,20,1981-09-20
1981-09-27,1981,September,27,1981-09-27
1981-10-04,1981,October,4,1981-10-01
1981-10-11,1981,October,11,1981-10-11
1981-10-18,1981,October,18,1981-10-18
1981-10-25,1981,October,25,1981-10-25
1981-11-01,1981,November,1,1981-11-01
1981-11-08,1981,November,8,1981-11-08
1981-11-15,1981,November,15,1981-11-15
1981-11-22,1981,November,22,1981-11-22
1981-11-29,1981,November,29,1981-11-29
1981-12-06,1981,December,6,1981-12-01
1981-12-13,1981,December,13,1981-12-13
1981-12-20,1981,December,20,1981-12-20
1981-12-27,1981,December,27,1981-12-27
1982-01-03,1982,January,3,1982-01-01
1982-01-10,1982,January,10,1982-01-10
1982-01-17,1982,January,17,1982-01-17
1982-01-24,1982,January,24,1982-01-24
1982-01-31,1982,January,31,1982-01-31
1982-02-07,1982,February,7,1982-02-01
1982-02-14,1982,February,14,1982-02-14
1982-02-21,1982,February,21,1982-02-21
1982-02-28,1982,February,28,1982-02-28
1982-03-07,1982,March,7,1982-03-01
1982-03-14,1982,March,14,1982-03-14
1982-03-21,1982,March,21,1982-03-21
1982-03-28,1982,March,28,1982-03-28
1982-04-04,1982,April,4,1982-04-01
1982-04-11,1982,April,11,1982-04-11
1982-04-18,1982,April,18,1982-04-18
1982-04-25,1982,April,25,1982-04-25
1982-05-02,1982,May,2,1982-05-01
1982-05-09,1982,May,9,1982-05-09
1982-05-16,1982,May,16,1982-05-16
1982-05-23,1982,May,23,1982-05-23
1982-05-30,1982,May,30,1982-05-30
1982-06-06,1982,June,6,1982-06-01
1982-06-13,1982,June,13,1982-06-13
1982-06-20,1982,June,20,1982-06-20
1982-06-27,1982,June,27,1982-06-27
1982-07-04,1982,July,4,1982-07-01
1982-07-11,1982,July,11,1982-07-11
1982-07-18,1982,July,18,1982-07-18
1982-07-25,1982,July,25,1982-07-25
1982-08-01,1982,August,1,1982-08-01
1982-08-08,1982,August,8,1982-08-08
1982-08-15,1982,August,15,1982-08-15
1982-08-22,1982,August,22,1982-08-22
1982-08-29,1982,August,29,1982-08-29
1982-09-05,1982,September,5,1982-09-01
1982-09-12,1982,September,12,1982-09-12
1982-09-19,1982,September,19,1982-09-19
1982-09-26,1982,September,26,1982-09-26
1982-10-03,1982,October,3,1982-10-01
1982-10-10,1982,October,10,1982-10-10
1982-10-17,1982,October,17,1982-10-17
1982-10-24,1982,October,24,1982-10-24
1982-10-31,1982,October,31,1982-10-31
1982-11-07,1982,November,7,1982-11-01
1982-11-14,1982,November,14,1982-11-14
1982-11-21,1982,November,21,1982-11-21
1982-11-28,1982,November,28,1982-11-28
1982-12-05,1982,December,5,1982-12-01
1982-12-12,1982,December,12,1982-12-12
1982-12-19,1982,December,19,1982-12-19
1982-12-26,1982,December,26,1982-12-26
1983-01-02,1983,January,2,1983-01-01
1983-01-09,1983,January,9,1983-01-09
1983-01-16,1983,January,16,1983-01-16
1983-01-23,1983,January,23,1983-01-23
1983-01-30,1983,January,30,1983-01-30
1983-02-06,1983,February,6,1983-02-01
1983-02-13,1983,February,13,1983-02-13
1983-02-20,1983,February,20,1983-02-20
1983-02-27,1983,February,27,1983-02-27
1983-03-06,1983,March,6,1983-03-01
1983-03-13,1983,March,13,1983-03-13
1983-03-20,1983,March,20,1983-03-20
1983-03-27,1983,March,27,1983-03-27
1983-04-03,1983,April,3,1983-04-01
1983-04-10,1983,April,10,1983-04-10
1983-04-17,1983,April,17,1983-04-17
1983-04-24,1983,April,24,1983-04-24
1983-05-01,1983,May,1,1983-05-01
1983-05-08,1983,May,8,1983-05-08
1983-05-15,1983,May,15,1983-05-15
1983-05-22,1983,May,22,1983-05-22
1983-05-29,1983,May,29,1983-05-29
1983-06-05,1983,June,5,1983-06-01
1983-06-12,1983,June,12,1983-06-12
1983-06-19,1983,June,19,1983-06-19
1983-06-26,1983,June,26,1983-06-26
1983-07-03,1983,July,3,1983-07-01
1983-07-10,1983,July,10,1983-07-10
1983-07-17,1983,July,17,1983-07-17
1983-07-24,1983,July,24,1983-07-24
1983-07-31,1983,July,31,1983-07-31
1983-08-07,1983,August,7,1983-08-01
1983-08-14,1983,August,14,1983-08-14
1983-08-21,1983,August,21,1983-08-21
1983-08-28,1983,August,28,1983-08-28
1983-09-04,1983,September,4,1983-09-01
1983-09-11,1983,September,11,1983-09-11
1983-09-18,1983,September,18,1983-09-18
1983-09-25,1983,September,25,1983-09-25
1983-10-02,1983,October,2,1983-10-01
1983-10-09,1983,October,9,1983-10-09
1983-10-16,1983,October,16,1983-10-16
1983-10-23,1983,October,23,1983-10-23
1983-10-30,1983,October,30,1983-10-30
1983-11-06,1983,November,6,1983-11-01
1983-11-13,1983,November,13,1983-11-13
1983-11-20,1983,November,20,1983-11-20
1983-11-27,1983,November,27,1983-11-27
1983-12-04,1983,December,4,1983-12-01
1983-12-11,1983,December,11,1983-12-11
1983-12-18,1983,December,18,1983-12-18
1983-12-25,1983,December,25,1983-12-25
1984-01-01,1984,January,1,1984-01-01
1984-01-08,1984,January,8,1984-01-08
1984-01-15,1984,January,15,1984-01-15
1984-01-22,1984,January,22,1984-01-22
1984-01-29,1984,January,29,1984-01-29
1984-02-05,1984,February,5,1984-02-01
1984-02-12,1984,February,12,1984-02-12
1984-02-19,1984,February,19,1984-02-19
1984-02-26,1984,February,26,1984-02-26
1984-03-04,1984,March,4,1984-03-01
1984-03-11,1984,March,11,1984-03-11
1984-03-18,1984,March,18,1984-03-18
1984-03-25,1984,March,25,1984-03-25
1984-04-01,1984,April,1,1984-04-01
1984-04-08,1984,April,8,1984-04-08
1984-04-15,1984,April,15,1984-04-15
1984-04-22,1984,April,22,1984-04-22
1984-04-29,1984,April,29,1984-04-29
1984-05-06,1984,May,6,1984-05-01
1984-05-13,1984,May,13,1984-05-13
1984-05-20,1984,May,20,1984-05-20
1984-05-27,1984,May,27,1984-05-27
1984-06-03,1984,June,3,1984-06-01
1984-06-10,1984,June,10,1984-06-10
1984-06-17,1984,June,17,1984-06-17
1984-06-24,1984,June,24,1984-06-24
1984-07-01,1984,July,1,1984-07-01
1984-07-08,1984,July,8,1984-07-08
1984-07-15,1984,July,15,1984-07-15
1984-07-22,1984,July,22,1984-07-22
1984-07-29,1984,July,29,1984-07-29
1984-08-05,1984,August,5,1984-08-01
1984-08-12,1984,August,12,1984-08-12
1984-08-19,1984,August,19,1984-08-19
1984-08-26,1984,August,26,1984-08-26
1984-09-02,1984,September,2,1984-09-01
1984-09-09,1984,September,9,1984-09-09
1984-09-16,1984,September,16,1984-09-16
1984-09-23,1984,September,23,1984-09-23
1984-09-30,1984,September,30,1984-09-30
1984-10-07,1984,October,7,1984-10-01
1984-10-14,1984,October,14,1984-10-14
1984-10-21,1984,October,21,1984-10-21
1984-10-28,1984,October,28,1984-10-28
1984-11-04,1984,November,4,1984-11-01
1984-11-11,1984,November,11,1984-11-11
1984-11-18,1984,November,18,1984-11-18
1984-11-25,1984,November,25,1984-11-25
1984-12-02,1984,December,2,1984-12-01
1984-12-09,1984,December,9,1984-12-09
1984-12-16,1984,December,16,1984-12-16
1984-12-23,1984,December,23,1984-12-23
1984-12-30,1984,December,30,1984-12-30
1985-01-06,1985,January,6,1985-01-01
1985-01-13,1985,January,13,1985-01-13
1985-01-20,1985,January,20,1985-01-20
1985-01-27,1985,January,27,1985-01-27
1985-02-03,1985,February,3,1985-02-01
1985-02-10,1985,February,10,1985-02-10
1985-02-17,1985,February,17,1985-02-17
1985-02-24,1985,February,24,1985-02-24
1985-03-03,1985,March,3,1985-03-01
1985-03-10,1985,March,10,1985-03-10
1985-03-17,1985,March,17,1985-03-17
1985-03-24,1985,March,24,1985-03-24
1985-03-31,1985,March,31,1985-03-31
1985-04-07,1985,April,7,1985-04-01
1985-04-14,1985,April,14,1985-04-14
1985-04-21,1985,April,21,1985-04-21
1985-04-28,1985,April,28,1985-04-28
1985-05-05,1985,May,5,1985-05-01
1985-05-12,1985,May,12,1985-05-12
1985-05-19,1985,May,19,1985-05-19
1985-05-26,1985,May,26,1985-05-26
1985-06-02,1985,June,2,1985-06-01
1985-06-09,1985,June,9,1985-06-09
1985-06-16,1985,June,16,1985-06-16
1985-06-23,1985,June,23,1985-06-23
1985-06-30,1985,June,30,1985-06-30
1985-07-07,1985,July,7,1985-07-01
1985-07-14,1985,July,14,1985-07-14
1985-07-21,1985,July,21,1985-07-21
1985-07-28,1985,July,28,1985-07-28
1985-08-04,1985,August,4,1985-08-01
1985-08-11,1985,August,11,1985-08-11
1985-08-18,1985,August,18,1985-08-18
1985-08-25,1985,August,25,1985-08-25
1985-09-01,1985,September,1,1985-09-01
1985-09-08,1985,September,8,1985-09-08
1985-09-15,1985,September,15,1985-09-15
1985-09-22,1985,September,22,1985-09-22
1985-09-29,1985,September,29,1985-09-29
1985-10-06,1985,October,6,1985-10-01
1985-10-13,1985,October,13,1985-10-13
1985-10-20,1985,October,20,1985-10-20
1985-10-27,1985,October,27,1985-10-27
1985-11-03,1985,November,3,1985-11-01
1985-11-10,1985,November,10,1985-11-10
1985-11-17,1985,November,17,1985-11-17
1985-11-24,1985,November,24,1985-11-24
1985-12-01,1985,December,1,1985-12-01
1985-12-08,1985,December,8,1985-12-08
1985-12-15,1985,December,15,1985-12-15
1985-12-22,1985,December,22,1985-12-22
1985-12-29,1985,December,29,1985-12-29
1986-01-05,1986,January,5,1986-01-01
1986-01-12,1986,January,12,1986-01-12
1986-01-19,1986,January,19,1986-01-19
1986-01-26,1986,January,26,1986-01-26
1986-02-02,1986,February,2,1986-02-01
1986-02-09,1986,February,9,1986-02-09
1986-02-16,1986,February,16,1986-02-16
1986-02-23,1986,February,23,1986-02-23
1986-03-02,1986,March,2,1986-03-01
1986-03-09,1986,March,9,1986-03-09
1986-03-16,1986,March,16,1986-03-16
1986-03-23,1986,March,23,1986-03-23
1986-03-30,1986,March,30,1986-03-30
1986-04-06,1986,April,6,1986-04-01
1986-04-13,1986,April,13,1986-04-13
1986-04-20,1986,April,20,1986-04-20
1986-04-27,1986,April,27,1986-04-27
1986-05-04,1986,May,4,1986-05-01
1986-05-11,1986,May,11,1986-05-11
1986-05-18,1986,May,18,1986-05-18
1986-05-25,1986,May,25,1986-05-25
1986-06-01,1986,June,1,1986-06-01
1986-06-08,1986,June,8,1986-06-08
1986-06-15,1986,June,15,1986-06-15
1986-06-22,1986,June,22,1986-06-22
1986-06-29,1986,June,29,1986-06-29
1986-07-06,1986,July,6,1986-07-01
1986-07-13,1986,July,13,1986-07-13
1986-07-20,1986,July,20,1986-07-20
1986-07-27,1986,July,27,1986-07-27
1986-08-03,1986,August,3,1986-08-01
1986-08-10,1986,August,10,1986-08-10
1986-08-17,1986,August,17,1986-08-17
1986-08-24,1986,August,24,1986-08-24
1986-08-31,1986,August,31,1986-08-31
1986-09-07,1986,September,7,1986-09-01
1986-09-14,1986,September,14,1986-09-14
1986-09-21,1986,September,21,1986-09-21
1986-09-28,1986,September,28,1986-09-28
1986-10-05,1986,October,5,1986-10-01
1986-10-12,1986,October,12,1986-10-12
1986-10-19,1986,October,19,1986-10-19
1986-10-26,1986,October,26,1986-10-26
1986-11-02,1986,November,2,1986-11-01
1986-11-09,1986,November,9,1986-11-09
1986-11-16,1986,November,16,1986-11-16
1986-11-23,1986,November,23,1986-11-23
1986-11-30,1986,November,30,1986-11-30
1986-12-07,1986,December,7,1986-12-01
1986-12-14,1986,December,14,1986-12-14
1986-12-21,1986,December,21,1986-12-21
1986-12-28,1986,December,28,1986-12-28
1987-01-04,1987,January,4,1987-01-01
1987-01-11,1987,January,11,1987-01-11
1987-01-18,1987,January,18,1987-01-18
1987-01-25,1987,January,25,1987-01-25
1987-02-01,1987,February,1,1987-02-01
1987-02-08,1987,February,8,1987-02-08
1987-02-15,1987,February,15,1987-02-15
1987-02-22,1987,February,22,1987-02-22
1987-03-01,1987,March,1,1987-03-01
1987-03-08,1987,March,8,1987-03-08
1987-03-15,1987,March,15,1987-03-15
1987-03-22,1987,March,22,1987-03-22
1987-03-29,1987,March,29,1987-03-29
1987-04-05,1987,April,5,1987-04-01
1987-04-12,1987,April,12,1987-04-12
1987-04-19,1987,April,19,1987-04-19
1987-04-26,1987,April,26,1987-04-26
1987-05-03,1987,May,3,1987-05-01
1987-05-10,1987,May,10,1987-05-10
1987-05-17,1987,May,17,1987-05-17
1987-05-24,1987,May,24,1987-05-24
1987-05-31,1987,May,31,1987-05-31
1987-06-07,1987,June,7,1987-06-01
1987-06-14,1987,June,14,1987-06-14
1987-06-21,1987,June,21,1987-06-21
1987-06-28,1987,June,28,1987-06-28
1987-07-05,1987,July,5,1987-07-01
1987-07-12,1987,July,12,1987-07-12
1987-07-19,1987,July,19,1987-07-19
1987-07-26,1987,July,26,1987-07-26
1987-08-02,1987,August,2,1987-08-01
1987-08-09,1987,August,9,1987-08-09
1987-08-16,1987,August,16,1987-08-16
1987-08-23,1987,August,23,1987-08-23
1987-08-30,1987,August,30,1987-08-30
1987-09-06,1987,September,6,1987-09-01
1987-09-13,1987,September,13,1987-09-13
1987-09-20,1987,September,20,1987-09-20
1987-09-27,1987,September,27,1987-09-27
1987-10-04,1987,October,4,1987-10-01
1987-10-11,1987,October,11,1987-10-11
1987-10-18,1987,October,18,1987-10-18
1987-10-25,1987,October,25,1987-10-25
1987-11-01,1987,November,1,1987-11-01
1987-11-08,1987,November,8,1987-11-08
1987-11-15,1987,November,15,1987-11-15
1987-11-22,1987,November,22,1987-11-22
1987-11-29,1987,November,29,1987-11-29
1987-12-06,1987,December,6,1987-12-01
1987-12-13,1987,December,13,1987-12-13
1987-12-20,1987,December,20,1987-12-20
1987-12-27,1987,December,27,1987-12-27
1988-01-03,1988,January,3,1988-01-01
1988-01-10,1988,January,10,1988-01-10
1988-01-17,1988,January,17,1988-01-17
1988-01-24,1988,January,24,1988-01-24
1988-01-31,1988,January,31,1988-01-31
1988-02-07,1988,February,7,1988-02-01
1988-02-14,1988,February,14,1988-02-14
1988-02-21,1988,February,21,1988-02-21
1988-02-28,1988,February,28,1988-02-28
1988-03-06,1988,March,6,1988-03-01
1988-03-13,1988,March,13,1988-03-13
1988-03-20,1988,March,20,1988-03-20
1988-03-27,1988,March,27,1988-03-27
1988-04-03,1988,April,3,1988-04-01
1988-04-10,1988,April,10,1988-04-10
1988-04-17,1988,April,17,1988-04-17
1988-04-24,1988,April,24,1988-04-24
1988-05-01,1988,May,1,1988-05-01
1988-05-08,1988,May,8,1988-05-08
1988-05-15,1988,May,15,1988-05-15
1988-05-22,1988,May,22,1988-05-22
1988-05-29,1988,May,29,1988-05-29
1988-06-05,1988,June,5,1988-06-01
1988-06-12,1988,June,12,1988-06-12
1988-06-19,1988,June,19,1988-06-19
1988-06-26,1988,June,26,1988-06-26
1988-07-03,1988,July,3,1988-07-01
1988-07-10,1988,July,10,1988-07-10
1988-07-17,1988,July,17,1988-07-17
1988-07-24,1988,July,24,1988-07-24
1988-07-31,1988,July,31,1988-07-31
1988-08-07,1988,August,7,1988-08-01
1988-08-14,1988,August,14,1988-08-14
1988-08-21,1988,August,21,1988-08-21
1988-08-28,1988,August,28,1988-08-28
1988-09-04,1988,September,4,1988-09-01
1988-09-11,1988,September,11,1988-09-11
1988-09-18,1988,September,18,1988-09-18
1988-09-25,1988,September,25,1988-09-25
1988-10-02,1988,October,2,1988-10-01
1988-10-09,1988,October,9,1988-10-09
1988-10-16,1988,October,16,1988-10-16
1988-10-23,1988,October,23,1988-10-23
1988-10-30,1988,October,30,1988-10-30
1988-11-06,1988,November,6,1988-11-01
1988-11-13,1988,November,13,1988-11-13
1988-11-20,1988,November,20,1988-11-20
1988-11-27,1988,November,27,1988-11-27
1988-12-04,1988,December,4,1988-12-01
1988-12-11,1988,December,11,1988-12-11
1988-12-18,1988,December,18,1988-12-18
1988-12-25,1988,December,25,1988-12-25
1989-01-01,1989,January,1,1989-01-01
1989-01-08,1989,January,8,1989-01-08
1989-01-15,1989,January,15,1989-01-15
1989-01-22,1989,January,22,1989-01-22
1989-01-29,1989,January,29,1989-01-29
1989-02-05,1989,February,5,1989-02-01
1989-02-12,1989,February,12,1989-02-12
1989-02-19,1989,February,19,1989-02-19
1989-02-26,1989,February,26,1989-02-26
1989-03-05,1989,March,5,1989-03-01
1989-03-12,1989,March,12,1989-03-12
1989-03-19,1989,March,19,1989-03-19
1989-03-26,1989,March,26,1989-03-26
1989-04-02,1989,April,2,1989-04-01
1989-04-09,1989,April,9,1989-04-09
1989-04-16,1989,April,16,1989-04-16
1989-04-23,1989,April,23,1989-04-23
1989-04-30,1989,April,30,1989-04-30
1989-05-07,1989,May,7,1989-05-01
1989-05-14,1989,May,14,1989-05-14
1989-05-21,1989,May,21,1989-05-21
1989-05-28,1989,May,28,1989-05-28
1989-06-04,1989,June,4,1989-06-01
1989-06-11,1989,June,11,1989-06-11
1989-06-18,1989,June,18,1989-06-18
1989-06-25,1989,June,25,1989-06-25
1989-07-02,1989,July,2,1989-07-01
1989-07-09,1989,July,9,1989-07-09
1989-07-16,1989,July,16,1989-07-16
1989-07-23,1989,July,23,1989-07-23
1989-07-30,1989,July,30,1989-07-30
1989-08-06,1989,August,6,1989-08-01
1989-08-13,1989,August,13,1989-08-13
1989-08-20,1989,August,20,1989-08-20
1989-08-27,1989,August,27,1989-08-27
1989-09-03,1989,September,3,1989-09-01
1989-09-10,1989,September,10,1989-09-10
1989-09-17,1989,September,17,1989-09-17
1989-09-24,1989,September,24,1989-09-24
1989-10-01,1989,October,1,1989-10-01
1989-10-08,1989,October,8,1989-10-08
1989-10-15,1989,October,15,1989-10-15
1989-10-22,1989,October,22,1989-10-22
1989-10-29,1989,October,29,1989-10-29
1989-11-05,1989,November,5,1989-11-01
1989-11-12,1989,November,12,1989-11-12
1989-11-19,1989,November,19,1989-11-19
1989-11-26,1989,November,26,1989-11-26
1989-12-03,1989,December,3,1989-12-01
1989-12-10,1989,December,10,1989-12-10
1989-12-17,1989,December,17,1989-12-17
1989-12-24,1989,December,24,1989-12-24
1989-12-31,1989,December,31,1989-12-31
1990-01-07,1990,January,7,1990-01-01
1990-01-14,1990,January,14,1990-01-14
1990-01-21,1990,January,21,1990-01-21
1990-01-28,1990,January,28,1990-01-28
1990-02-04,1990,February,4,1990-02-01
1990-02-11,1990,February,11,1990-02-11
1990-02-18,1990,February,18,1990-02-18
1990-02-25,1990,February,25,1990-02-25
1990-03-04,1990,March,4,1990-03-01
1990-03-11,1990,March,11,1990-03-11
1990-03-18,1990,March,18,1990-03-18
1990-03-25,1990,March,25,1990-03-25
1990-04-01,1990,April,1,1990-04-01
1990-04-08,1990,April,8,1990-04-08
1990-04-15,1990,April,15,1990-04-15
1990-04-22,1990,April,22,1990-04-22
1990-04-29,1990,April,29,1990-04-29
1990-05-06,1990,May,6,1990-05-01
1990-05-13,1990,May,13,1990-05-13
1990-05-20,1990,May,20,1990-05-20
1990-05-27,1990,May,27,1990-05-27
1990-06-03,1990,June,3,1990-06-01
1990-06-10,1990,June,10,1990-06-10
1990-06-17,1990,June,17,1990-06-17
1990-06-24,1990,June,24,1990-06-24
1990-07-01,1990,July,1,1990-07-01
1990-07-08,1990,July,8,1990-07-08
1990-07-15,1990,July,15,1990-07-15
1990-07-22,1990,July,22,1990-07-22
1990-07-29,1990,July,29,1990-07-29
1990-08-05,1990,August,5,1990-08-01
1990-08-12,1990,August,12,1990-08-12
1990-08-19,1990,August,19,1990-08-19
1990-08-26,1990,August,26,1990-08-26
1990-09-02,1990,September,2,1990-09-01
1990-09-09,1990,September,9,1990-09-09
1990-09-16,1990,September,16,1990-09-16
1990-09-23,1990,September,23,1990-09-23
1990-09-30,1990,September,30,1990-09-30
1990-10-07,1990,October,7,1990-10-01
1990-10-14,1990,October,14,1990-10-14
1990-10-21,1990,October,21,1990-10-21
1990-10-28,1990,October,28,1990-10-28
1990-11-04,1990,November,4,1990-11-01
1990-11-11,1990,November,11,1990-11-11
1990-11-18,1990,November,18,1990-11-18
1990-11-25,1990,November,25,1990-11-25
1990-12-02,1990,December,2,1990-12-01
1990-12-09,1990,December,9,1990-12-09
1990-12-16,1990,December,16,1990-12-16
1990-12-23,1990,December,23,1990-12-23
1990-12-30,1990,December,30,1990-12-30
1991-01-06,1991,January,6,1991-01-01
1991-01-13,1991,January,13,1991-01-13
1991-01-20,1991,January,20,1991-01-20
1991-01-27,1991,January,27,1991-01-27
1991-02-03,1991,February,3,1991-02-01
1991-02-10,1991,February,10,1991-02-10
1991-02-17,1991,February,17,1991-02-17
1991-02-24,1991,February,24,1991-02-24
1991-03-03,1991,March,3,1991-03-01
1991-03-10,1991,March,10,1991-03-10
1991-03-17,1991,March,17,1991-03-17
1991-03-24,1991,March,24,1991-03-24
1991-03-31,1991,March,31,1991-03-31
1991-04-07,1991,April,7,1991-04-01
1991-04-14,1991,April,14,1991-04-14
1991-04-21,1991,April,21,1991-04-21
1991-04-28,1991,April,28,1991-04-28
1991-05-05,1991,May,5,1991-05-01
1991-05-12,1991,May,12,1991-05-12
1991-05-19,1991,May,19,1991-05-19
1991-05-26,1991,May,26,1991-05-26
1991-06-02,1991,June,2,1991-06-01
1991-06-09,1991,June,9,1991-06-09
1991-06-16,1991,June,16,1991-06-16
1991-06-23,1991,June,23,1991-06-23
1991-06-30,1991,June,30,1991-06-30
1991-07-07,1991,July,7,1991-07-01
1991-07-14,1991,July,14,1991-07-14
1991-07-21,1991,July,21,1991-07-21
1991-07-28,1991,July,28,1991-07-28
1991-08-04,1991,August,4,1991-08-01
1991-08-11,1991,August,11,1991-08-11
1991-08-18,1991,August,18,1991-08-18
1991-08-25,1991,August,25,1991-08-25
1991-09-01,1991,September,1,1991-09-01
1991-09-08,1991,September,8,1991-09-08
1991-09-15,1991,September,15,1991-09-15
1991-09-22,1991,September,22,1991-09-22
1991-09-29,1991,September,29,1991-09-29
1991-10-06,1991,October,6,1991-10-01
1991-10-13,1991,October,13,1991-10-13
1991-10-20,1991,October,20,1991-10-20
1991-10-27,1991,October,27,1991-10-27
1991-11-03,1991,November,3,1991-11-01
1991-11-10,1991,November,10,1991-11-10
1991-11-17,1991,November,17,1991-11-17
1991-11-24,1991,November,24,1991-11-24
1991-12-01,1991,December,1,1991-12-01
1991-12-08,1991,December,8,1991-12-08
1991-12-15,1991,December,15,1991-12-15
1991-12-22,1991,December,22,1991-12-22
1991-12-29,1991,December,29,1991-12-29
1992-01-05,1992,January,5,1992-01-01
1992-01-12,1992,January,12,1992-01-12
1992-01-19,1992,January,19,1992-01-19
1992-01-26,1992,January,26,1992-01-26
1992-02-02,1992,February,2,1992-02-01
1992-02-09,1992,February,9,1992-02-09
1992-02-16,1992,February,16,1992-02-16
1992-02-23,1992,February,23,1992-02-23
1992-03-01,1992,March,1,1992-03-01
1992-03-08,1992,March,8,1992-03-08
1992-03-15,1992,March,15,1992-03-15
1992-03-22,1992,March,22,1992-03-22
1992-03-29,1992,March,29,1992-03-29
1992-04-05,1992,April,5,1992-04-01
1992-04-12,1992,April,12,1992-04-12
1992-04-19,1992,April,19,1992-04-19
1992-04-26,1992,April,26,1992-04-26
1992-05-03,1992,May,3,1992-05-01
1992-05-10,1992,May,10,1992-05-10
1992-05-17,1992,May,17,1992-05-17
1992-05-24,1992,May,24,1992-05-24
1992-05-31,1992,May,31,1992-05-31
1992-06-07,1992,June,7,1992-06-01
1992-06-14,1992,June,14,1992-06-14
1992-06-21,1992,June,21,1992-06-21
1992-06-28,1992,June,28,1992-06-28
1992-07-05,1992,July,5,1992-07-01
1992-07-12,1992,July,12,1992-07-12
1992-07-19,1992,July,19,1992-07-19
1992-07-26,1992,July,26,1992-07-26
1992-08-02,1992,August,2,1992-08-01
1992-08-09,1992,August,9,1992-08-09
1992-08-16,1992,August,16,1992-08-16
1992-08-23,1992,August,23,1992-08-23
1992-08-30,1992,August,30,1992-08-30
1992-09-06,1992,September,6,1992-09-01
1992-09-13,1992,September,13,1992-09-13
1992-09-20,1992,September,20,1992-09-20
1992-09-27,1992,September,27,1992-09-27
1992-10-04,1992,October,4,1992-10-01
1992-10-11,1992,October,11,1992-10-11
1992-10-18,1992,October,18,1992-10-18
1992-10-25,1992,October,25,1992-10-25
1992-11-01,1992,November,1,1992-11-01
1992-11-08,1992,November,8,1992-11-08
1992-11-15,1992,November,15,1992-11-15
1992-11-22,1992,November,22,1992-11-22
1992-11-29,1992,November,29,1992-11-29
1992-12-06,1992,December,6,1992-12-01
1992-12-13,1992,December,13,1992-12-13
1992-12-20,1992,December,20,1992-12-20
1992-12-27,1992,December,27,1992-12-27
1993-01-03,1993,January,3,1993-01-01
1993-01-10,1993,January,10,1993-01-10
1993-01-17,1993,January,17,1993-01-17
1993-01-24,1993,January,24,1993-01-24
1993-01-31,1993,January,31,1993-01-31
1993-02-07,1993,February,7,1993-02-01
1993-02-14,1993,February,14,1993-02-14
1993-02-21,1993,February,21,1993-02-21
1993-02-28,1993,February,28,1993-02-28
1993-03-07,1993,March,7,1993-03-01
1993-03-14,1993,March,14,1993-03-14
1993-03-21,1993,March,21,1993-03-21
1993-03-28,1993,March,28,1993-03-28
1993-04-04,1993,April,4,1993-04-01
1993-04-11,1993,April,11,1993-04-11
1993-04-18,1993,April,18,1993-04-18
1993-04-25,1993,April,25,1993-04-25
1993-05-02,1993,May,2,1993-05-01
1993-05-09,1993,May,9,1993-05-09
1993-05-16,1993,May,16,1993-05-16
1993-05-23,1993,May,23,1993-05-23
1993-05-30,1993,May,30,1993-05-30
1993-06-06,1993,June,6,1993-06-01
1993-06-13,1993,June,13,1993-06-13
1993-06-20,1993,June,20,1993-06-20
1993-06-27,1993,June,27,1993-06-27
1993-07-04,1993,July,4,1993-07-01
1993-07-11,1993,July,11,1993-07-11
1993-07-18,1993,July,18,1993-07-18
1993-07-25,1993,July,25,1993-07-25
1993-08-01,1993,August,1,1993-08-01
1993-08-08,1993,August,8,1993-08-08
1993-08-15,1993,August,15,1993-08-15
1993-08-22,1993,August,22,1993-08-22
1993-08-29,1993,August,29,1993-08-29
1993-09-05,1993,September,5,1993-09-01
1993-09-12,1993,September,12,1993-09-12
1993-09-19,1993,September,19,1993-09-19
1993-09-26,1993,September,26,1993-09-26
1993-10-03,1993,October,3,1993-10-01
1993-10-10,1993,October,10,1993-10-10
1993-10-17,1993,October,17,1993-10-17
1993-10-24,1993,October,24,1993-10-24
1993-10-31,1993,October,31,1993-10-31
1993-11-07,1993,November,7,1993-11-01
1993-11-14,1993,November,14,1993-11-14
1993-11-21,1993,November,21,1993-11-21
1993-11-28,1993,November,28,1993-11-28
1993-12-05,1993,December,5,1993-12-01
1993-12-12,1993,December,12,1993-12-12
1993-12-19,1993,December,19,1993-12-19
1993-12-26,1993,December,26,1993-12-26
1994-01-02,1994,January,2,1994-01-01
1994-01-09,1994,January,9,1994-01-09
1994-01-16,1994,January,16,1994-01-16
1994-01-23,1994,January,23,1994-01-23
1994-01-30,1994,January,30,1994-01-30
1994-02-06,1994,February,6,1994-02-01
1994-02-13,1994,February,13,1994-02-13
1994-02-20,1994,February,20,1994-02-20
1994-02-27,1994,February,27,1994-02-27
1994-03-06,1994,March,6,1994-03-01
1994-03-13,1994,March,13,1994-03-13
1994-03-20,1994,March,20,1994-03-20
1994-03-27,1994,March,27,1994-03-27
1994-04-03,1994,April,3,1994-04-01
1994-04-10,1994,April,10,1994-04-10
1994-04-17,1994,April,17,1994-04-17
1994-04-24,1994,April,24,1994-04-24
1994-05-01,1994,May,1,1994-05-01
1994-05-08,1994,May,8,1994-05-08
1994-05-15,1994,May,15,1994-05-15
1994-05-22,1994,May,22,1994-05-22
1994-05-29,1994,May,29,1994-05-29
1994-06-05,1994,June,5,1994-06-01
1994-06-12,1994,June,12,1994-06-12
1994-06-19,1994,June,19,1994-06-19
1994-06-26,1994,June,26,1994-06-26
1994-07-03,1994,July,3,1994-07-01
1994-07-10,1994,July,10,1994-07-10
1994-07-17,1994,July,17,1994-07-17
1994-07-24,1994,July,24,1994-07-24
1994-07-31,1994,July,31,1994-07-31
1994-08-07,1994,August,7,1994-08-01
1994-08-14,1994,August,14,1994-08-14
1994-08-21,1994,August,21,1994-08-21
1994-08-28,1994,August,28,1994-08-28
1994-09-04,1994,September,4,1994-09-01
1994-09-11,1994,September,11,1994-09-11
1994-09-18,1994,September,18,1994-09-18
1994-09-25,1994,September,25,1994-09-25
1994-10-02,1994,October,2,1994-10-01
1994-10-09,1994,October,9,1994-10-09
1994-10-16,1994,October,16,1994-10-16
1994-10-23,1994,October,23,1994-10-23
1994-10-30,1994,October,30,1994-10-30
1994-11-06,1994,November,6,1994-11-01
1994-11-13,1994,November,13,1994-11-13
1994-11-20,1994,November,20,1994-11-20
1994-11-27,1994,November,27,1994-11-27
1994-12-04,1994,December,4,1994-12-01
1994-12-11,1994,December,11,1994-12-11
1994-12-18,1994,December,18,1994-12-18
1994-12-25,1994,December,25,1994-12-25
1995-01-01,1995,January,1,1995-01-01
1995-01-08,1995,January,8,1995-01-08
1995-01-15,1995,January,15,1995-01-15
1995-01-22,1995,January,22,1995-01-22
1995-01-29,1995,January,29,1995-01-29
1995-02-05,1995,February,5,1995-02-01
1995-02-12,1995,February,12,1995-02-12
1995-02-19,1995,February,19,1995-02-19
1995-02-26,1995,February,26,1995-02-26
1995-03-05,1995,March,5,1995-03-01
1995-03-12,1995,March,12,1995-03-12
1995-03-19,1995,March,19,1995-03-19
1995-03-26,1995,March,26,1995-03-26
1995-04-02,1995,April,2,1995-04-01
1995-04-09,1995,April,9,1995-04-09
1995-04-16,1995,April,16,1995-04-16
1995-04-23,1995,April,23,1995-04-23
1995-04-30,1995,April,30,1995-04-30
1995-05-07,1995,May,7,1995-05-01
1995-05-14,1995,May,14,1995-05-14
1995-05-21,1995,May,21,1995-05-21
1995-05-28,1995,May,28,1995-05-28
1995-06-04,1995,June,4,1995-06-01
1995-06-11,1995,June,11,1995-06-11
1995-06-18,1995,June,18,1995-06-18
1995-06-25,1995,June,25,1995-06-25
1995-07-02,1995,July,2,1995-07-01
1995-07-09,1995,July,9,1995-07-09
1995-07-16,1995,July,16,1995-07-16
1995-07-23,1995,July,23,1995-07-23
1995-07-30,1995,July,30,1995-07-30
1995-08-06,1995,August,6,1995-08-01
1995-08-13,1995,August,13,1995-08-13
1995-08-20,1995,August,20,1995-08-20
1995-08-27,1995,August,27,1995-08-27
1995-09-03,1995,September,3,1995-09-01
1995-09-10,1995,September,10,1995-09-10
1995-09-17,1995,September,17,1995-09-17
1995-09-24,1995,September,24,1995-09-24
1995-10-01,1995,October,1,1995-10-01
1995-10-08,1995,October,8,1995-10-08
1995-10-15,1995,October,15,1995-10-15
1995-10-22,1995,October,22,1995-10-22
1995-10-29,1995,October,29,1995-10-29
1995-11-05,1995,November,5,1995-11-01
1995-11-12,1995,November,12,1995-11-12
1995-11-19,1995,November,19,1995-11-19
1995-11-26,1995,November,26,1995-11-26
1995-12-03,1995,December,3,1995-12-01
1995-12-10,1995,December,10,1995-12-10
1995-12-17,1995,December,17,1995-12-17
1995-12-24,1995,December,24,1995-12-24
1995-12-31,1995,December,31,1995-12-31
1996-01-07,1996,January,7,1996-01-01
1996-01-14,1996,January,14,1996-01-14
1996-01-21,1996,January,21,1996-01-21
1996-01-28,1996,January,28,1996-01-28
1996-02-04,1996,February,4,1996-02-01
1996-02-11,1996,February,11,1996-02-11
1996-02-18,1996,February,18,1996-02-18
1996-02-25,1996,February,25,1996-02-25
1996-03-03,1996,March,3,1996-03-01
1996-03-10,1996,March,10,1996-03-10
1996-03-17,1996,March,17,1996-03-17
1996-03-24,1996,March,24,1996-03-24
1996-03-31,1996,March,31,1996-03-31
1996-04-07,1996,April,7,1996-04-01
1996-04-14,1996,April,14,1996-04-14
1996-04-21,1996,April,21,1996-04-21
1996-04-28,1996,April,28,1996-04-28
1996-05-05,1996,May,5,1996-05-01
1996-05-12,1996,May,12,1996-05-12
1996-05-19,1996,May,19,1996-05-19
1996-05-26,1996,May,26,1996-05-26
1996-06-02,1996,June,2,1996-06-01
1996-06-09,1996,June,9,1996-06-09
1996-06-16,1996,June,16,1996-06-16
1996-06-23,1996,June,23,1996-06-23
1996-06-30,1996,June,30,1996-06-30
1996-07-07,1996,July,7,1996-07-01
1996-07-14,1996,July,14,1996-07-14
1996-07-21,1996,July,21,1996-07-21
1996-07-28,1996,July,28,1996-07-28
1996-08-04,1996,August,4,1996-08-01
1996-08-11,1996,August,11,1996-08-11
1996-08-18,1996,August,18,1996-08-18
1996-08-25,1996,August,25,1996-08-25
1996-09-01,1996,September,1,1996-09-01
1996-09-08,1996,September,8,1996-09-08
1996-09-15,1996,September,15,1996-09-15
1996-09-22,1996,September,22,1996-09-22
1996-09-29,1996,September,29,1996-09-29
1996-10-06,1996,October,6,1996-10-01
1996-10-13,1996,October,13,1996-10-13
1996-10-20,1996,October,20,1996-10-20
1996-10-27,1996,October,27,1996-10-27
1996-11-03,1996,November,3,1996-11-01
1996-11-10,1996,November,10,1996-11-10
1996-11-17,1996,November,17,1996-11-17
1996-11-24,1996,November,24,1996-11-24
1996-12-01,1996,December,1,1996-12-01
1996-12-08,1996,December,8,1996-12-08
1996-12-15,1996,December,15,1996-12-15
1996-12-22,1996,December,22,1996-12-22
1996-12-29,1996,December,29,1996-12-29
1997-01-05,1997,January,5,1997-01-01
1997-01-12,1997,January,12,1997-01-12
1997-01-19,1997,January,19,1997-01-19
1997-01-26,1997,January,26,1997-01-26
1997-02-02,1997,February,2,1997-02-01
1997-02-09,1997,February,9,1997-02-09
1997-02-16,1997,February,16,1997-02-16
1997-02-23,1997,February,23,1997-02-23
1997-03-02,1997,March,2,1997-03-01
1997-03-09,1997,March,9,1997-03-09
1997-03-16,1997,March,16,1997-03-16
1997-03-23,1997,March,23,1997-03-23
1997-03-30,1997,March,30,1997-03-30
1997-04-06,1997,April,6,1997-04-01
1997-04-13,1997,April,13,1997-04-13
1997-04-20,1997,April,20,1997-04-20
1997-04-27,1997,April,27,1997-04-27
1997-05-04,1997,May,4,1997-05-01
1997-05-11,1997,May,11,1997-05-11
1997-05-18,1997,May,18,1997-05-18
1997-05-25,1997,May,25,1997-05-25
1997-06-01,1997,June,1,1997-06-01
1997-06-08,1997,June,8,1997-06-08
1997-06-15,1997,June,15,1997-06-15
1997-06-22,1997,June,22,1997-06-22
1997-06-29,1997,June,29,1997-06-29
1997-07-06,1997,July,6,1997-07-01
1997-07-13,1997,July,13,1997-07-13
1997-07-20,1997,July,20,1997-07-20
1997-07-27,1997,July,27,1997-07-27
1997-08-03,1997,August,3,1997-08-01
1997-08-10,1997,August,10,1997-08-10
1997-08-17,1997,August,17,1997-08-17
1997-08-24,1997,August,24,1997-08-24
1997-08-31,1997,August,31,1997-08-31
1997-09-07,1997,September,7,1997-09-01
1997-09-14,1997,September,14,1997-09-14
1997-09-21,1997,September,21,1997-09-21
1997-09-28,1997,September,28,1997-09-28
1997-10-05,1997,October,5,1997-10-01
1997-10-12,1997,October,12,1997-10-12
1997-10-19,1997,October,19,1997-10-19
1997-10-26,1997,October,26,1997-10-26
1997-11-02,1997,November,2,1997-11-01
1997-11-09,1997,November,9,1997-11-09
1997-11-16,1997,November,16,1997-11-16
1997-11-23,1997,November,23,1997-11-23
1997-11-30,1997,November,30,1997-11-30
1997-12-07,1997,December,7,1997-12-01
1997-12-14,1997,December,14,1997-12-14
1997-12-21,1997,December,21,1997-12-21
1997-12-28,1997,December,28,1997-12-28
1998-01-04,1998,January,4,1998-01-01
1998-01-11,1998,January,11,1998-01-11
1998-01-18,1998,January,18,1998-01-18
1998-01-25,1998,January,25,1998-01-25
1998-02-01,1998,February,1,1998-02-01
1998-02-08,1998,February,8,1998-02-08
1998-02-15,1998,February,15,1998-02-15
1998-02-22,1998,February,22,1998-02-22
1998-03-01,1998,March,1,1998-03-01
1998-03-08,1998,March,8,1998-03-08
1998-03-15,1998,March,15,1998-03-15
1998-03-22,1998,March,22,1998-03-22
1998-03-29,1998,March,29,1998-03-29
1998-04-05,1998,April,5,1998-04-01
1998-04-12,1998,April,12,1998-04-12
1998-04-19,1998,April,19,1998-04-19
1998-04-26,1998,April,26,1998-04-26
1998-05-03,1998,May,3,1998-05-01
1998-05-10,1998,May,10,1998-05-10
1998-05-17,1998,May,17,1998-05-17
1998-05-24,1998,May,24,1998-05-24
1998-05-31,1998,May,31,1998-05-31
1998-06-07,1998,June,7,1998-06-01
1998-06-14,1998,June,14,1998-06-14
1998-06-21,1998,June,21,1998-06-21
1998-06-28,1998,June,28,1998-06-28
1998-07-05,1998,July,5,1998-07-01
1998-07-12,1998,July,12,1998-07-12
1998-07-19,1998,July,19,1998-07-19
1998-07-26,1998,July,26,1998-07-26
1998-08-02,1998,August,2,1998-08-01
1998-08-09,1998,August,9,1998-08-09
1998-08-16,1998,August,16,1998-08-16
1998-08-23,1998,August,23,1998-08-23
1998-08-30,1998,August,30,1998-08-30
1998-09-06,1998,September,6,1998-09-01
1998-09-13,1998,September,13,1998-09-13
1998-09-20,1998,September,20,1998-09-20
1998-09-27,1998,September,27,1998-09-27
1998-10-04,1998,October,4,1998-10-01
1998-10-11,1998,October,11,1998-10-11
1998-10-18,1998,October,18,1998-10-18
1998-10-25,1998,October,25,1998-10-25
1998-11-01,1998,November,1,1998-11-01
1998-11-08,1998,November,8,1998-11-08
1998-11-15,1998,November,15,1998-11-15
1998-11-22,1998,November,22,1998-11-22
1998-11-29,1998,November,29,1998-11-29
1998-12-06,1998,December,6,1998-12-01
1998-12-13,1998,December,13,1998-12-13
1998-12-20,1998,December,20,1998-12-20
1998-12-27,1998,December,27,1998-12-27
1999-01-03,1999,January,3,1999-01-01
1999-01-10,1999,January,10,1999-01-10
1999-01-17,1999,January,17,1999-01-17
1999-01-24,1999,January,24,1999-01-24
1999-01-31,1999,January,31,1999-01-31
1999-02-07,1999,February,7,1999-02-01
1999-02-14,1999,February,14,1999-02-14
1999-02-21,1999,February,21,1999-02-21
1999-02-28,1999,February,28,1999-02-28
1999-03-07,1999,March,7,1999-03-01
1999-03-14,1999,March,14,1999-03-14
1999-03-21,1999,March,21,1999-03-21
1999-03-28,1999,March,28,1999-03-28
1999-04-04,1999,April,4,1999-04-01
1999-04-11,1999,April,11,1999-04-11
1999-04-18,1999,April,18,1999-04-18
1999-04-25,1999,April,25,1999-04-25
1999-05-02,1999,May,2,1999-05-01
1999-05-09,1999,May,9,1999-05-09
1999-05-16,1999,May,16,1999-05-16
1999-05-23,1999,May,23,1999-05-23
1999-05-30,1999,May,30,1999-05-30
1999-06-06,1999,June,6,1999-06-01
1999-06-13,1999,June,13,1999-06-13
1999-06-20,1999,June,20,1999-06-20
1999-06-27,1999,June,27,1999-06-27
1999-07-04,1999,July,4,1999-07-01
1999-07-11,1999,July,11,1999-07-11
1999-07-18,1999,July,18,1999-07-18
1999-07-25,1999,July,25,1999-07-25
1999-08-01,1999,August,1,1999-08-01
1999-08-08,1999,August,8,1999-08-08
1999-08-15,1999,August,15,1999-08-15
1999-08-22,1999,August,22,1999-08-22
1999-08-29,1999,August,29,1999-08-29
1999-09-05,1999,September,5,1999-09-01
1999-09-12,1999,September,12,1999-09-12
1999-09-19,1999,September,19,1999-09-19
1999-09-26,1999,September,26,1999-09-26
1999-10-03,1999,October,3,1999-10-01
1999-10-10,1999,October,10,1999-10-10
1999-10-17,1999,October,17,1999-10-17
1999-10-24,1999,October,24,1999-10-24
1999-10-31,1999,October,31,1999-10-31
1999-11-07,1999,November,7,1999-11-01
1999-11-14,1999,November,14,1999-11-14
1999-11-21,1999,November,21,1999-11-21
1999-11-28,1999,November,28,1999-11-28
1999-12-05,1999,December,5,1999-12-01
1999-12-12,1999,December,12,1999-12-12
1999-12-19,1999,December,19,1999-12-19
1999-12-26,1999,December,26,1999-12-26
2000-01-02,2000,January,2,2000-01-01
2000-01-09,2000,January,9,2000-01-09
2000-01-16,2000,January,16,2000-01-16
2000-01-23,2000,January,23,2000-01-23
2000-01-30,2000,January,30,2000-01-30
2000-02-06,2000,February,6,2000-02-01
2000-02-13,2000,February,13,2000-02-13
2000-02-20,2000,February,20,2000-02-20
2000-02-27,2000,February,27,2000-02-27
2000-03-05,2000,March,5,2000-03-01
2000-03-12,2000,March,12,2000-03-12
2000-03-19,2000,March,19,2000-03-19
2000-03-26,2000,March,26,2000-03-26
2000-04-02,2000,April,2,2000-04-01
2000-04-09,2000,April,9,2000-04-09
2000-04-16,2000,April,16,2000-04-16
2000-04-23,2000,April,23,2000-04-23
2000-04-30,2000,April,30,2000-04-30
2000-05-07,2000,May,7,2000-05-01
2000-05-14,2000,May,14,2000-05-14
2000-05-21,2000,May,21,2000-05-21
2000-05-28,2000,May,28,2000-05-28
2000-06-04,2000,June,4,2000-06-01
2000-06-11,2000,June,11,2000-06-11
2000-06-18,2000,June,18,2000-06-18
2000-06-25,2000,June,25,2000-06-25
2000-07-02,2000,July,2,2000-07-01
2000-07-09,2000,July,9,2000-07-09
2000-07-16,2000,July,16,2000-07-16
2000-07-23,2000,July,23,2000-07-23
2000-07-30,2000,July,30,2000-07-30
2000-08-06,2000,August,6,2000-08-01
2000-08-13,2000,August,13,2000-08-13
2000-08-20,2000,August,20,2000-08-20
2000-08-27,2000,August,27,2000-08-27
2000-09-03,2000,September,3,2000-09-01
2000-09-10,2000,September,10,2000-09-10
2000-09-17,2000,September,17,2000-09-17
2000-09-24,2000,September,24,2000-09-24
2000-10-01,2000,October,1,2000-10-01
2000-10-08,2000,October,8,2000-10-08
2000-10-15,2000,October,15,2000-10-15
2000-10-22,2000,October,22,2000-10-22
2000-10-29,2000,October,29,2000-10-29
2000-11-05,2000,November,5,2000-11-01
2000-11-12,2000,November,12,2000-11-12
2000-11-19,2000,November,19,2000-11-19
2000-11-26,2000,November,26,2000-11-26
2000-12-03,2000,December,3,2000-12-01
2000-12-10,2000,December,10,2000-12-10
2000-12-17,2000,December,17,2000-12-17
2000-12-24,2000,December,24,2000-12-24
2000-12-31,2000,December,31,2000-12-31
2001-01-07,2001,January,7,2001-01-01
2001-01-14,2001,January,14,2001-01-14
2001-01-21,2001,January,21,2001-01-21
2001-01-28,2001,January,28,2001-01-28
2001-02-04,2001,February,4,2001-02-01
2001-02-11,2001,February,11,2001-02-11
2001-02-18,2001,February,18,2001-02-18
2001-02-25,2001,February,25,2001-02-25
2001-03-04,2001,March,4,2001-03-01
2001-03-11,2001,March,11,2001-03-11
2001-03-18,2001,March,18,2001-03-18
2001-03-25,2001,March,25,2001-03-25
2001-04-01,2001,April,1,2001-04-01
2001-04-08,2001,April,8,2001-04-08
2001-04-15,2001,April,15,2001-04-15
2001-04-22,2001,April,22,2001-04-22
2001-04-29,2001,April,29,2001-04-29
2001-05-06,2001,May,6,2001-05-01
2001-05-13,2001,May,13,2001-05-13
2001-05-20,2001,May,20,2001-05-20
2001-05-27,2001,May,27,2001-05-27
2001-06-03,2001,June,3,2001-06-01
2001-06-10,2001,June,10,2001-06-10
2001-06-17,2001,June,17,2001-06-17
2001-06-24,2001,June,24,2001-06-24
2001-07-01,2001,July,1,2001-07-01
2001-07-08,2001,July,8,2001-07-08
2001-07-15,2001,July,15,2001-07-15
2001-07-22,2001,July,22,2001-07-22
2001-07-29,2001,July,29,2001-07-29
2001-08-05,2001,August,5,2001-08-01
2001-08-12,2001,August,12,2001-08-12
2001-08-19,2001,August,19,2001-08-19
2001-08-26,2001,August,26,2001-08-26
2001-09-02,2001,September,2,2001-09-01
2001-09-09,2001,September,9,2001-09-09
2001-09-16,2001,September,16,2001-09-16
2001-09-23,2001,September,23,2001-09-23
2001-09-30,2001,September,30,2001-09-30
2001-10-07,2001,October,7,2001-10-01
2001-10-14,2001,October,14,2001-10-14
2001-10-21,2001,October,21,2001-10-21
2001-10-28,2001,October,28,2001-10-28
2001-11-04,2001,November,4,2001-11-01
2001-11-11,2001,November,11,2001-11-11
2001-11-18,2001,November,18,2001-11-18
2001-11-25,2001,November,25,2001-11-25
2001-12-02,2001,December,2,2001-12-01
2001-12-09,2001,December,9,2001-12-09
2001-12-16,2001,December,16,2001-12-16
2001-12-23,2001,December,23,2001-12-23
2001-12-30,2001,December,30,2001-12-30
2002-01-06,2002,January,6,2002-01-01
2002-01-13,2002,January,13,2002-01-13
2002-01-20,2002,January,20,2002-01-20
2002-01-27,2002,January,27,2002-01-27
2002-02-03,2002,February,3,2002-02-01
2002-02-10,2002,February,10,2002-02-10
2002-02-17,2002,February,17,2002-02-17
2002-02-24,2002,February,24,2002-02-24
2002-03-03,2002,March,3,2002-03-01
2002-03-10,2002,March,10,2002-03-10
2002-03-17,2002,March,17,2002-03-17
2002-03-24,2002,March,24,2002-03-24
2002-03-31,2002,March,31,2002-03-31
2002-04-07,2002,April,7,2002-04-01
2002-04-14,2002,April,14,2002-04-14
2002-04-21,2002,April,21,2002-04-21
2002-04-28,2002,April,28,2002-04-28
2002-05-05,2002,May,5,2002-05-01
2002-05-12,2002,May,12,2002-05-12
2002-05-19,2002,May,19,2002-05-19
2002-05-26,2002,May,26,2002-05-26
2002-06-02,2002,June,2,2002-06-01
2002-06-09,2002,June,9,2002-06-09
2002-06-16,2002,June,16,2002-06-16
2002-06-23,2002,June,23,2002-06-23
2002-06-30,2002,June,30,2002-06-30
2002-07-07,2002,July,7,2002-07-01
2002-07-14,2002,July,14,2002-07-14
2002-07-21,2002,July,21,2002-07-21
2002-07-28,2002,July,28,2002-07-28
2002-08-04,2002,August,4,2002-08-01
2002-08-11,2002,August,11,2002-08-11
2002-08-18,2002,August,18,2002-08-18
2002-08-25,2002,August,25,2002-08-25
2002-09-01,2002,September,1,2002-09-01
2002-09-08,2002,September,8,2002-09-08
2002-09-15,2002,September,15,2002-09-15
2002-09-22,2002,September,22,2002-09-22
2002-09-29,2002,September,29,2002-09-29
2002-10-06,2002,October,6,2002-10-01
2002-10-13,2002,October,13,2002-10-13
2002-10-20,2002,October,20,2002-10-20
2002-10-27,2002,October,27,2002-10-27
2002-11-03,2002,November,3,2002-11-01
2002-11-10,2002,November,10,2002-11-10
2002-11-17,2002,November,17,2002-11-17
2002-11-24,2002,November,24,2002-11-24
2002-12-01,2002,December,1,2002-12-01
2002-12-08,2002,December,8,2002-12-08
2002-12-15,2002,December,15,2002-12-15
2002-12-22,2002,December,22,2002-12-22
2002-12-29,2002,December,29,2002-12-29
2003-01-05,2003,January,5,2003-01-01
2003-01-12,2003,January,12,2003-01-12
2003-01-19,2003,January,19,2003-01-19
2003-01-26,2003,January,26,2003-01-26
2003-02-02,2003,February,2,2003-02-01
2003-02-09,2003,February,9,2003-02-09
2003-02-16,2003,February,16,2003-02-16
2003-02-23,2003,February,23,2003-02-23
2003-03-02,2003,March,2,2003-03-01
2003-03-09,2003,March,9,2003-03-09
2003-03-16,2003,March,16,2003-03-16
2003-03-23,2003,March,23,2003-03-23
2003-03-30,2003,March,30,2003-03-30
2003-04-06,2003,April,6,2003-04-01
2003-04-13,2003,April,13,2003-04-13
2003-04-20,2003,April,20,2003-04-20
2003-04-27,2003,April,27,2003-04-27
2003-05-04,2003,May,4,2003-05-01
2003-05-11,2003,May,11,2003-05-11
2003-05-18,2003,May,18,2003-05-18
2003-05-25,2003,May,25,2003-05-25
2003-06-01,2003,June,1,2003-06-01
2003-06-08,2003,June,8,2003-06-08
2003-06-15,2003,June,15,2003-06-15
2003-06-22,2003,June,22,2003-06-22
2003-06-29,2003,June,29,2003-06-29
2003-07-06,2003,July,6,2003-07-01
2003-07-13,2003,July,13,2003-07-13
2003-07-20,2003,July,20,2003-07-20
2003-07-27,2003,July,27,2003-07-27
2003-08-03,2003,August,3,2003-08-01
2003-08-10,2003,August,10,2003-08-10
2003-08-17,2003,August,17,2003-08-17
2003-08-24,2003,August,24,2003-08-24
2003-08-31,2003,August,31,2003-08-31
2003-09-07,2003,September,7,2003-09-01
2003-09-14,2003,September,14,2003-09-14
2003-09-21,2003,September,21,2003-09-21
2003-09-28,2003,September,28,2003-09-28
2003-10-05,2003,October,5,2003-10-01
2003-10-12,2003,October,12,2003-10-12
2003-10-19,2003,October,19,2003-10-19
2003-10-26,2003,October,26,2003-10-26
2003-11-02,2003,November,2,2003-11-01
2003-11-09,2003,November,9,2003-11-09
2003-11-16,2003,November,16,2003-11-16
2003-11-23,2003,November,23,2003-11-23
2003-11-30,2003,November,30,2003-11-30
2003-12-07,2003,December,7,2003-12-01
2003-12-14,2003,December,14,2003-12-14
2003-12-21,2003,December,21,2003-12-21
2003-12-28,2003,December,28,2003-12-28
2004-01-04,2004,January,4,2004-01-01
2004-01-11,2004,January,11,2004-01-11
2004-01-18,2004,January,18,2004-01-18
2004-01-25,2004,January,25,2004-01-25
2004-02-01,2004,February,1,2004-02-01
2004-02-08,2004,February,8,2004-02-08
2004-02-15,2004,February,15,2004-02-15
2004-02-22,2004,February,22,2004-02-22
2004-02-29,2004,February,29,2004-02-29
2004-03-07,2004,March,7,2004-03-01
2004-03-14,2004,March,14,2004-03-14
2004-03-21,2004,March,21,2004-03-21
2004-03-28,2004,March,28,2004-03-28
2004-04-04,2004,April,4,2004-04-01
2004-04-11,2004,April,11,2004-04-11
2004-04-18,2004,April,18,2004-04-18
2004-04-25,2004,April,25,2004-04-25
2004-05-02,2004,May,2,2004-05-01
2004-05-09,2004,May,9,2004-05-09
2004-05-16,2004,May,16,2004-05-16
2004-05-23,2004,May,23,2004-05-23
2004-05-30,2004,May,30,2004-05-30
2004-06-06,2004,June,6,2004-06-01
2004-06-13,2004,June,13,2004-06-13
2004-06-20,2004,June,20,2004-06-20
2004-06-27,2004,June,27,2004-06-27
2004-07-04,2004,July,4,2004-07-01
2004-07-11,2004,July,11,2004-07-11
2004-07-18,2004,July,18,2004-07-18
2004-07-25,2004,July,25,2004-07-25
2004-08-01,2004,August,1,2004-08-01
2004-08-08,2004,August,8,2004-08-08
2004-08-15,2004,August,15,2004-08-15
2004-08-22,2004,August,22,2004-08-22
2004-08-29,2004,August,29,2004-08-29
2004-09-05,2004,September,5,2004-09-01
2004-09-12,2004,September,12,2004-09-12
2004-09-19,2004,September,19,2004-09-19
2004-09-26,2004,September,26,2004-09-26
2004-10-03,2004,October,3,2004-10-01
2004-10-10,2004,October,10,2004-10-10
2004-10-17,2004,October,17,2004-10-17
2004-10-24,2004,October,24,2004-10-24
2004-10-31,2004,October,31,2004-10-31
2004-11-07,2004,November,7,2004-11-01
2004-11-14,2004,November,14,2004-11-14
2004-11-21,2004,November,21,2004-11-21
2004-11-28,2004,November,28,2004-11-28
2004-12-05,2004,December,5,2004-12-01
2004-12-12,2004,December,12,2004-12-12
2004-12-19,2004,December,19,2004-12-19
2004-12-26,2004,December,26,2004-12-26
2005-01-02,2005,January,2,2005-01-01
2005-01-09,2005,January,9,2005-01-09
2005-01-16,2005,January,16,2005-01-16
2005-01-23,2005,January,23,2005-01-23
2005-01-30,2005,January,30,2005-01-30
2005-02-06,2005,February,6,2005-02-01
2005-02-13,2005,February,13,2005-02-13
2005-02-20,2005,February,20,2005-02-20
2005-02-27,2005,February,27,2005-02-27
2005-03-06,2005,March,6,2005-03-01
2005-03-13,2005,March,13,2005-03-13
2005-03-20,2005,March,20,2005-03-20
2005-03-27,2005,March,27,2005-03-27
2005-04-03,2005,April,3,2005-04-01
2005-04-10,2005,April,10,2005-04-10
2005-04-17,2005,April,17,2005-04-17
2005-04-24,2005,April,24,2005-04-24
2005-05-01,2005,May,1,2005-05-01
2005-05-08,2005,May,8,2005-05-08
2005-05-15,2005,May,15,2005-05-15
2005-05-22,2005,May,22,2005-05-22
2005-05-29,2005,May,29,2005-05-29
2005-06-05,2005,June,5,2005-06-01
2005-06-12,2005,June,12,2005-06-12
2005-06-19,2005,June,19,2005-06-19
2005-06-26,2005,June,26,2005-06-26
2005-07-03,2005,July,3,2005-07-01
2005-07-10,2005,July,10,2005-07-10
2005-07-17,2005,July,17,2005-07-17
2005-07-24,2005,July,24,2005-07-24
2005-07-31,2005,July,31,2005-07-31
2005-08-07,2005,August,7,2005-08-01
2005-08-14,2005,August,14,2005-08-14
2005-08-21,2005,August,21,2005-08-21
2005-08-28,2005,August,28,2005-08-28
2005-09-04,2005,September,4,2005-09-01
2005-09-11,2005,September,11,2005-09-11
2005-09-18,2005,September,18,2005-09-18
2005-09-25,2005,September,25,2005-09-25
2005-10-02,2005,October,2,2005-10-01
2005-10-09,2005,October,9,2005-10-09
2005-10-16,2005,October,16,2005-10-16
2005-10-23,2005,October,23,2005-10-23
2005-10-30,2005,October,30,2005-10-30
2005-11-06,2005,November,6,2005-11-01
2005-11-13,2005,November,13,2005-11-13
2005-11-20,2005,November,20,2005-11-20
2005-11-27,2005,November,27,2005-11-27
2005-12-04,2005,December,4,2005-12-01
2005-12-11,2005,December,11,2005-12-11
2005-12-18,2005,December,18,2005-12-18
2005-12-25,2005,December,25,2005-12-25
2006-01-01,2006,January,1,2006-01-01
2006-01-08,2006,January,8,2006-01-08
2006-01-15,2006,January,15,2006-01-15
2006-01-22,2006,January,22,2006-01-22
2006-01-29,2006,January,29,2006-01-29
2006-02-05,2006,February,5,2006-02-01
2006-02-12,2006,February,12,2006-02-12
2006-02-19,2006,February,19,2006-02-19
2006-02-26,2006,February,26,2006-02-26
2006-03-05,2006,March,5,2006-03-01
2006-03-12,2006,March,12,2006-03-12
2006-03-19,2006,March,19,2006-03-19
2006-03-26,2006,March,26,2006-03-26
2006-04-02,2006,April,2,2006-04-01
2006-04-09,2006,April,9,2006-04-09
2006-04-16,2006,April,16,2006-04-16
2006-04-23,2006,April,23,2006-04-23
2006-04-30,2006,April,30,2006-04-30
2006-05-07,2006,May,7,2006-05-01
2006-05-14,2006,May,14,2006-05-14
2006-05-21,2006,May,21,2006-05-21
2006-05-28,2006,May,28,2006-05-28
2006-06-04,2006,June,4,2006-06-01
2006-06-11,2006,June,11,2006-06-11
2006-06-18,2006,June,18,2006-06-18
2006-06-25,2006,June,25,2006-06-25
2006-07-02,2006,July,2,2006-07-01
2006-07-09,2006,July,9,2006-07-09
2006-07-16,2006,July,16,2006-07-16
2006-07-23,2006,July,23,2006-07-23
2006-07-30,2006,July,30,2006-07-30
2006-08-06,2006,August,6,2006-08-01
2006-08-13,2006,August,13,2006-08-13
2006-08-20,2006,August,20,2006-08-20
2006-08-27,2006,August,27,2006-08-27
2006-09-03,2006,September,3,2006-09-01
2006-09-10,2006,September,10,2006-09-10
2006-09-17,2006,September,17,2006-09-17
2006-09-24,2006,September,24,2006-09-24
2006-10-01,2006,October,1,2006-10-01
2006-10-08,2006,October,8,2006-10-08
2006-10-15,2006,October,15,2006-10-15
2006-10-22,2006,October,22,2006-10-22
2006-10-29,2006,October,29,2006-10-29
2006-11-05,2006,November,5,2006-11-01
2006-11-12,2006,November,12,2006-11-12
2006-11-19,2006,November,19,2006-11-19
2006-11-26,2006,November,26,2006-11-26
2006-12-03,2006,December,3,2006-12-01
2006-12-10,2006,December,10,2006-12-10
2006-12-17,2006,December,17,2006-12-17
2006-12-24,2006,December,24,2006-12-24
2006-12-31,2006,December,31,2006-12-31
2007-01-07,2007,January,7,2007-01-01
2007-01-14,2007,January,14,2007-01-14
2007-01-21,2007,January,21,2007-01-21
2007-01-28,2007,January,28,2007-01-28
2007-02-04,2007,February,4,2007-02-01
2007-02-11,2007,February,11,2007-02-11
2007-02-18,2007,February,18,2007-02-18
2007-02-25,2007,February,25,2007-02-25
2007-03-04,2007,March,4,2007-03-01
2007-03-11,2007,March,11,2007-03-11
2007-03-18,2007,March,18,2007-03-18
2007-03-25,2007,March,25,2007-03-25
2007-04-01,2007,April,1,2007-04-01
2007-04-08,2007,April,8,2007-04-08
2007-04-15,2007,April,15,2007-04-15
2007-04-22,2007,April,22,2007-04-22
2007-04-29,2007,April,29,2007-04-29
2007-05-06,2007,May,6,2007-05-01
2007-05-13,2007,May,13,2007-05-13
2007-05-20,2007,May,20,2007-05-20
2007-05-27,2007,May,27,2007-05-27
2007-06-03,2007,June,3,2007-06-01
2007-06-10,2007,June,10,2007-06-10
2007-06-17,2007,June,17,2007-06-17
2007-06-24,2007,June,24,2007-06-24
2007-07-01,2007,July,1,2007-07-01
2007-07-08,2007,July,8,2007-07-08
2007-07-15,2007,July,15,2007-07-15
2007-07-22,2007,July,22,2007-07-22
2007-07-29,2007,July,29,2007-07-29
2007-08-05,2007,August,5,2007-08-01
2007-08-12,2007,August,12,2007-08-12
2007-08-19,2007,August,19,2007-08-19
2007-08-26,2007,August,26,2007-08-26
2007-09-02,2007,September,2,2007-09-01
2007-09-09,2007,September,9,2007-09-09
2007-09-16,2007,September,16,2007-09-16
2007-09-23,2007,September,23,2007-09-23
2007-09-30,2007,September,30,2007-09-30
2007-10-07,2007,October,7,2007-10-01
2007-10-14,2007,October,14,2007-10-14
2007-10-21,2007,October,21,2007-10-21
2007-10-28,2007,October,28,2007-10-28
2007-11-04,2007,November,4,2007-11-01
2007-11-11,2007,November,11,2007-11-11
2007-11-18,2007,November,18,2007-11-18
2007-11-25,2007,November,25,2007-11-25
2007-12-02,2007,December,2,2007-12-01
2007-12-09,2007,December,9,2007-12-09
2007-12-16,2007,December,16,2007-12-16
2007-12-23,2007,December,23,2007-12-23
2007-12-30,2007,December,30,2007-12-30
2008-01-06,2008,January,6,2008-01-01
2008-01-13,2008,January,13,2008-01-13
2008-01-20,2008,January,20,2008-01-20
2008-01-27,2008,January,27,2008-01-27
2008-02-03,2008,February,3,2008-02-01
2008-02-10,2008,February,10,2008-02-10
2008-02-17,2008,February,17,2008-02-17
2008-02-24,2008,February,24,2008-02-24
2008-03-02,2008,March,2,2008-03-01
2008-03-09,2008,March,9,2008-03-09
2008-03-16,2008,March,16,2008-03-16
2008-03-23,2008,March,23,2008-03-23
2008-03-30,2008,March,30,2008-03-30
2008-04-06,2008,April,6,2008-04-01
2008-04-13,2008,April,13,2008-04-13
2008-04-20,2008,April,20,2008-04-20
2008-04-27,2008,April,27,2008-04-27
2008-05-04,2008,May,4,2008-05-01
2008-05-11,2008,May,11,2008-05-11
2008-05-18,2008,May,18,2008-05-18
2008-05-25,2008,May,25,2008-05-25
2008-06-01,2008,June,1,2008-06-01
2008-06-08,2008,June,8,2008-06-08
2008-06-15,2008,June,15,2008-06-15
2008-06-22,2008,June,22,2008-06-22
2008-06-29,2008,June,29,2008-06-29
2008-07-06,2008,July,6,2008-07-01
2008-07-13,2008,July,13,2008-07-13
2008-07-20,2008,July,20,2008-07-20
2008-07-27,2008,July,27,2008-07-27
2008-08-03,2008,August,3,2008-08-01
2008-08-10,2008,August,10,2008-08-10
2008-08-17,2008,August,17,2008-08-17
2008-08-24,2008,August,24,2008-08-24
2008-08-31,2008,August,31,2008-08-31
2008-09-07,2008,September,7,2008-09-01
2008-09-14,2008,September,14,2008-09-14
2008-09-21,2008,September,21,2008-09-21
2008-09-28,2008,September,28,2008-09-28
2008-10-05,2008,October,5,2008-10-01
2008-10-12,2008,October,12,2008-10-12
2008-10-19,2008,October,19,2008-10-19
2008-10-26,2008,October,26,2008-10-26
2008-11-02,2008,November,2,2008-11-01
2008-11-09,2008,November,9,2008-11-09
2008-11-16,2008,November,16,2008-11-16
2008-11-23,2008,November,23,2008-11-23
2008-11-30,2008,November,30,2008-11-30
2008-12-07,2008,December,7,2008-12-01
2008-12-14,2008,December,14,2008-12-14
2008-12-21,2008,December,21,2008-12-21
2008-12-28,2008,December,28,2008-12-28
2009-01-04,2009,January,4,2009-01-01
2009-01-11,2009,January,11,2009-01-11
2009-01-18,2009,January,18,2009-01-18
2009-01-25,2009,January,25,2009-01-25
2009-02-01,2009,February,1,2009-02-01
2009-02-08,2009,February,8,2009-02-08
2009-02-15,2009,February,15,2009-02-15
2009-02-22,2009,February,22,2009-02-22
2009-03-01,2009,March,1,2009-03-01
2009-03-08,2009,March,8,2009-03-08
2009-03-15,2009,March,15,2009-03-15
2009-03-22,2009,March,22,2009-03-22
2009-03-29,2009,March,29,2009-03-29
2009-04-05,2009,April,5,2009-04-01
2009-04-12,2009,April,12,2009-04-12
2009-04-19,2009,April,19,2009-04-19
2009-04-26,2009,April,26,2009-04-26
2009-05-03,2009,May,3,2009-05-01
2009-05-10,2009,May,10,2009-05-10
2009-05-17,2009,May,17,2009-05-17
2009-05-24,2009,May,24,2009-05-24
2009-05-31,2009,May,31,2009-05-31
2009-06-07,2009,June,7,2009-06-01
2009-06-14,2009,June,14,2009-06-14
2009-06-21,2009,June,21,2009-06-21
2009-06-28,2009,June,28,2009-06-28
2009-07-05,2009,July,5,2009-07-01
2009-07-12,2009,July,12,2009-07-12
2009-07-19,2009,July,19,2009-07-19
2009-07-26,2009,July,26,2009-07-26
2009-08-02,2009,August,2,2009-08-01
2009-08-09,2009,August,9,2009-08-09
2009-08-16,2009,August,16,2009-08-16
2009-08-23,2009,August,23,2009-08-23
2009-08-30,2009,August,30,2009-08-30
2009-09-06,2009,September,6,2009-09-01
2009-09-13,2009,September,13,2009-09-13
2009-09-20,2009,September,20,2009-09-20
2009-09-27,2009,September,27,2009-09-27
2009-10-04,2009,October,4,2009-10-01
2009-10-11,2009,October,11,2009-10-11
2009-10-18,2009,October,18,2009-10-18
2009-10-25,2009,October,25,2009-10-25
2009-11-01,2009,November,1,2009-11-01
2009-11-08,2009,November,8,2009-11-08
2009-11-15,2009,November,15,2009-11-15
2009-11-22,2009,November,22,2009-11-22
2009-11-29,2009,November,29,2009-11-29
2009-12-06,2009,December,6,2009-12-01
2009-12-13,2009,December,13,2009-12-13
2009-12-20,2009,December,20,2009-12-20
2009-12-27,2009,December,27,2009-12-27
2010-01-03,2010,January,3,2010-01-01
2010-01-10,2010,January,10,2010-01-10
2010-01-17,2010,January,17,2010-01-17
2010-01-24,2010,January,24,2010-01-24
2010-01-31,2010,January,31,2010-01-31
2010-02-07,2010,February,7,2010-02-01
2010-02-14,2010,February,14,2010-02-14
2010-02-21,2010,February,21,2010-02-21
2010-02-28,2010,February,28,2010-02-28
2010-03-07,2010,March,7,2010-03-01
2010-03-14,2010,March,14,2010-03-14
2010-03-21,2010,March,21,2010-03-21
2010-03-28,2010,March,28,2010-03-28
2010-04-04,2010,April,4,2010-04-01
2010-04-11,2010,April,11,2010-04-11
2010-04-18,2010,April,18,2010-04-18
2010-04-25,2010,April,25,2010-04-25
2010-05-02,2010,May,2,2010-05-01
2010-05-09,2010,May,9,2010-05-09
2010-05-16,2010,May,16,2010-05-16
2010-05-23,2010,May,23,2010-05-23
2010-05-30,2010,May,30,2010-05-30
2010-06-06,2010,June,6,2010-06-01
2010-06-13,2010,June,13,2010-06-13
2010-06-20,2010,June,20,2010-06-20
2010-06-27,2010,June,27,2010-06-27
2010-07-04,2010,July,4,2010-07-01
2010-07-11,2010,July,11,2010-07-11
2010-07-18,2010,July,18,2010-07-18
2010-07-25,2010,July,25,2010-07-25
2010-08-01,2010,August,1,2010-08-01
2010-08-08,2010,August,8,2010-08-08
2010-08-15,2010,August,15,2010-08-15
2010-08-22,2010,August,22,2010-08-22
2010-08-29,2010,August,29,2010-08-29
2010-09-05,2010,September,5,2010-09-01
2010-09-12,2010,September,12,2010-09-12
2010-09-19,2010,September,19,2010-09-19
2010-09-26,2010,September,26,2010-09-26
2010-10-03,2010,October,3,2010-10-01
2010-10-10,2010,October,10,2010-10-10
2010-10-17,2010,October,17,2010-10-17
2010-10-24,2010,October,24,2010-10-24
2010-10-31,2010,October,31,2010-10-31
2010-11-07,2010,November,7,2010-11-01
2010-11-14,2010,November,14,2010-11-14
2010-11-21,2010,November,21,2010-11-21
2010-11-28,2010,November,28,2010-11-28
2010-12-05,2010,December,5,2010-12-01
2010-12-12,2010,December,12,2010-12-12
2010-12-19,2010,December,19,2010-12-19
2010-12-26,2010,December,26,2010-12-26
